orig_index,perplexity,ppl_tokens,model
0,17.707252886958024,525,EleutherAI/pythia-1.4b
1,17.735683762445326,711,EleutherAI/pythia-1.4b
2,20.146773034931545,243,EleutherAI/pythia-1.4b
3,21.60414673824607,966,EleutherAI/pythia-1.4b
4,7.387599326365151,119,EleutherAI/pythia-1.4b
5,5.472668813146729,470,EleutherAI/pythia-1.4b
6,22.827864139433576,267,EleutherAI/pythia-1.4b
7,5.563720888139907,633,EleutherAI/pythia-1.4b
8,71.40934923858052,386,EleutherAI/pythia-1.4b
9,13.710787031340397,1068,EleutherAI/pythia-1.4b
10,22.106837409615295,591,EleutherAI/pythia-1.4b
11,23.857653657576005,609,EleutherAI/pythia-1.4b
12,15.627337252094877,455,EleutherAI/pythia-1.4b
13,3.4700255722733218,419,EleutherAI/pythia-1.4b
14,6.04826772710569,179,EleutherAI/pythia-1.4b
15,185.52282306147168,41,EleutherAI/pythia-1.4b
16,16.246884431496497,654,EleutherAI/pythia-1.4b
17,17.62552347847793,688,EleutherAI/pythia-1.4b
18,13.331385013850863,102,EleutherAI/pythia-1.4b
19,7.5584199179212455,363,EleutherAI/pythia-1.4b
20,4.614836734602536,293,EleutherAI/pythia-1.4b
21,14.153884765100612,797,EleutherAI/pythia-1.4b
22,6.378706634364731,168,EleutherAI/pythia-1.4b
23,45.48959705032055,73,EleutherAI/pythia-1.4b
24,9.750687443359874,961,EleutherAI/pythia-1.4b
25,3.955831165885591,267,EleutherAI/pythia-1.4b
26,6.56841921613537,319,EleutherAI/pythia-1.4b
27,25.159209642833552,252,EleutherAI/pythia-1.4b
28,18.490340997083365,514,EleutherAI/pythia-1.4b
29,11.868467097214554,376,EleutherAI/pythia-1.4b
30,13.320827207766724,377,EleutherAI/pythia-1.4b
31,4.138126478711089,560,EleutherAI/pythia-1.4b
32,13.270662766937866,640,EleutherAI/pythia-1.4b
33,5.227107498930779,212,EleutherAI/pythia-1.4b
34,5.534478499725816,549,EleutherAI/pythia-1.4b
35,4.308108432559722,267,EleutherAI/pythia-1.4b
36,4.997914422870961,262,EleutherAI/pythia-1.4b
37,12.361899383343262,347,EleutherAI/pythia-1.4b
38,9.050912674028192,335,EleutherAI/pythia-1.4b
39,13.060600531378457,495,EleutherAI/pythia-1.4b
40,16.192640772008478,615,EleutherAI/pythia-1.4b
41,7.4414698931475405,187,EleutherAI/pythia-1.4b
42,29.618922456458616,405,EleutherAI/pythia-1.4b
43,25.146807961613202,66,EleutherAI/pythia-1.4b
44,16.99362539364247,97,EleutherAI/pythia-1.4b
45,49.30334337447539,109,EleutherAI/pythia-1.4b
46,18.315072971910975,86,EleutherAI/pythia-1.4b
47,32.844782925062695,247,EleutherAI/pythia-1.4b
48,4.270367345551682,425,EleutherAI/pythia-1.4b
49,17.653259131804365,514,EleutherAI/pythia-1.4b
50,10.716953074645218,674,EleutherAI/pythia-1.4b
51,12.876269793657134,615,EleutherAI/pythia-1.4b
52,8.950381588747945,286,EleutherAI/pythia-1.4b
53,12.584815506724073,977,EleutherAI/pythia-1.4b
54,14.49088872595124,385,EleutherAI/pythia-1.4b
55,11.204693149195869,507,EleutherAI/pythia-1.4b
56,20.12440658193443,433,EleutherAI/pythia-1.4b
57,35.90470992566202,223,EleutherAI/pythia-1.4b
58,3.4489024971043323,443,EleutherAI/pythia-1.4b
59,6.81612344367215,128,EleutherAI/pythia-1.4b
60,3.943837036853662,378,EleutherAI/pythia-1.4b
61,16.76576545747036,43,EleutherAI/pythia-1.4b
62,22.589528922500822,580,EleutherAI/pythia-1.4b
63,11.77195698902296,600,EleutherAI/pythia-1.4b
64,5.546076702839403,224,EleutherAI/pythia-1.4b
65,16.661720918643745,775,EleutherAI/pythia-1.4b
66,3.9936997643315584,344,EleutherAI/pythia-1.4b
67,19.829674299173707,391,EleutherAI/pythia-1.4b
68,23.55796832224481,515,EleutherAI/pythia-1.4b
69,22.238838841266244,520,EleutherAI/pythia-1.4b
70,11.333078970662944,199,EleutherAI/pythia-1.4b
71,24.862995539424865,118,EleutherAI/pythia-1.4b
72,10.335968919619411,672,EleutherAI/pythia-1.4b
73,12.365015078873228,507,EleutherAI/pythia-1.4b
74,3.797887079905156,317,EleutherAI/pythia-1.4b
75,8.905474947369209,428,EleutherAI/pythia-1.4b
76,13.715213845045858,492,EleutherAI/pythia-1.4b
77,35.90478696889399,58,EleutherAI/pythia-1.4b
78,4.8517137548780935,219,EleutherAI/pythia-1.4b
79,33.065204704166476,46,EleutherAI/pythia-1.4b
80,11.140433102753168,1030,EleutherAI/pythia-1.4b
81,4.094514618536855,289,EleutherAI/pythia-1.4b
82,14.753532475030788,339,EleutherAI/pythia-1.4b
83,12.09574383450552,459,EleutherAI/pythia-1.4b
84,8.355229342398399,202,EleutherAI/pythia-1.4b
85,15.59727997605602,307,EleutherAI/pythia-1.4b
86,7.799532507762,1037,EleutherAI/pythia-1.4b
87,11.332697992728162,313,EleutherAI/pythia-1.4b
88,25.34853887519718,252,EleutherAI/pythia-1.4b
89,4.9327609743253955,325,EleutherAI/pythia-1.4b
90,26.962157505369404,771,EleutherAI/pythia-1.4b
91,4.4592972363035885,475,EleutherAI/pythia-1.4b
92,4.656881658609281,633,EleutherAI/pythia-1.4b
93,4.654361433927744,347,EleutherAI/pythia-1.4b
94,242.27990936926736,20,EleutherAI/pythia-1.4b
95,18.54927417485578,469,EleutherAI/pythia-1.4b
96,3.806268445862378,415,EleutherAI/pythia-1.4b
97,9.545850156241238,2027,EleutherAI/pythia-1.4b
98,6.404297422711088,121,EleutherAI/pythia-1.4b
99,10.776578544238328,331,EleutherAI/pythia-1.4b
100,6.23167945627279,574,EleutherAI/pythia-1.4b
101,22.207514597955818,462,EleutherAI/pythia-1.4b
102,3.9884415252547285,518,EleutherAI/pythia-1.4b
103,11.479575361459073,569,EleutherAI/pythia-1.4b
104,10.228504532599205,1038,EleutherAI/pythia-1.4b
105,26.192213190172172,41,EleutherAI/pythia-1.4b
106,11.431735013063655,1025,EleutherAI/pythia-1.4b
107,20.030832868639784,532,EleutherAI/pythia-1.4b
108,24.928328059004333,1921,EleutherAI/pythia-1.4b
109,14.727199254536977,677,EleutherAI/pythia-1.4b
110,18.19842407397824,214,EleutherAI/pythia-1.4b
111,28.135928065175687,278,EleutherAI/pythia-1.4b
112,16.124401688438986,828,EleutherAI/pythia-1.4b
113,21.60839143907648,114,EleutherAI/pythia-1.4b
114,51.216859926017634,32,EleutherAI/pythia-1.4b
115,10.243923631534784,721,EleutherAI/pythia-1.4b
116,14.906907036977513,95,EleutherAI/pythia-1.4b
117,30.80117807576833,490,EleutherAI/pythia-1.4b
118,58.55194687427065,152,EleutherAI/pythia-1.4b
119,32.883678060256365,87,EleutherAI/pythia-1.4b
120,11.256093688142776,1295,EleutherAI/pythia-1.4b
121,13.710342467282631,158,EleutherAI/pythia-1.4b
122,34.640059630586414,641,EleutherAI/pythia-1.4b
123,2.5923156346732203,326,EleutherAI/pythia-1.4b
124,21.933257939395006,641,EleutherAI/pythia-1.4b
125,14.415657377714734,287,EleutherAI/pythia-1.4b
126,28.60084410677461,391,EleutherAI/pythia-1.4b
127,3.578273882636364,543,EleutherAI/pythia-1.4b
128,18.689534852911383,675,EleutherAI/pythia-1.4b
129,20.015675686591063,226,EleutherAI/pythia-1.4b
130,12.624604282269386,142,EleutherAI/pythia-1.4b
131,4.078930387193328,292,EleutherAI/pythia-1.4b
132,8.698194726291975,355,EleutherAI/pythia-1.4b
133,2.811296790862514,513,EleutherAI/pythia-1.4b
134,5.80402335624084,153,EleutherAI/pythia-1.4b
135,9.15785523977919,170,EleutherAI/pythia-1.4b
136,9.995273596627293,365,EleutherAI/pythia-1.4b
137,5.4142111447915795,465,EleutherAI/pythia-1.4b
138,11.77672084325673,202,EleutherAI/pythia-1.4b
139,4.923526370953409,416,EleutherAI/pythia-1.4b
140,4.738653353144365,185,EleutherAI/pythia-1.4b
141,27.093019820621205,6864,EleutherAI/pythia-1.4b
142,23.43121122919311,864,EleutherAI/pythia-1.4b
143,15.14659963311483,331,EleutherAI/pythia-1.4b
144,12.711503997797443,232,EleutherAI/pythia-1.4b
145,50.463742680365414,32,EleutherAI/pythia-1.4b
146,12.501064716212873,653,EleutherAI/pythia-1.4b
147,17.056960177430955,667,EleutherAI/pythia-1.4b
148,4.798022846541886,179,EleutherAI/pythia-1.4b
149,9.3984568531947,404,EleutherAI/pythia-1.4b
150,9.870370885682682,505,EleutherAI/pythia-1.4b
151,25.867143083255748,128,EleutherAI/pythia-1.4b
152,20.87392030345388,759,EleutherAI/pythia-1.4b
153,11.434092846571728,555,EleutherAI/pythia-1.4b
154,8.672209361581524,70,EleutherAI/pythia-1.4b
155,4.071926678917383,385,EleutherAI/pythia-1.4b
156,8.684240886004108,346,EleutherAI/pythia-1.4b
157,12.503315185751443,996,EleutherAI/pythia-1.4b
158,4.5449159621815856,249,EleutherAI/pythia-1.4b
159,4.3179415976909254,215,EleutherAI/pythia-1.4b
160,5.254224106556183,181,EleutherAI/pythia-1.4b
161,22.330425418668955,288,EleutherAI/pythia-1.4b
162,3.564882727720283,482,EleutherAI/pythia-1.4b
163,7.3854516833259956,190,EleutherAI/pythia-1.4b
164,13.3535922481454,525,EleutherAI/pythia-1.4b
165,29.45741136138999,62,EleutherAI/pythia-1.4b
166,37.8327050900418,79,EleutherAI/pythia-1.4b
167,16.16942032681352,1409,EleutherAI/pythia-1.4b
168,13.985805561079673,449,EleutherAI/pythia-1.4b
169,7.956710155442847,197,EleutherAI/pythia-1.4b
170,2.019109127783335,801,EleutherAI/pythia-1.4b
171,6.6488782825577495,127,EleutherAI/pythia-1.4b
172,9.966147474567787,477,EleutherAI/pythia-1.4b
173,7.824148990912981,135,EleutherAI/pythia-1.4b
174,18.30296387937467,548,EleutherAI/pythia-1.4b
175,9.299456072644332,270,EleutherAI/pythia-1.4b
176,12.0936128570479,387,EleutherAI/pythia-1.4b
177,7.701464042432119,1090,EleutherAI/pythia-1.4b
178,11.78856162270844,606,EleutherAI/pythia-1.4b
179,6.99421167148741,286,EleutherAI/pythia-1.4b
180,14.851573393683633,396,EleutherAI/pythia-1.4b
181,8.564444283660508,542,EleutherAI/pythia-1.4b
182,14.412090254076452,1057,EleutherAI/pythia-1.4b
183,27.147074648768903,221,EleutherAI/pythia-1.4b
184,4.632415471107103,392,EleutherAI/pythia-1.4b
185,7.0859623767261075,280,EleutherAI/pythia-1.4b
186,35.056366758489396,19,EleutherAI/pythia-1.4b
187,9.380404669486467,392,EleutherAI/pythia-1.4b
188,15.259781087416735,657,EleutherAI/pythia-1.4b
189,10.017596769954311,539,EleutherAI/pythia-1.4b
190,5.206304403087825,412,EleutherAI/pythia-1.4b
191,20.612599389666606,471,EleutherAI/pythia-1.4b
192,8.906007894217113,1046,EleutherAI/pythia-1.4b
193,4.375466678944182,187,EleutherAI/pythia-1.4b
194,21.64789060608623,188,EleutherAI/pythia-1.4b
195,5.816985211362992,117,EleutherAI/pythia-1.4b
196,13.731117792877516,3066,EleutherAI/pythia-1.4b
197,5.580934186060856,770,EleutherAI/pythia-1.4b
198,3.7483648290023344,445,EleutherAI/pythia-1.4b
199,9.958014977680595,1030,EleutherAI/pythia-1.4b
200,33.81857340020864,779,EleutherAI/pythia-1.4b
201,5.743036657330453,304,EleutherAI/pythia-1.4b
202,4.677384812097552,488,EleutherAI/pythia-1.4b
203,325.49278943930733,17,EleutherAI/pythia-1.4b
204,27.623297914669628,253,EleutherAI/pythia-1.4b
205,24.11949878863738,28,EleutherAI/pythia-1.4b
206,21.06937507872735,464,EleutherAI/pythia-1.4b
207,16.776765554209305,1191,EleutherAI/pythia-1.4b
208,3.712645922761451,437,EleutherAI/pythia-1.4b
209,11.446503332603003,1043,EleutherAI/pythia-1.4b
210,11.325823677480459,897,EleutherAI/pythia-1.4b
211,27.53002804960004,452,EleutherAI/pythia-1.4b
212,4.371459004904182,472,EleutherAI/pythia-1.4b
213,22.612413843875927,454,EleutherAI/pythia-1.4b
214,24.432780959596577,864,EleutherAI/pythia-1.4b
215,17.781982917818954,328,EleutherAI/pythia-1.4b
216,22.695050132299595,254,EleutherAI/pythia-1.4b
217,25.53239490375807,626,EleutherAI/pythia-1.4b
218,3.897309620653773,1094,EleutherAI/pythia-1.4b
219,5.631585011386426,137,EleutherAI/pythia-1.4b
220,12.641347633029975,250,EleutherAI/pythia-1.4b
221,17.451473986600774,1335,EleutherAI/pythia-1.4b
222,18.40415468080841,663,EleutherAI/pythia-1.4b
223,21.612013487525076,693,EleutherAI/pythia-1.4b
224,6.462244422300625,153,EleutherAI/pythia-1.4b
225,30.787639503243973,1063,EleutherAI/pythia-1.4b
226,9.622477267085724,890,EleutherAI/pythia-1.4b
227,11.855856334115723,476,EleutherAI/pythia-1.4b
228,19.290419136177526,98,EleutherAI/pythia-1.4b
229,24.661806389092416,879,EleutherAI/pythia-1.4b
230,5.125376727034322,156,EleutherAI/pythia-1.4b
231,6.84278712922868,144,EleutherAI/pythia-1.4b
232,27.672472502225222,911,EleutherAI/pythia-1.4b
233,15.95999589438899,691,EleutherAI/pythia-1.4b
234,15.971261924064633,1876,EleutherAI/pythia-1.4b
235,4.70475627676102,493,EleutherAI/pythia-1.4b
236,5.443327438426165,119,EleutherAI/pythia-1.4b
237,4.86300159762004,163,EleutherAI/pythia-1.4b
238,8.478183635943584,192,EleutherAI/pythia-1.4b
239,37.095373207291054,687,EleutherAI/pythia-1.4b
240,13.714432346442276,798,EleutherAI/pythia-1.4b
241,4.062128804957173,600,EleutherAI/pythia-1.4b
242,23.07901777760368,919,EleutherAI/pythia-1.4b
243,21.87399087584016,75,EleutherAI/pythia-1.4b
244,18.112959283022697,393,EleutherAI/pythia-1.4b
245,6.113648607515284,208,EleutherAI/pythia-1.4b
246,17.680115262374937,246,EleutherAI/pythia-1.4b
247,20.68795701930872,791,EleutherAI/pythia-1.4b
248,4.241242573291834,130,EleutherAI/pythia-1.4b
249,3.9727902414498746,462,EleutherAI/pythia-1.4b
250,4.0902810406657615,499,EleutherAI/pythia-1.4b
251,14.831782388514576,299,EleutherAI/pythia-1.4b
252,209.97043675898414,19,EleutherAI/pythia-1.4b
253,46.39175386828003,682,EleutherAI/pythia-1.4b
254,5.029920249563089,354,EleutherAI/pythia-1.4b
255,12.071209882370484,255,EleutherAI/pythia-1.4b
256,3.9974740530228536,561,EleutherAI/pythia-1.4b
257,8.111274788638745,1030,EleutherAI/pythia-1.4b
258,6.451761407313957,163,EleutherAI/pythia-1.4b
259,17.76608321965048,168,EleutherAI/pythia-1.4b
260,13.221787352459812,263,EleutherAI/pythia-1.4b
261,7.663567188563647,259,EleutherAI/pythia-1.4b
262,11.550430926152233,1072,EleutherAI/pythia-1.4b
263,12.772959272402131,297,EleutherAI/pythia-1.4b
264,19.24990145290331,340,EleutherAI/pythia-1.4b
265,16.393443622575358,1555,EleutherAI/pythia-1.4b
266,4.82524427547033,287,EleutherAI/pythia-1.4b
267,17.181786483512628,536,EleutherAI/pythia-1.4b
268,9.940978237573939,411,EleutherAI/pythia-1.4b
269,4.84134774164498,1022,EleutherAI/pythia-1.4b
270,13.27693524245174,350,EleutherAI/pythia-1.4b
271,22.137629068207062,450,EleutherAI/pythia-1.4b
272,8.229756079397562,202,EleutherAI/pythia-1.4b
273,4.420230082383753,222,EleutherAI/pythia-1.4b
274,9.262779111724779,466,EleutherAI/pythia-1.4b
275,17.524581379587335,1532,EleutherAI/pythia-1.4b
276,10.227643719895969,1029,EleutherAI/pythia-1.4b
277,20.146045586618342,1673,EleutherAI/pythia-1.4b
278,27.294734069097053,302,EleutherAI/pythia-1.4b
279,14.977387118940706,250,EleutherAI/pythia-1.4b
280,4.021288593705531,435,EleutherAI/pythia-1.4b
281,4.4008462883673305,536,EleutherAI/pythia-1.4b
282,42.161873946842796,32,EleutherAI/pythia-1.4b
283,26.287530613200786,483,EleutherAI/pythia-1.4b
284,23.45815332879978,390,EleutherAI/pythia-1.4b
285,9.833256664740187,93,EleutherAI/pythia-1.4b
286,17.062481475401334,1980,EleutherAI/pythia-1.4b
287,48.546083550070485,377,EleutherAI/pythia-1.4b
288,38.151072833283706,231,EleutherAI/pythia-1.4b
289,11.197132947637703,1008,EleutherAI/pythia-1.4b
290,15.344575206878085,793,EleutherAI/pythia-1.4b
291,21.29791641860055,437,EleutherAI/pythia-1.4b
292,28.05435496198744,466,EleutherAI/pythia-1.4b
293,13.778400545224414,631,EleutherAI/pythia-1.4b
294,9.813737574550348,251,EleutherAI/pythia-1.4b
295,3.5014721140390526,119,EleutherAI/pythia-1.4b
296,22.745351612383647,98,EleutherAI/pythia-1.4b
297,36.91479056165554,287,EleutherAI/pythia-1.4b
298,26.16832558355317,1069,EleutherAI/pythia-1.4b
299,11.533646008003183,1841,EleutherAI/pythia-1.4b
300,16.472396630475604,232,EleutherAI/pythia-1.4b
301,10.410609316415755,230,EleutherAI/pythia-1.4b
302,7.585457730935139,720,EleutherAI/pythia-1.4b
303,16.441435239660898,703,EleutherAI/pythia-1.4b
304,33.08270250626622,269,EleutherAI/pythia-1.4b
305,56.793644076435776,59,EleutherAI/pythia-1.4b
306,11.577546695023809,455,EleutherAI/pythia-1.4b
307,26.029111724006544,785,EleutherAI/pythia-1.4b
308,16.983442733216137,457,EleutherAI/pythia-1.4b
309,26.530481702293397,227,EleutherAI/pythia-1.4b
310,3.0317255087245463,326,EleutherAI/pythia-1.4b
311,26.912288093115396,597,EleutherAI/pythia-1.4b
312,10.597376091748982,989,EleutherAI/pythia-1.4b
313,9.915477763252564,581,EleutherAI/pythia-1.4b
314,6.420480107383944,221,EleutherAI/pythia-1.4b
315,15.313101115380476,360,EleutherAI/pythia-1.4b
316,11.117322595924469,1260,EleutherAI/pythia-1.4b
317,18.329921243343026,266,EleutherAI/pythia-1.4b
318,4.260924926647665,60,EleutherAI/pythia-1.4b
319,45.807108531395045,239,EleutherAI/pythia-1.4b
320,8.366430126903463,102,EleutherAI/pythia-1.4b
321,3.19116700299551,480,EleutherAI/pythia-1.4b
322,31.265384484122222,128,EleutherAI/pythia-1.4b
323,18.60674928584897,1041,EleutherAI/pythia-1.4b
324,18.981507824775857,394,EleutherAI/pythia-1.4b
325,15.504068034509395,7613,EleutherAI/pythia-1.4b
326,7.728416524893953,198,EleutherAI/pythia-1.4b
327,17.55829830722948,253,EleutherAI/pythia-1.4b
328,4.452475784712056,391,EleutherAI/pythia-1.4b
329,22.146851693316247,485,EleutherAI/pythia-1.4b
330,13.491483696184185,1135,EleutherAI/pythia-1.4b
331,25.140117911375643,55,EleutherAI/pythia-1.4b
332,23.06702001752675,503,EleutherAI/pythia-1.4b
333,21.929869617208517,281,EleutherAI/pythia-1.4b
334,9.433907492217966,162,EleutherAI/pythia-1.4b
335,13.126503573653347,555,EleutherAI/pythia-1.4b
336,5.787138778308243,720,EleutherAI/pythia-1.4b
337,4.098762350502145,377,EleutherAI/pythia-1.4b
338,6.313731259982252,483,EleutherAI/pythia-1.4b
339,47.729063233377126,279,EleutherAI/pythia-1.4b
340,21.20742444001162,172,EleutherAI/pythia-1.4b
341,54.794201971587825,91,EleutherAI/pythia-1.4b
342,12.878004427688555,368,EleutherAI/pythia-1.4b
343,26.640765219961185,255,EleutherAI/pythia-1.4b
344,6.591264209891453,536,EleutherAI/pythia-1.4b
345,9.096880190704159,312,EleutherAI/pythia-1.4b
346,9.25890856275876,1147,EleutherAI/pythia-1.4b
347,23.75110942315053,246,EleutherAI/pythia-1.4b
348,13.853519609883767,753,EleutherAI/pythia-1.4b
349,8.732988024102012,272,EleutherAI/pythia-1.4b
350,21.90894473916527,771,EleutherAI/pythia-1.4b
351,12.231073024389998,245,EleutherAI/pythia-1.4b
352,7.100263411861221,230,EleutherAI/pythia-1.4b
353,24.15703296315634,396,EleutherAI/pythia-1.4b
354,7.112317304624288,1044,EleutherAI/pythia-1.4b
355,41.04313921995558,127,EleutherAI/pythia-1.4b
356,16.95458424102556,3305,EleutherAI/pythia-1.4b
357,9.057706151655346,1039,EleutherAI/pythia-1.4b
358,5.328269755471125,450,EleutherAI/pythia-1.4b
359,23.329908545810007,1508,EleutherAI/pythia-1.4b
360,18.63719315167444,704,EleutherAI/pythia-1.4b
361,21.341711874077742,699,EleutherAI/pythia-1.4b
362,21.187916316164504,180,EleutherAI/pythia-1.4b
363,11.261776434319167,1006,EleutherAI/pythia-1.4b
364,8.190866682910983,1026,EleutherAI/pythia-1.4b
365,13.404971410836705,840,EleutherAI/pythia-1.4b
366,4.762430909092267,266,EleutherAI/pythia-1.4b
367,5.786634497487203,211,EleutherAI/pythia-1.4b
368,6.40428444404456,131,EleutherAI/pythia-1.4b
369,5.474765353213121,419,EleutherAI/pythia-1.4b
370,14.749558217051346,382,EleutherAI/pythia-1.4b
371,4.809556139540774,445,EleutherAI/pythia-1.4b
372,3.84271904467482,457,EleutherAI/pythia-1.4b
373,10.640024976696285,1066,EleutherAI/pythia-1.4b
374,6.21108099029691,56,EleutherAI/pythia-1.4b
375,12.30983975020008,1679,EleutherAI/pythia-1.4b
376,31.71637548003708,177,EleutherAI/pythia-1.4b
377,17.886701822778203,252,EleutherAI/pythia-1.4b
378,24.11404214670676,343,EleutherAI/pythia-1.4b
379,7.659736640341596,351,EleutherAI/pythia-1.4b
380,4.629077909824161,168,EleutherAI/pythia-1.4b
381,25.75709583322269,27,EleutherAI/pythia-1.4b
382,29.2349322322152,388,EleutherAI/pythia-1.4b
383,30.19208786512882,143,EleutherAI/pythia-1.4b
384,52.492558928956356,233,EleutherAI/pythia-1.4b
385,25.951939023794296,496,EleutherAI/pythia-1.4b
386,18.468520298149542,2776,EleutherAI/pythia-1.4b
387,20.994319870781215,223,EleutherAI/pythia-1.4b
388,12.111162063694907,724,EleutherAI/pythia-1.4b
389,16.22932733429876,544,EleutherAI/pythia-1.4b
390,30.62187989560521,73,EleutherAI/pythia-1.4b
391,9.60829136464417,361,EleutherAI/pythia-1.4b
392,31.82626405186324,85,EleutherAI/pythia-1.4b
393,18.22159087036828,660,EleutherAI/pythia-1.4b
394,9.616548645744679,198,EleutherAI/pythia-1.4b
395,41.93156662131717,193,EleutherAI/pythia-1.4b
396,31.0554799272906,60,EleutherAI/pythia-1.4b
397,30.111710242601283,543,EleutherAI/pythia-1.4b
398,65.39860867745944,980,EleutherAI/pythia-1.4b
399,26.41776985547539,1125,EleutherAI/pythia-1.4b
400,12.248249326788795,911,EleutherAI/pythia-1.4b
401,45.738857831450716,231,EleutherAI/pythia-1.4b
402,1.4697955981951478,548,EleutherAI/pythia-1.4b
403,11.735294753144816,1301,EleutherAI/pythia-1.4b
404,2.4412260693600456,520,EleutherAI/pythia-1.4b
405,22.435875628356733,234,EleutherAI/pythia-1.4b
406,26.408292332775524,176,EleutherAI/pythia-1.4b
407,22.628906204775422,328,EleutherAI/pythia-1.4b
408,8.213288749725306,1032,EleutherAI/pythia-1.4b
409,26.312537033094294,159,EleutherAI/pythia-1.4b
410,7.148023296374268,300,EleutherAI/pythia-1.4b
411,18.444215797785226,246,EleutherAI/pythia-1.4b
412,3.8587419120465594,573,EleutherAI/pythia-1.4b
413,39.439297820262965,283,EleutherAI/pythia-1.4b
414,7.38385302373651,537,EleutherAI/pythia-1.4b
415,4.4740002072597225,282,EleutherAI/pythia-1.4b
416,5.730340679444838,357,EleutherAI/pythia-1.4b
417,18.15011932527743,3926,EleutherAI/pythia-1.4b
418,23.30538065310441,402,EleutherAI/pythia-1.4b
419,19.144270475958827,889,EleutherAI/pythia-1.4b
420,28.609942062967946,232,EleutherAI/pythia-1.4b
421,68.76115520182694,14,EleutherAI/pythia-1.4b
422,23.68231676310712,101,EleutherAI/pythia-1.4b
423,20.837750938933432,73,EleutherAI/pythia-1.4b
424,17.88420725135772,331,EleutherAI/pythia-1.4b
425,16.34886471775821,241,EleutherAI/pythia-1.4b
426,6.885832288166663,192,EleutherAI/pythia-1.4b
427,4.408805168482114,1078,EleutherAI/pythia-1.4b
428,15.346056943301,1024,EleutherAI/pythia-1.4b
429,5.447856663483442,207,EleutherAI/pythia-1.4b
430,7.269331931361996,413,EleutherAI/pythia-1.4b
431,21.894668345044593,432,EleutherAI/pythia-1.4b
432,6.565828725205626,783,EleutherAI/pythia-1.4b
433,15.923656198260982,127,EleutherAI/pythia-1.4b
434,6.050159231253531,148,EleutherAI/pythia-1.4b
435,14.4885361320185,1097,EleutherAI/pythia-1.4b
436,17.429373576140808,820,EleutherAI/pythia-1.4b
437,21.709593488816857,797,EleutherAI/pythia-1.4b
438,9.576065931722864,203,EleutherAI/pythia-1.4b
439,6.61961320884242,131,EleutherAI/pythia-1.4b
440,49.992624591307795,216,EleutherAI/pythia-1.4b
441,15.48423466148708,590,EleutherAI/pythia-1.4b
442,6.514549761730966,462,EleutherAI/pythia-1.4b
443,23.179463156138073,656,EleutherAI/pythia-1.4b
444,13.928872210543922,118,EleutherAI/pythia-1.4b
445,16.609117344821545,640,EleutherAI/pythia-1.4b
446,17.829482628342653,1057,EleutherAI/pythia-1.4b
447,51.089449816339965,289,EleutherAI/pythia-1.4b
448,18.696705823412152,320,EleutherAI/pythia-1.4b
449,7.467662039837455,378,EleutherAI/pythia-1.4b
450,3.4562866752491517,816,EleutherAI/pythia-1.4b
451,17.24075763791834,258,EleutherAI/pythia-1.4b
452,15.822445738351835,462,EleutherAI/pythia-1.4b
453,9.088570727618169,1033,EleutherAI/pythia-1.4b
454,6.66483436800702,299,EleutherAI/pythia-1.4b
455,9.14320106009958,427,EleutherAI/pythia-1.4b
456,4.156396214041059,332,EleutherAI/pythia-1.4b
457,8.960446624008545,411,EleutherAI/pythia-1.4b
458,102.61090893777549,39,EleutherAI/pythia-1.4b
459,5.23080827046112,392,EleutherAI/pythia-1.4b
460,3.0566923873109615,385,EleutherAI/pythia-1.4b
461,6.855261930394825,128,EleutherAI/pythia-1.4b
462,17.738648200245727,639,EleutherAI/pythia-1.4b
463,14.550008273912475,317,EleutherAI/pythia-1.4b
464,4.4881234916190795,197,EleutherAI/pythia-1.4b
465,4.094007021656961,185,EleutherAI/pythia-1.4b
466,10.391103550327752,620,EleutherAI/pythia-1.4b
467,8.000104950574915,287,EleutherAI/pythia-1.4b
468,20.07395145403989,457,EleutherAI/pythia-1.4b
469,4.094589299157249,488,EleutherAI/pythia-1.4b
470,13.61358253723537,792,EleutherAI/pythia-1.4b
471,4.491264658002133,490,EleutherAI/pythia-1.4b
472,11.450108987393964,179,EleutherAI/pythia-1.4b
473,20.013933942608578,735,EleutherAI/pythia-1.4b
474,13.380547528163664,478,EleutherAI/pythia-1.4b
475,1.8519642257655753,1027,EleutherAI/pythia-1.4b
476,22.669595210193716,489,EleutherAI/pythia-1.4b
477,5.957209490974472,1012,EleutherAI/pythia-1.4b
478,9.524031857068456,1301,EleutherAI/pythia-1.4b
479,73.40057842955551,71,EleutherAI/pythia-1.4b
480,17.92133337296685,286,EleutherAI/pythia-1.4b
481,12.910249688935775,61,EleutherAI/pythia-1.4b
482,14.715181681808877,607,EleutherAI/pythia-1.4b
483,13.25754193540837,1039,EleutherAI/pythia-1.4b
484,5.285659185917276,371,EleutherAI/pythia-1.4b
485,4.309842582148842,487,EleutherAI/pythia-1.4b
486,2.8545877198930816,480,EleutherAI/pythia-1.4b
487,3.8351835689532514,328,EleutherAI/pythia-1.4b
488,15.303327051334918,538,EleutherAI/pythia-1.4b
489,22.63191150379841,244,EleutherAI/pythia-1.4b
490,6.353332466459607,171,EleutherAI/pythia-1.4b
491,20.260577558984174,588,EleutherAI/pythia-1.4b
492,48.81436179100932,66,EleutherAI/pythia-1.4b
493,4.7019792034087,220,EleutherAI/pythia-1.4b
494,12.693466204506983,781,EleutherAI/pythia-1.4b
495,9.264636578010348,1038,EleutherAI/pythia-1.4b
496,21.025366496003084,91,EleutherAI/pythia-1.4b
497,19.32177430307677,424,EleutherAI/pythia-1.4b
498,4.328732659306898,323,EleutherAI/pythia-1.4b
499,14.498674700075718,151,EleutherAI/pythia-1.4b
500,16.731272569948178,765,EleutherAI/pythia-1.4b
501,6.376716716895243,1790,EleutherAI/pythia-1.4b
502,4.500859631801187,523,EleutherAI/pythia-1.4b
503,12.420690139374502,409,EleutherAI/pythia-1.4b
504,7.275895708748431,299,EleutherAI/pythia-1.4b
505,7.55804509712589,330,EleutherAI/pythia-1.4b
506,29.713764332433666,53,EleutherAI/pythia-1.4b
507,19.808831099539294,365,EleutherAI/pythia-1.4b
508,25.26611207264022,413,EleutherAI/pythia-1.4b
509,17.537822872262772,397,EleutherAI/pythia-1.4b
510,5.131739272078242,279,EleutherAI/pythia-1.4b
511,9.001187044556815,586,EleutherAI/pythia-1.4b
512,12.73090641655285,2021,EleutherAI/pythia-1.4b
513,14.269027892183258,473,EleutherAI/pythia-1.4b
514,21.30909055061187,691,EleutherAI/pythia-1.4b
515,18.09263072421841,235,EleutherAI/pythia-1.4b
516,19.922807043777986,390,EleutherAI/pythia-1.4b
517,32.466309252968,354,EleutherAI/pythia-1.4b
518,4.885143631168068,242,EleutherAI/pythia-1.4b
519,4.746218198188799,254,EleutherAI/pythia-1.4b
520,17.940827839631865,240,EleutherAI/pythia-1.4b
521,37.16910109382358,186,EleutherAI/pythia-1.4b
522,9.989243893936004,888,EleutherAI/pythia-1.4b
523,4.045713280257848,90,EleutherAI/pythia-1.4b
524,13.90255239376768,521,EleutherAI/pythia-1.4b
525,5.151186274231737,548,EleutherAI/pythia-1.4b
526,10.637612772739082,613,EleutherAI/pythia-1.4b
527,8.363191341049538,78,EleutherAI/pythia-1.4b
528,5.214085588091653,196,EleutherAI/pythia-1.4b
529,92.61238059906297,57,EleutherAI/pythia-1.4b
530,9.919395741654961,336,EleutherAI/pythia-1.4b
531,4.708172536110905,517,EleutherAI/pythia-1.4b
532,4.2594277772092575,260,EleutherAI/pythia-1.4b
533,3.1255370305572696,787,EleutherAI/pythia-1.4b
534,14.243311551434733,415,EleutherAI/pythia-1.4b
535,16.377906248740164,815,EleutherAI/pythia-1.4b
536,29.300643884104435,109,EleutherAI/pythia-1.4b
537,37.532829646705665,41,EleutherAI/pythia-1.4b
538,9.04944325951226,60,EleutherAI/pythia-1.4b
539,4.7899517259875095,361,EleutherAI/pythia-1.4b
540,35.18404283847353,42,EleutherAI/pythia-1.4b
541,28.744997847442818,228,EleutherAI/pythia-1.4b
542,16.909044780342036,336,EleutherAI/pythia-1.4b
543,9.329500501347294,303,EleutherAI/pythia-1.4b
544,19.405742342708457,676,EleutherAI/pythia-1.4b
545,3.5955096076997677,236,EleutherAI/pythia-1.4b
546,17.466513273234355,232,EleutherAI/pythia-1.4b
547,9.930789602464197,175,EleutherAI/pythia-1.4b
548,3.728289092180091,272,EleutherAI/pythia-1.4b
549,23.714296418122146,472,EleutherAI/pythia-1.4b
550,15.91040435325586,662,EleutherAI/pythia-1.4b
551,4.27747372480919,274,EleutherAI/pythia-1.4b
552,5.925934285062286,137,EleutherAI/pythia-1.4b
553,13.950241985979282,402,EleutherAI/pythia-1.4b
554,6.7714577499609225,117,EleutherAI/pythia-1.4b
555,4.65736687935239,256,EleutherAI/pythia-1.4b
556,72.77254345157533,70,EleutherAI/pythia-1.4b
557,4.540387719647388,272,EleutherAI/pythia-1.4b
558,11.898156208456088,349,EleutherAI/pythia-1.4b
559,19.804581041509387,1037,EleutherAI/pythia-1.4b
560,15.988069741326491,2943,EleutherAI/pythia-1.4b
561,4.1483831011483066,287,EleutherAI/pythia-1.4b
562,7.7311643270093295,371,EleutherAI/pythia-1.4b
563,6.190696731402108,305,EleutherAI/pythia-1.4b
564,6.336969254292646,152,EleutherAI/pythia-1.4b
565,12.23471287745981,21,EleutherAI/pythia-1.4b
566,16.020288089707428,853,EleutherAI/pythia-1.4b
567,26.53511226968776,681,EleutherAI/pythia-1.4b
568,8.436784572016318,181,EleutherAI/pythia-1.4b
569,5.547475198403079,403,EleutherAI/pythia-1.4b
570,26.96234392611305,284,EleutherAI/pythia-1.4b
571,23.68167309316292,102,EleutherAI/pythia-1.4b
572,13.554896613103246,5237,EleutherAI/pythia-1.4b
573,15.524933994542119,444,EleutherAI/pythia-1.4b
574,6.124962079254299,387,EleutherAI/pythia-1.4b
575,25.076752774502108,1092,EleutherAI/pythia-1.4b
576,17.84840908231685,388,EleutherAI/pythia-1.4b
577,9.207234541065302,1051,EleutherAI/pythia-1.4b
578,26.903742819266288,88,EleutherAI/pythia-1.4b
579,15.722587031510516,887,EleutherAI/pythia-1.4b
580,3.067016444663952,494,EleutherAI/pythia-1.4b
581,3.546799649076468,398,EleutherAI/pythia-1.4b
582,18.986237607568373,397,EleutherAI/pythia-1.4b
583,25.47662229889404,544,EleutherAI/pythia-1.4b
584,58.1443202321194,162,EleutherAI/pythia-1.4b
585,18.39159643141305,509,EleutherAI/pythia-1.4b
586,3.4539541850132576,390,EleutherAI/pythia-1.4b
587,5.175095108900453,452,EleutherAI/pythia-1.4b
588,6.638267395748251,227,EleutherAI/pythia-1.4b
589,21.36570123076064,284,EleutherAI/pythia-1.4b
590,11.486825077543376,732,EleutherAI/pythia-1.4b
591,9.796898621317256,477,EleutherAI/pythia-1.4b
592,14.535799285973296,382,EleutherAI/pythia-1.4b
593,13.606408117123816,352,EleutherAI/pythia-1.4b
594,22.2998866271125,713,EleutherAI/pythia-1.4b
595,9.44770077888758,1036,EleutherAI/pythia-1.4b
596,5.313986602501568,220,EleutherAI/pythia-1.4b
597,18.995299350695728,3254,EleutherAI/pythia-1.4b
598,34.41109198854464,499,EleutherAI/pythia-1.4b
599,41.0315451032349,112,EleutherAI/pythia-1.4b
600,26.587255537801937,225,EleutherAI/pythia-1.4b
601,14.969261984033238,714,EleutherAI/pythia-1.4b
602,109.27505676820509,26,EleutherAI/pythia-1.4b
603,6.036444644802587,301,EleutherAI/pythia-1.4b
604,34.169826318385645,308,EleutherAI/pythia-1.4b
605,43.41257267396888,427,EleutherAI/pythia-1.4b
606,27.019442817269102,299,EleutherAI/pythia-1.4b
607,10.822864052608915,551,EleutherAI/pythia-1.4b
608,4.169381709027727,305,EleutherAI/pythia-1.4b
609,25.444219376243062,649,EleutherAI/pythia-1.4b
610,14.413124560323139,1312,EleutherAI/pythia-1.4b
611,18.30527682182541,479,EleutherAI/pythia-1.4b
612,18.016818541072652,277,EleutherAI/pythia-1.4b
613,14.025308092947993,565,EleutherAI/pythia-1.4b
614,18.05599778276477,512,EleutherAI/pythia-1.4b
615,6.240630081994112,125,EleutherAI/pythia-1.4b
616,44.133601527885915,114,EleutherAI/pythia-1.4b
617,6.343868532211817,562,EleutherAI/pythia-1.4b
618,3.6972614315561576,445,EleutherAI/pythia-1.4b
619,15.064986201989164,704,EleutherAI/pythia-1.4b
620,33.41260773127278,536,EleutherAI/pythia-1.4b
621,45.86818817148046,209,EleutherAI/pythia-1.4b
622,12.211070268718512,547,EleutherAI/pythia-1.4b
623,18.841427660466504,244,EleutherAI/pythia-1.4b
624,9.307403562146426,305,EleutherAI/pythia-1.4b
625,10.163834021844051,1118,EleutherAI/pythia-1.4b
626,23.207642880746093,340,EleutherAI/pythia-1.4b
627,19.165122644961762,403,EleutherAI/pythia-1.4b
628,54.157482912500626,115,EleutherAI/pythia-1.4b
629,31.49315473364938,231,EleutherAI/pythia-1.4b
630,31.573787012769326,388,EleutherAI/pythia-1.4b
631,4.27076901866517,371,EleutherAI/pythia-1.4b
632,6.077242911171239,199,EleutherAI/pythia-1.4b
633,6.21171185894034,147,EleutherAI/pythia-1.4b
634,8.29186691449698,796,EleutherAI/pythia-1.4b
635,51.91165013336574,47,EleutherAI/pythia-1.4b
636,14.333364864264912,102,EleutherAI/pythia-1.4b
637,3.54226198189392,223,EleutherAI/pythia-1.4b
638,10.382535169745967,1032,EleutherAI/pythia-1.4b
639,43.21142537691007,81,EleutherAI/pythia-1.4b
640,18.579535407101076,314,EleutherAI/pythia-1.4b
641,8.028824202609842,413,EleutherAI/pythia-1.4b
642,8.538371943114338,137,EleutherAI/pythia-1.4b
643,22.657761672458044,75,EleutherAI/pythia-1.4b
644,26.49746490983332,482,EleutherAI/pythia-1.4b
645,5.488068646670687,199,EleutherAI/pythia-1.4b
646,23.869965898943015,62,EleutherAI/pythia-1.4b
647,46.282956303000205,324,EleutherAI/pythia-1.4b
648,6.644985339288307,303,EleutherAI/pythia-1.4b
649,7.286045623630842,166,EleutherAI/pythia-1.4b
650,7.574094314572296,241,EleutherAI/pythia-1.4b
651,19.3265796573111,398,EleutherAI/pythia-1.4b
652,39.70737397617586,220,EleutherAI/pythia-1.4b
653,9.11995794511903,221,EleutherAI/pythia-1.4b
654,9.560794969046022,100,EleutherAI/pythia-1.4b
655,95.53717857969815,31,EleutherAI/pythia-1.4b
656,22.03629146422347,532,EleutherAI/pythia-1.4b
657,18.654557363589635,737,EleutherAI/pythia-1.4b
658,94.61189705468063,26,EleutherAI/pythia-1.4b
659,3.5345592866343694,467,EleutherAI/pythia-1.4b
660,5.400103800483959,222,EleutherAI/pythia-1.4b
661,17.497285680411128,827,EleutherAI/pythia-1.4b
662,24.27662423536206,338,EleutherAI/pythia-1.4b
663,14.331270187620643,562,EleutherAI/pythia-1.4b
664,21.229784818224896,499,EleutherAI/pythia-1.4b
665,23.61077344424829,1049,EleutherAI/pythia-1.4b
666,31.342011000521342,458,EleutherAI/pythia-1.4b
667,15.567844674134689,96,EleutherAI/pythia-1.4b
668,17.339920207621216,460,EleutherAI/pythia-1.4b
669,13.765391414790496,361,EleutherAI/pythia-1.4b
670,29.272909349833903,131,EleutherAI/pythia-1.4b
671,4.307122497627863,479,EleutherAI/pythia-1.4b
672,17.099106534382713,1151,EleutherAI/pythia-1.4b
673,21.011816150351116,206,EleutherAI/pythia-1.4b
674,15.789863463845881,200,EleutherAI/pythia-1.4b
675,5.1736202647850185,204,EleutherAI/pythia-1.4b
676,59.97148560178534,226,EleutherAI/pythia-1.4b
677,2.613867036727927,483,EleutherAI/pythia-1.4b
678,14.30770313237098,317,EleutherAI/pythia-1.4b
679,72.4900745558587,26,EleutherAI/pythia-1.4b
680,9.631453979270677,318,EleutherAI/pythia-1.4b
681,5.232408572573811,223,EleutherAI/pythia-1.4b
682,9.77332414919483,56,EleutherAI/pythia-1.4b
683,34.32219916389956,65,EleutherAI/pythia-1.4b
684,24.872552989628993,140,EleutherAI/pythia-1.4b
685,2.8180417066056376,576,EleutherAI/pythia-1.4b
686,18.809224062416124,539,EleutherAI/pythia-1.4b
687,16.966695537403805,57,EleutherAI/pythia-1.4b
688,4.158325569383561,452,EleutherAI/pythia-1.4b
689,12.611099888547642,772,EleutherAI/pythia-1.4b
690,12.279595088826499,1593,EleutherAI/pythia-1.4b
691,15.119391807933823,841,EleutherAI/pythia-1.4b
692,14.286984738751062,298,EleutherAI/pythia-1.4b
693,5.500499966819927,170,EleutherAI/pythia-1.4b
694,18.83508132664148,739,EleutherAI/pythia-1.4b
695,17.696060376395316,424,EleutherAI/pythia-1.4b
696,30.44052628906454,379,EleutherAI/pythia-1.4b
697,8.603964713291555,835,EleutherAI/pythia-1.4b
698,93.25778020348807,1109,EleutherAI/pythia-1.4b
699,17.06359582879831,2549,EleutherAI/pythia-1.4b
700,5.328105246584471,160,EleutherAI/pythia-1.4b
701,4.8686681319749745,452,EleutherAI/pythia-1.4b
702,24.15453923466848,206,EleutherAI/pythia-1.4b
703,4.798368328191943,999,EleutherAI/pythia-1.4b
704,25.420226051530623,424,EleutherAI/pythia-1.4b
705,19.34473375642221,232,EleutherAI/pythia-1.4b
706,19.365430285475068,373,EleutherAI/pythia-1.4b
707,23.252587721860348,320,EleutherAI/pythia-1.4b
708,5.04102653691765,239,EleutherAI/pythia-1.4b
709,18.234732969571926,969,EleutherAI/pythia-1.4b
710,67.51719570292448,62,EleutherAI/pythia-1.4b
711,4.863985473431336,293,EleutherAI/pythia-1.4b
712,6.452261348113839,1047,EleutherAI/pythia-1.4b
713,14.580709980886187,837,EleutherAI/pythia-1.4b
714,18.842182356177872,656,EleutherAI/pythia-1.4b
715,6.199467290435649,216,EleutherAI/pythia-1.4b
716,9.6698120695148,873,EleutherAI/pythia-1.4b
717,14.237780753144841,696,EleutherAI/pythia-1.4b
718,16.42638954455206,686,EleutherAI/pythia-1.4b
719,8.868262611706795,929,EleutherAI/pythia-1.4b
720,16.85041275910882,485,EleutherAI/pythia-1.4b
721,19.71289863014111,76,EleutherAI/pythia-1.4b
722,13.73377361481288,533,EleutherAI/pythia-1.4b
723,4.582236661554171,212,EleutherAI/pythia-1.4b
724,5.446095680105838,349,EleutherAI/pythia-1.4b
725,13.200306000968865,351,EleutherAI/pythia-1.4b
726,42.4152838000228,213,EleutherAI/pythia-1.4b
727,3.663456416227771,189,EleutherAI/pythia-1.4b
728,17.96095157757987,498,EleutherAI/pythia-1.4b
729,4.29018025550171,431,EleutherAI/pythia-1.4b
730,5.295784491865232,213,EleutherAI/pythia-1.4b
731,4.967619137739491,139,EleutherAI/pythia-1.4b
732,10.750587696442553,302,EleutherAI/pythia-1.4b
733,5.87079306173242,205,EleutherAI/pythia-1.4b
734,18.008955115994432,636,EleutherAI/pythia-1.4b
735,14.589490311724676,1047,EleutherAI/pythia-1.4b
736,7.949910321959468,528,EleutherAI/pythia-1.4b
737,12.91861544212237,240,EleutherAI/pythia-1.4b
738,6.062179722458475,715,EleutherAI/pythia-1.4b
739,26.681364133913583,745,EleutherAI/pythia-1.4b
740,40.3271741196704,201,EleutherAI/pythia-1.4b
741,8.404050955488225,352,EleutherAI/pythia-1.4b
742,22.31959905176838,1245,EleutherAI/pythia-1.4b
743,16.332275995862116,611,EleutherAI/pythia-1.4b
744,9.427773618247999,1025,EleutherAI/pythia-1.4b
745,13.454527187924286,567,EleutherAI/pythia-1.4b
746,16.38613181640473,393,EleutherAI/pythia-1.4b
747,13.301690093280625,411,EleutherAI/pythia-1.4b
748,17.37906520341478,229,EleutherAI/pythia-1.4b
749,8.657948348113397,1023,EleutherAI/pythia-1.4b
750,2.464059147402195,515,EleutherAI/pythia-1.4b
751,5.949353263185511,174,EleutherAI/pythia-1.4b
752,30.631883659677232,608,EleutherAI/pythia-1.4b
753,12.5331579888377,63,EleutherAI/pythia-1.4b
754,10.350274138894596,523,EleutherAI/pythia-1.4b
755,10.351828905179211,275,EleutherAI/pythia-1.4b
756,17.316577933803,460,EleutherAI/pythia-1.4b
757,21.08327419329569,996,EleutherAI/pythia-1.4b
758,20.38423252029574,548,EleutherAI/pythia-1.4b
759,8.93567165671637,514,EleutherAI/pythia-1.4b
760,7.188717917966,675,EleutherAI/pythia-1.4b
761,3.8775749549857035,630,EleutherAI/pythia-1.4b
762,16.298542823445967,1147,EleutherAI/pythia-1.4b
763,15.578170232830843,419,EleutherAI/pythia-1.4b
764,14.062937162197494,620,EleutherAI/pythia-1.4b
765,10.045134371102387,514,EleutherAI/pythia-1.4b
766,12.980285933484117,513,EleutherAI/pythia-1.4b
767,28.65093918597297,240,EleutherAI/pythia-1.4b
768,24.4563786997804,571,EleutherAI/pythia-1.4b
769,8.377873632012335,1098,EleutherAI/pythia-1.4b
770,19.557864195815696,272,EleutherAI/pythia-1.4b
771,16.8925280190537,595,EleutherAI/pythia-1.4b
772,14.22560631054881,548,EleutherAI/pythia-1.4b
773,22.881269306662055,188,EleutherAI/pythia-1.4b
774,19.253715733625132,367,EleutherAI/pythia-1.4b
775,11.860337431178626,400,EleutherAI/pythia-1.4b
776,7.314405448118128,312,EleutherAI/pythia-1.4b
777,3.1837062550815487,489,EleutherAI/pythia-1.4b
778,5.143677386924003,287,EleutherAI/pythia-1.4b
779,6.7018281490955705,522,EleutherAI/pythia-1.4b
780,5.314625818800635,426,EleutherAI/pythia-1.4b
781,23.411588713828042,156,EleutherAI/pythia-1.4b
782,5.073675564616327,189,EleutherAI/pythia-1.4b
783,9.504199750394152,1040,EleutherAI/pythia-1.4b
784,16.560698809787883,793,EleutherAI/pythia-1.4b
785,37.97578895579512,266,EleutherAI/pythia-1.4b
786,17.882147893057073,1029,EleutherAI/pythia-1.4b
787,12.674683404258356,364,EleutherAI/pythia-1.4b
788,6.910724458570212,786,EleutherAI/pythia-1.4b
789,12.562065650128622,116,EleutherAI/pythia-1.4b
790,10.133298607561166,950,EleutherAI/pythia-1.4b
791,6.689036079439489,379,EleutherAI/pythia-1.4b
792,19.48580070480529,554,EleutherAI/pythia-1.4b
793,28.0830573808581,43,EleutherAI/pythia-1.4b
794,23.553295726796282,582,EleutherAI/pythia-1.4b
795,28.92869676808119,244,EleutherAI/pythia-1.4b
796,5.315623124419608,285,EleutherAI/pythia-1.4b
797,5.114204093141642,275,EleutherAI/pythia-1.4b
798,4.604951573171028,516,EleutherAI/pythia-1.4b
799,4.507705235469053,200,EleutherAI/pythia-1.4b
800,26.248838897941457,298,EleutherAI/pythia-1.4b
801,9.468304372561132,1040,EleutherAI/pythia-1.4b
802,12.59005238796141,477,EleutherAI/pythia-1.4b
803,11.020702011138756,1282,EleutherAI/pythia-1.4b
804,13.346666216899596,736,EleutherAI/pythia-1.4b
805,11.64129129908197,233,EleutherAI/pythia-1.4b
806,15.47532170160729,262,EleutherAI/pythia-1.4b
807,3.8477140711368096,473,EleutherAI/pythia-1.4b
808,4.26431322927371,449,EleutherAI/pythia-1.4b
809,12.398585785301988,379,EleutherAI/pythia-1.4b
810,12.030201991702818,504,EleutherAI/pythia-1.4b
811,29.054767594135086,230,EleutherAI/pythia-1.4b
812,16.282234197356367,738,EleutherAI/pythia-1.4b
813,17.81557492548498,478,EleutherAI/pythia-1.4b
814,48.10279907619548,434,EleutherAI/pythia-1.4b
815,22.932716169094597,226,EleutherAI/pythia-1.4b
816,5.815816884540133,45,EleutherAI/pythia-1.4b
817,17.667229670865872,700,EleutherAI/pythia-1.4b
818,19.517845719982507,1150,EleutherAI/pythia-1.4b
819,10.454258636248296,599,EleutherAI/pythia-1.4b
820,23.271189227565866,929,EleutherAI/pythia-1.4b
821,7.7107441344442185,122,EleutherAI/pythia-1.4b
822,16.69897654960934,328,EleutherAI/pythia-1.4b
823,7.721760243495852,236,EleutherAI/pythia-1.4b
824,21.741291872706398,2903,EleutherAI/pythia-1.4b
825,12.484129154247135,815,EleutherAI/pythia-1.4b
826,24.79429850057182,306,EleutherAI/pythia-1.4b
827,36.44780450853508,86,EleutherAI/pythia-1.4b
828,38.45174386116489,307,EleutherAI/pythia-1.4b
829,3.583472772439712,347,EleutherAI/pythia-1.4b
830,13.86649300923641,560,EleutherAI/pythia-1.4b
831,5.557210286290575,208,EleutherAI/pythia-1.4b
832,18.433410047685335,86,EleutherAI/pythia-1.4b
833,12.986817480440164,822,EleutherAI/pythia-1.4b
834,26.588212728280656,871,EleutherAI/pythia-1.4b
835,16.56435936095433,1288,EleutherAI/pythia-1.4b
836,31.899108358080213,662,EleutherAI/pythia-1.4b
837,25.273853983559675,788,EleutherAI/pythia-1.4b
838,5.794635043741749,185,EleutherAI/pythia-1.4b
839,60.049920218475286,373,EleutherAI/pythia-1.4b
840,13.284572547118126,63,EleutherAI/pythia-1.4b
841,4.508269499138244,275,EleutherAI/pythia-1.4b
842,5.971534172916605,477,EleutherAI/pythia-1.4b
843,27.311105519813463,552,EleutherAI/pythia-1.4b
844,19.519981755281005,505,EleutherAI/pythia-1.4b
845,10.87264000332958,376,EleutherAI/pythia-1.4b
846,10.137184226724475,661,EleutherAI/pythia-1.4b
847,16.90183005949148,969,EleutherAI/pythia-1.4b
848,5.0507169371246246,222,EleutherAI/pythia-1.4b
849,8.679411789132892,343,EleutherAI/pythia-1.4b
850,18.72423864263173,594,EleutherAI/pythia-1.4b
851,39.78772565314171,221,EleutherAI/pythia-1.4b
852,8.443354631281895,92,EleutherAI/pythia-1.4b
853,93.76449500885703,431,EleutherAI/pythia-1.4b
854,16.63816895225541,695,EleutherAI/pythia-1.4b
855,12.68993493579832,1048,EleutherAI/pythia-1.4b
856,9.584046448727106,307,EleutherAI/pythia-1.4b
857,9.422128944683239,295,EleutherAI/pythia-1.4b
858,16.16651770443897,273,EleutherAI/pythia-1.4b
859,22.0984059286731,589,EleutherAI/pythia-1.4b
860,22.84234601234169,300,EleutherAI/pythia-1.4b
861,8.350650892946538,70,EleutherAI/pythia-1.4b
862,26.790681951827334,1859,EleutherAI/pythia-1.4b
863,8.944670861320626,130,EleutherAI/pythia-1.4b
864,22.418775631816104,181,EleutherAI/pythia-1.4b
865,5.158101647370412,197,EleutherAI/pythia-1.4b
866,183.4290152858552,13,EleutherAI/pythia-1.4b
867,4.419248516159572,448,EleutherAI/pythia-1.4b
868,14.896227289163606,439,EleutherAI/pythia-1.4b
869,7.465132478221607,115,EleutherAI/pythia-1.4b
870,10.773976120597915,243,EleutherAI/pythia-1.4b
871,11.755339103472053,1968,EleutherAI/pythia-1.4b
872,5.6926102273027315,528,EleutherAI/pythia-1.4b
873,26.394028934476147,620,EleutherAI/pythia-1.4b
874,17.429481619124232,197,EleutherAI/pythia-1.4b
875,12.556573966130248,450,EleutherAI/pythia-1.4b
876,12.138219486943099,912,EleutherAI/pythia-1.4b
877,19.85659825872419,356,EleutherAI/pythia-1.4b
878,3.242050476339712,547,EleutherAI/pythia-1.4b
879,18.019997524262614,293,EleutherAI/pythia-1.4b
880,37.82146781459086,279,EleutherAI/pythia-1.4b
881,18.781158795318944,534,EleutherAI/pythia-1.4b
882,5.9315622293919255,175,EleutherAI/pythia-1.4b
883,8.567035875514147,174,EleutherAI/pythia-1.4b
884,24.81984899694042,252,EleutherAI/pythia-1.4b
885,5.754313190402481,407,EleutherAI/pythia-1.4b
886,16.588570148974718,138,EleutherAI/pythia-1.4b
887,19.554376614080056,845,EleutherAI/pythia-1.4b
888,17.606493354201728,250,EleutherAI/pythia-1.4b
889,9.473493344326716,1026,EleutherAI/pythia-1.4b
890,8.106408676399802,135,EleutherAI/pythia-1.4b
891,5.017784949436327,238,EleutherAI/pythia-1.4b
892,10.246510397959195,645,EleutherAI/pythia-1.4b
893,23.309231581196993,1050,EleutherAI/pythia-1.4b
894,5.352668055445236,455,EleutherAI/pythia-1.4b
895,13.96642901874437,91,EleutherAI/pythia-1.4b
896,32.994181076552714,492,EleutherAI/pythia-1.4b
897,33.71567735464434,228,EleutherAI/pythia-1.4b
898,3.964424035442209,215,EleutherAI/pythia-1.4b
899,32.62653839902251,171,EleutherAI/pythia-1.4b
900,16.770462907639835,507,EleutherAI/pythia-1.4b
901,15.48287616472853,451,EleutherAI/pythia-1.4b
902,21.177744850296765,467,EleutherAI/pythia-1.4b
903,3.1186505390346273,431,EleutherAI/pythia-1.4b
904,16.712167975996042,268,EleutherAI/pythia-1.4b
905,43.275873734334255,232,EleutherAI/pythia-1.4b
906,165.21691940181117,80,EleutherAI/pythia-1.4b
907,20.59965885356752,292,EleutherAI/pythia-1.4b
908,33.099262576996736,95,EleutherAI/pythia-1.4b
909,19.80314095094819,346,EleutherAI/pythia-1.4b
910,14.944713481959841,593,EleutherAI/pythia-1.4b
911,3.6411992763424275,483,EleutherAI/pythia-1.4b
912,8.5348163043913,1041,EleutherAI/pythia-1.4b
913,10.27102055266569,964,EleutherAI/pythia-1.4b
914,17.91061229098009,5741,EleutherAI/pythia-1.4b
915,20.19407430887557,2652,EleutherAI/pythia-1.4b
916,21.30706353427411,1087,EleutherAI/pythia-1.4b
917,12.074321402085557,515,EleutherAI/pythia-1.4b
918,7.97074534705036,453,EleutherAI/pythia-1.4b
919,24.25100272106329,1268,EleutherAI/pythia-1.4b
920,16.512263949435628,1035,EleutherAI/pythia-1.4b
921,16.37842169007293,1034,EleutherAI/pythia-1.4b
922,13.54022936175781,110,EleutherAI/pythia-1.4b
923,15.233292429128793,416,EleutherAI/pythia-1.4b
924,6.936708768552323,90,EleutherAI/pythia-1.4b
925,10.121701361126627,1028,EleutherAI/pythia-1.4b
926,14.973738116646247,863,EleutherAI/pythia-1.4b
927,27.9395718874435,247,EleutherAI/pythia-1.4b
928,22.538556409935282,666,EleutherAI/pythia-1.4b
929,16.986289537087544,328,EleutherAI/pythia-1.4b
930,21.60312174739812,581,EleutherAI/pythia-1.4b
931,26.35237814713584,361,EleutherAI/pythia-1.4b
932,11.43969635502855,545,EleutherAI/pythia-1.4b
933,28.519303367076002,31,EleutherAI/pythia-1.4b
934,13.433096860470624,823,EleutherAI/pythia-1.4b
935,26.196684784369765,679,EleutherAI/pythia-1.4b
936,20.924171018219873,1265,EleutherAI/pythia-1.4b
937,17.614399426340498,920,EleutherAI/pythia-1.4b
938,6.452324420320396,351,EleutherAI/pythia-1.4b
939,18.573547409148063,514,EleutherAI/pythia-1.4b
940,12.389020732516636,375,EleutherAI/pythia-1.4b
941,5.469883804080465,591,EleutherAI/pythia-1.4b
942,18.928456736504067,400,EleutherAI/pythia-1.4b
943,17.504149436594446,108,EleutherAI/pythia-1.4b
944,4.096480685937886,305,EleutherAI/pythia-1.4b
945,11.963546252079693,586,EleutherAI/pythia-1.4b
946,14.362630047637579,386,EleutherAI/pythia-1.4b
947,9.484425830029013,1793,EleutherAI/pythia-1.4b
948,19.215735190365347,393,EleutherAI/pythia-1.4b
949,4.399873747101882,293,EleutherAI/pythia-1.4b
950,30.712829656629665,130,EleutherAI/pythia-1.4b
951,25.209160043431236,532,EleutherAI/pythia-1.4b
952,23.127964526716227,85,EleutherAI/pythia-1.4b
953,11.111318012280432,835,EleutherAI/pythia-1.4b
954,3.164418510074022,397,EleutherAI/pythia-1.4b
955,6.924085755235871,104,EleutherAI/pythia-1.4b
956,5.821367313222057,177,EleutherAI/pythia-1.4b
957,3.4695680952649086,423,EleutherAI/pythia-1.4b
958,14.740913508907035,329,EleutherAI/pythia-1.4b
959,24.364017873136095,133,EleutherAI/pythia-1.4b
960,14.6452406130494,390,EleutherAI/pythia-1.4b
961,4.180577879974085,441,EleutherAI/pythia-1.4b
962,7.286889048401122,586,EleutherAI/pythia-1.4b
963,12.422070192692386,227,EleutherAI/pythia-1.4b
964,23.887648826141117,404,EleutherAI/pythia-1.4b
965,16.682593388970204,732,EleutherAI/pythia-1.4b
966,6.257677671848513,233,EleutherAI/pythia-1.4b
967,10.65408802134663,1015,EleutherAI/pythia-1.4b
968,26.06683941945601,236,EleutherAI/pythia-1.4b
969,3.8105564578672086,478,EleutherAI/pythia-1.4b
970,15.310005441548558,963,EleutherAI/pythia-1.4b
971,3.7467203721280438,449,EleutherAI/pythia-1.4b
972,21.554344195701955,228,EleutherAI/pythia-1.4b
973,9.988822355854158,225,EleutherAI/pythia-1.4b
974,4.376627906315425,468,EleutherAI/pythia-1.4b
975,6.743518712821227,606,EleutherAI/pythia-1.4b
976,14.350756000057642,366,EleutherAI/pythia-1.4b
977,6.5202680079901105,170,EleutherAI/pythia-1.4b
978,67.80928438360917,37,EleutherAI/pythia-1.4b
979,3.5784995418363343,491,EleutherAI/pythia-1.4b
980,15.373500388196682,838,EleutherAI/pythia-1.4b
981,3.4548675526735964,224,EleutherAI/pythia-1.4b
982,5.521932207379445,595,EleutherAI/pythia-1.4b
983,8.840445427508152,153,EleutherAI/pythia-1.4b
984,14.565561134901037,923,EleutherAI/pythia-1.4b
985,7.677365342528477,598,EleutherAI/pythia-1.4b
986,11.540166430318049,1047,EleutherAI/pythia-1.4b
987,16.483703351689332,433,EleutherAI/pythia-1.4b
988,8.282248776883598,1035,EleutherAI/pythia-1.4b
989,12.785768452669792,1682,EleutherAI/pythia-1.4b
990,15.040001022929854,1014,EleutherAI/pythia-1.4b
991,13.921010534257706,535,EleutherAI/pythia-1.4b
992,46.342593196716095,94,EleutherAI/pythia-1.4b
993,23.240981799571966,193,EleutherAI/pythia-1.4b
994,9.669223615357904,5614,EleutherAI/pythia-1.4b
995,23.742509330489355,48,EleutherAI/pythia-1.4b
996,14.469318598713839,339,EleutherAI/pythia-1.4b
997,35.224691950304354,1067,EleutherAI/pythia-1.4b
998,12.5077905014696,1025,EleutherAI/pythia-1.4b
999,3.303491783557041,528,EleutherAI/pythia-1.4b
1000,20.426139404035506,1236,EleutherAI/pythia-1.4b
1001,8.958543349948444,130,EleutherAI/pythia-1.4b
1002,13.08782870162998,1018,EleutherAI/pythia-1.4b
1003,3.1127716779894423,522,EleutherAI/pythia-1.4b
1004,14.389954668880526,396,EleutherAI/pythia-1.4b
1005,7.4204471692056835,324,EleutherAI/pythia-1.4b
1006,19.920674422589666,808,EleutherAI/pythia-1.4b
1007,432.91457759609426,11,EleutherAI/pythia-1.4b
1008,13.58429215854411,410,EleutherAI/pythia-1.4b
1009,13.905628707735017,163,EleutherAI/pythia-1.4b
1010,11.031288196325114,1079,EleutherAI/pythia-1.4b
1011,10.009023763569585,909,EleutherAI/pythia-1.4b
1012,28.369286869985068,626,EleutherAI/pythia-1.4b
1013,15.382978181721738,348,EleutherAI/pythia-1.4b
1014,15.693742138618246,702,EleutherAI/pythia-1.4b
1015,8.271562989889329,1027,EleutherAI/pythia-1.4b
1016,24.396702853955716,1057,EleutherAI/pythia-1.4b
1017,9.382158220166469,560,EleutherAI/pythia-1.4b
1018,12.608577502323326,1338,EleutherAI/pythia-1.4b
1019,2.2108388972669895,374,EleutherAI/pythia-1.4b
1020,19.82916843500979,550,EleutherAI/pythia-1.4b
1021,7.671539475996714,730,EleutherAI/pythia-1.4b
1022,9.376120585433013,476,EleutherAI/pythia-1.4b
1023,23.464686698436036,361,EleutherAI/pythia-1.4b
1024,52.72129557293818,474,EleutherAI/pythia-1.4b
1025,14.260284026854567,109,EleutherAI/pythia-1.4b
1026,16.044139721901974,236,EleutherAI/pythia-1.4b
1027,51.78619083493506,45,EleutherAI/pythia-1.4b
1028,10.737275307814329,1018,EleutherAI/pythia-1.4b
1029,38.5178532574878,1079,EleutherAI/pythia-1.4b
1030,16.323497570690883,115,EleutherAI/pythia-1.4b
1031,14.444057425589005,927,EleutherAI/pythia-1.4b
1032,4.223716015470002,468,EleutherAI/pythia-1.4b
1033,19.256782394112182,527,EleutherAI/pythia-1.4b
1034,28.27280387163532,244,EleutherAI/pythia-1.4b
1035,15.501521596845578,772,EleutherAI/pythia-1.4b
1036,24.16894075353715,605,EleutherAI/pythia-1.4b
1037,10.741359229923319,107,EleutherAI/pythia-1.4b
1038,13.43865789820121,761,EleutherAI/pythia-1.4b
1039,8.372975342407782,170,EleutherAI/pythia-1.4b
1040,32.9836496135801,186,EleutherAI/pythia-1.4b
1041,10.891720053661663,237,EleutherAI/pythia-1.4b
1042,4.163288613409489,284,EleutherAI/pythia-1.4b
1043,7.572548703384078,486,EleutherAI/pythia-1.4b
1044,20.389673168709187,1744,EleutherAI/pythia-1.4b
1045,27.83126954872553,377,EleutherAI/pythia-1.4b
1046,8.646237722306983,312,EleutherAI/pythia-1.4b
1047,5.101625218597265,214,EleutherAI/pythia-1.4b
1048,6.503297312501441,370,EleutherAI/pythia-1.4b
1049,5.223920590086895,303,EleutherAI/pythia-1.4b
1050,7.821920128571183,212,EleutherAI/pythia-1.4b
1051,12.412874705749916,317,EleutherAI/pythia-1.4b
1052,28.15106567260841,1186,EleutherAI/pythia-1.4b
1053,4.417796324544079,234,EleutherAI/pythia-1.4b
1054,10.87056900132994,253,EleutherAI/pythia-1.4b
1055,9.978344400513588,315,EleutherAI/pythia-1.4b
1056,6.958482600521254,300,EleutherAI/pythia-1.4b
1057,21.738593098833174,990,EleutherAI/pythia-1.4b
1058,3.3337609652176945,497,EleutherAI/pythia-1.4b
1059,15.819069831845312,975,EleutherAI/pythia-1.4b
1060,3.9975855640119393,362,EleutherAI/pythia-1.4b
1061,18.130587196733423,573,EleutherAI/pythia-1.4b
1062,8.196766428119862,241,EleutherAI/pythia-1.4b
1063,7.099131842033767,181,EleutherAI/pythia-1.4b
1064,10.50281758207987,492,EleutherAI/pythia-1.4b
1065,6.631536480362714,288,EleutherAI/pythia-1.4b
1066,9.331727317638881,102,EleutherAI/pythia-1.4b
1067,31.422451088133286,229,EleutherAI/pythia-1.4b
1068,9.204585345102249,1058,EleutherAI/pythia-1.4b
1069,5.164722147983202,159,EleutherAI/pythia-1.4b
1070,17.3500270368671,1002,EleutherAI/pythia-1.4b
1071,10.66119259965203,396,EleutherAI/pythia-1.4b
1072,18.655098660868436,5819,EleutherAI/pythia-1.4b
1073,18.151373849979365,594,EleutherAI/pythia-1.4b
1074,16.550329667617138,1035,EleutherAI/pythia-1.4b
1075,12.442510109088214,3002,EleutherAI/pythia-1.4b
1076,9.230530631318858,1027,EleutherAI/pythia-1.4b
1077,5.095851565708519,190,EleutherAI/pythia-1.4b
1078,5.644558755485993,411,EleutherAI/pythia-1.4b
1079,11.549580021761459,459,EleutherAI/pythia-1.4b
1080,13.619536509519683,475,EleutherAI/pythia-1.4b
1081,6.901846886968909,797,EleutherAI/pythia-1.4b
1082,7.992913571290213,247,EleutherAI/pythia-1.4b
1083,15.145285202154042,1023,EleutherAI/pythia-1.4b
1084,12.57515475487706,923,EleutherAI/pythia-1.4b
1085,6.717864055247002,222,EleutherAI/pythia-1.4b
1086,39.71400141217511,70,EleutherAI/pythia-1.4b
1087,52.12281656667555,43,EleutherAI/pythia-1.4b
1088,3.89018506419761,379,EleutherAI/pythia-1.4b
1089,40.58579045010958,208,EleutherAI/pythia-1.4b
1090,18.160641659789803,419,EleutherAI/pythia-1.4b
1091,21.322349654375984,344,EleutherAI/pythia-1.4b
1092,14.445831056273555,732,EleutherAI/pythia-1.4b
1093,27.160838388908637,319,EleutherAI/pythia-1.4b
1094,9.993607977231585,1039,EleutherAI/pythia-1.4b
1095,1.492459372346262,541,EleutherAI/pythia-1.4b
1096,4.716709140920593,239,EleutherAI/pythia-1.4b
1097,23.85829073416506,185,EleutherAI/pythia-1.4b
1098,2.7065944394825476,491,EleutherAI/pythia-1.4b
1099,21.484741738323812,324,EleutherAI/pythia-1.4b
1100,4.33078744294204,487,EleutherAI/pythia-1.4b
1101,7.459110196728336,754,EleutherAI/pythia-1.4b
1102,13.1143944717471,540,EleutherAI/pythia-1.4b
1103,24.53719932194912,244,EleutherAI/pythia-1.4b
1104,15.55401003213505,534,EleutherAI/pythia-1.4b
1105,24.2923726964923,241,EleutherAI/pythia-1.4b
1106,10.961278070001777,440,EleutherAI/pythia-1.4b
1107,30.675141876526432,473,EleutherAI/pythia-1.4b
1108,25.9748859450987,156,EleutherAI/pythia-1.4b
1109,12.990146427990068,945,EleutherAI/pythia-1.4b
1110,7.30220665690171,275,EleutherAI/pythia-1.4b
1111,22.204052144520073,858,EleutherAI/pythia-1.4b
1112,2.667399469448482,514,EleutherAI/pythia-1.4b
1113,35.38042749145414,368,EleutherAI/pythia-1.4b
1114,19.155792861648575,1985,EleutherAI/pythia-1.4b
1115,26.071208803245877,278,EleutherAI/pythia-1.4b
1116,3.159391793100179,474,EleutherAI/pythia-1.4b
1117,4.961537556538462,265,EleutherAI/pythia-1.4b
1118,26.527856807857546,528,EleutherAI/pythia-1.4b
1119,13.667043807853627,1125,EleutherAI/pythia-1.4b
1120,16.948008559194506,2602,EleutherAI/pythia-1.4b
1121,21.2418043988406,301,EleutherAI/pythia-1.4b
1122,35.07283606150315,231,EleutherAI/pythia-1.4b
1123,34.70206457050059,212,EleutherAI/pythia-1.4b
1124,8.723810759466048,749,EleutherAI/pythia-1.4b
1125,17.94787414474098,522,EleutherAI/pythia-1.4b
1126,7.142280800293875,2834,EleutherAI/pythia-1.4b
1127,63.2283235048512,54,EleutherAI/pythia-1.4b
1128,27.109806475089947,228,EleutherAI/pythia-1.4b
1129,17.520432932187116,329,EleutherAI/pythia-1.4b
1130,8.25414803482395,752,EleutherAI/pythia-1.4b
1131,5.258733898533682,252,EleutherAI/pythia-1.4b
1132,10.712656223206228,406,EleutherAI/pythia-1.4b
1133,16.61445221656839,342,EleutherAI/pythia-1.4b
1134,19.856200591423097,879,EleutherAI/pythia-1.4b
1135,10.960768474241032,174,EleutherAI/pythia-1.4b
1136,16.393583698339107,567,EleutherAI/pythia-1.4b
1137,8.642968922356895,511,EleutherAI/pythia-1.4b
1138,27.978120829741847,230,EleutherAI/pythia-1.4b
1139,4.474543182754575,331,EleutherAI/pythia-1.4b
1140,6.395299599567246,125,EleutherAI/pythia-1.4b
1141,19.71379163541078,488,EleutherAI/pythia-1.4b
1142,15.635271595052197,239,EleutherAI/pythia-1.4b
1143,25.589772123012544,850,EleutherAI/pythia-1.4b
1144,5.27969047374112,1033,EleutherAI/pythia-1.4b
1145,9.753500790651758,255,EleutherAI/pythia-1.4b
1146,8.711726490259716,591,EleutherAI/pythia-1.4b
1147,56.14587125721641,272,EleutherAI/pythia-1.4b
1148,19.07599573003038,664,EleutherAI/pythia-1.4b
1149,6.940578179702634,163,EleutherAI/pythia-1.4b
1150,27.298905741328056,749,EleutherAI/pythia-1.4b
1151,4.219462524367445,414,EleutherAI/pythia-1.4b
1152,14.748762120934682,4213,EleutherAI/pythia-1.4b
1153,21.53092328958963,604,EleutherAI/pythia-1.4b
1154,5.676915248900646,363,EleutherAI/pythia-1.4b
1155,7.921369472556912,848,EleutherAI/pythia-1.4b
1156,24.529718153802367,426,EleutherAI/pythia-1.4b
1157,20.640827509689082,783,EleutherAI/pythia-1.4b
1158,4.613133292097649,391,EleutherAI/pythia-1.4b
1159,16.363316619211655,612,EleutherAI/pythia-1.4b
1160,18.952168792028672,791,EleutherAI/pythia-1.4b
1161,3.52063287028486,480,EleutherAI/pythia-1.4b
1162,4.914589676848157,156,EleutherAI/pythia-1.4b
1163,118.26549474974051,31,EleutherAI/pythia-1.4b
1164,4.763673255605192,212,EleutherAI/pythia-1.4b
1165,18.889694602030335,217,EleutherAI/pythia-1.4b
1166,8.45771586994488,242,EleutherAI/pythia-1.4b
1167,11.727239531577055,384,EleutherAI/pythia-1.4b
1168,8.087688753757872,399,EleutherAI/pythia-1.4b
1169,27.11631598239466,102,EleutherAI/pythia-1.4b
1170,25.21486449392908,230,EleutherAI/pythia-1.4b
1171,34.380667702201485,272,EleutherAI/pythia-1.4b
1172,14.298352617711913,513,EleutherAI/pythia-1.4b
1173,11.532847303296526,557,EleutherAI/pythia-1.4b
1174,16.31997584893083,378,EleutherAI/pythia-1.4b
1175,4.222312473475285,395,EleutherAI/pythia-1.4b
1176,15.01248715594166,257,EleutherAI/pythia-1.4b
1177,23.344413926770542,699,EleutherAI/pythia-1.4b
1178,27.51666766009749,577,EleutherAI/pythia-1.4b
1179,3.500874019457395,312,EleutherAI/pythia-1.4b
1180,8.540690927681299,238,EleutherAI/pythia-1.4b
1181,4.042128104240755,312,EleutherAI/pythia-1.4b
1182,15.063474141609898,658,EleutherAI/pythia-1.4b
1183,5.920740795889917,610,EleutherAI/pythia-1.4b
1184,23.665857861744115,536,EleutherAI/pythia-1.4b
1185,14.107688501371477,563,EleutherAI/pythia-1.4b
1186,19.620828921090016,3899,EleutherAI/pythia-1.4b
1187,8.299109612234368,529,EleutherAI/pythia-1.4b
1188,10.392835419704223,462,EleutherAI/pythia-1.4b
1189,16.860668414934207,955,EleutherAI/pythia-1.4b
1190,9.726405544272872,644,EleutherAI/pythia-1.4b
1191,7.359959359617567,689,EleutherAI/pythia-1.4b
1192,3.2951567602987493,633,EleutherAI/pythia-1.4b
1193,24.899929428093674,317,EleutherAI/pythia-1.4b
1194,38.68425621488835,835,EleutherAI/pythia-1.4b
1195,4.148000850315395,349,EleutherAI/pythia-1.4b
1196,61.37089684192467,374,EleutherAI/pythia-1.4b
1197,7.465235708859495,134,EleutherAI/pythia-1.4b
1198,11.01969833652111,550,EleutherAI/pythia-1.4b
1199,13.920930877824375,1431,EleutherAI/pythia-1.4b
1200,12.637686235818915,451,EleutherAI/pythia-1.4b
1201,26.708082378197677,337,EleutherAI/pythia-1.4b
1202,19.17430918180995,279,EleutherAI/pythia-1.4b
1203,3.68305528116978,478,EleutherAI/pythia-1.4b
1204,3.5103767124411727,409,EleutherAI/pythia-1.4b
1205,16.609061906003866,571,EleutherAI/pythia-1.4b
1206,4.432784127100085,349,EleutherAI/pythia-1.4b
1207,22.92547822820168,491,EleutherAI/pythia-1.4b
1208,7.940607428826473,1327,EleutherAI/pythia-1.4b
1209,6.980029382796667,210,EleutherAI/pythia-1.4b
1210,9.686485702745394,108,EleutherAI/pythia-1.4b
1211,10.195363224303485,201,EleutherAI/pythia-1.4b
1212,4.673186389181274,212,EleutherAI/pythia-1.4b
1213,7.491161434920655,568,EleutherAI/pythia-1.4b
1214,8.749197674307995,1028,EleutherAI/pythia-1.4b
1215,6.27830193972759,90,EleutherAI/pythia-1.4b
1216,4.874598688539499,377,EleutherAI/pythia-1.4b
1217,5.0303651822495095,487,EleutherAI/pythia-1.4b
1218,21.213421993304692,471,EleutherAI/pythia-1.4b
1219,16.10390124292439,1194,EleutherAI/pythia-1.4b
1220,4.712294533726376,452,EleutherAI/pythia-1.4b
1221,8.499951221261506,1029,EleutherAI/pythia-1.4b
1222,22.372700584329785,508,EleutherAI/pythia-1.4b
1223,50.87340859313196,242,EleutherAI/pythia-1.4b
1224,7.700237577128207,89,EleutherAI/pythia-1.4b
1225,14.382415674500594,536,EleutherAI/pythia-1.4b
1226,15.725244982966249,539,EleutherAI/pythia-1.4b
1227,46.92917208766666,49,EleutherAI/pythia-1.4b
1228,21.090875849514955,460,EleutherAI/pythia-1.4b
1229,5.837268207182378,125,EleutherAI/pythia-1.4b
1230,15.862074937568563,683,EleutherAI/pythia-1.4b
1231,20.932199394223105,807,EleutherAI/pythia-1.4b
1232,4.140036495742846,255,EleutherAI/pythia-1.4b
1233,24.593618331923633,152,EleutherAI/pythia-1.4b
1234,67.18483341578765,178,EleutherAI/pythia-1.4b
1235,6.919295876678764,264,EleutherAI/pythia-1.4b
1236,3.3657026612816052,134,EleutherAI/pythia-1.4b
1237,26.92564391260364,980,EleutherAI/pythia-1.4b
1238,10.376454919340853,392,EleutherAI/pythia-1.4b
1239,4.080748381235467,495,EleutherAI/pythia-1.4b
1240,23.906228288361717,603,EleutherAI/pythia-1.4b
1241,20.797716695059286,240,EleutherAI/pythia-1.4b
1242,3.205000321318632,402,EleutherAI/pythia-1.4b
1243,32.943277410970204,278,EleutherAI/pythia-1.4b
1244,8.913395995219833,508,EleutherAI/pythia-1.4b
1245,8.621583268139029,520,EleutherAI/pythia-1.4b
1246,2.142034849115531,1070,EleutherAI/pythia-1.4b
1247,15.68096576424577,559,EleutherAI/pythia-1.4b
1248,13.870354989466398,563,EleutherAI/pythia-1.4b
1249,20.920145515616984,489,EleutherAI/pythia-1.4b
1250,4.68229415864164,202,EleutherAI/pythia-1.4b
1251,9.828639219964987,283,EleutherAI/pythia-1.4b
1252,17.18347020988173,217,EleutherAI/pythia-1.4b
1253,16.70374290117938,723,EleutherAI/pythia-1.4b
1254,20.019493737862796,311,EleutherAI/pythia-1.4b
1255,19.78795791237975,511,EleutherAI/pythia-1.4b
1256,17.038722668378348,584,EleutherAI/pythia-1.4b
1257,40.4256048433339,269,EleutherAI/pythia-1.4b
1258,57.23485177717367,54,EleutherAI/pythia-1.4b
1259,13.525036099458578,510,EleutherAI/pythia-1.4b
1260,17.866375874877104,1016,EleutherAI/pythia-1.4b
1261,6.02398612657464,242,EleutherAI/pythia-1.4b
1262,22.372241859229028,727,EleutherAI/pythia-1.4b
1263,5.127357336372972,204,EleutherAI/pythia-1.4b
1264,11.758009288631419,2742,EleutherAI/pythia-1.4b
1265,5.623972497392543,131,EleutherAI/pythia-1.4b
1266,42.57630810273456,44,EleutherAI/pythia-1.4b
1267,7.812733479395909,1028,EleutherAI/pythia-1.4b
1268,4.274172282636754,244,EleutherAI/pythia-1.4b
1269,19.05102498138669,261,EleutherAI/pythia-1.4b
1270,13.798404439660857,422,EleutherAI/pythia-1.4b
1271,34.42763571932659,364,EleutherAI/pythia-1.4b
1272,4.077952176765566,117,EleutherAI/pythia-1.4b
1273,24.667886885712097,685,EleutherAI/pythia-1.4b
1274,16.04858907075064,259,EleutherAI/pythia-1.4b
1275,17.2459993436713,512,EleutherAI/pythia-1.4b
1276,11.953969105335952,497,EleutherAI/pythia-1.4b
1277,4.83510891053599,448,EleutherAI/pythia-1.4b
1278,8.451414712499687,1002,EleutherAI/pythia-1.4b
1279,20.69058121897489,906,EleutherAI/pythia-1.4b
1280,14.528932080294357,374,EleutherAI/pythia-1.4b
1281,17.207810481756944,953,EleutherAI/pythia-1.4b
1282,14.174288483234614,347,EleutherAI/pythia-1.4b
1283,12.745030851645666,1518,EleutherAI/pythia-1.4b
1284,23.233967848531723,564,EleutherAI/pythia-1.4b
1285,5.562411129081402,229,EleutherAI/pythia-1.4b
1286,5.300556162458981,141,EleutherAI/pythia-1.4b
1287,37.70401035397109,242,EleutherAI/pythia-1.4b
1288,22.859311276931678,877,EleutherAI/pythia-1.4b
1289,13.041445486055276,666,EleutherAI/pythia-1.4b
1290,4.768020042364525,450,EleutherAI/pythia-1.4b
1291,11.321483723820254,1543,EleutherAI/pythia-1.4b
1292,4.195453528559444,467,EleutherAI/pythia-1.4b
1293,3.8426013179117486,559,EleutherAI/pythia-1.4b
1294,46.897261333912205,221,EleutherAI/pythia-1.4b
1295,11.35754237387944,493,EleutherAI/pythia-1.4b
1296,3.7871559513752864,221,EleutherAI/pythia-1.4b
1297,7.5926210182536815,896,EleutherAI/pythia-1.4b
1298,27.07675946216899,239,EleutherAI/pythia-1.4b
1299,5.0024171067053675,181,EleutherAI/pythia-1.4b
1300,24.108828153730563,481,EleutherAI/pythia-1.4b
1301,3.9830786250952053,471,EleutherAI/pythia-1.4b
1302,5.261063310397511,418,EleutherAI/pythia-1.4b
1303,3.9632370515885222,347,EleutherAI/pythia-1.4b
1304,52.07505646228886,14,EleutherAI/pythia-1.4b
1305,25.046190037429522,143,EleutherAI/pythia-1.4b
1306,4.771455505600443,478,EleutherAI/pythia-1.4b
1307,43.51225744874932,21,EleutherAI/pythia-1.4b
1308,1.9136110545945133,790,EleutherAI/pythia-1.4b
1309,19.33973022744715,692,EleutherAI/pythia-1.4b
1310,16.348642540501423,1448,EleutherAI/pythia-1.4b
1311,8.374682329700557,153,EleutherAI/pythia-1.4b
1312,4.950485416724788,222,EleutherAI/pythia-1.4b
1313,5.343872868639899,229,EleutherAI/pythia-1.4b
1314,3.5740759763225904,358,EleutherAI/pythia-1.4b
1315,4.447708781005379,504,EleutherAI/pythia-1.4b
1316,9.926533417618826,660,EleutherAI/pythia-1.4b
1317,5.018810909991342,228,EleutherAI/pythia-1.4b
1318,12.972025603586234,243,EleutherAI/pythia-1.4b
1319,5.075557537395271,188,EleutherAI/pythia-1.4b
1320,75.29107047224805,812,EleutherAI/pythia-1.4b
1321,5.9890424168743825,496,EleutherAI/pythia-1.4b
1322,16.21692299739992,952,EleutherAI/pythia-1.4b
1323,15.855117927068727,74,EleutherAI/pythia-1.4b
1324,6.062508545378828,111,EleutherAI/pythia-1.4b
1325,17.589899215782093,404,EleutherAI/pythia-1.4b
1326,12.506061009061208,433,EleutherAI/pythia-1.4b
1327,7.871907200845947,557,EleutherAI/pythia-1.4b
1328,23.191043886842778,503,EleutherAI/pythia-1.4b
1329,2.9559602674367262,407,EleutherAI/pythia-1.4b
1330,20.50137256831997,670,EleutherAI/pythia-1.4b
1331,24.520333362937933,387,EleutherAI/pythia-1.4b
1332,12.316477984614908,1947,EleutherAI/pythia-1.4b
1333,23.098119237142836,502,EleutherAI/pythia-1.4b
1334,7.796561507336821,110,EleutherAI/pythia-1.4b
1335,9.275720643493996,1030,EleutherAI/pythia-1.4b
1336,5.481996839661487,744,EleutherAI/pythia-1.4b
1337,15.234113260628396,1262,EleutherAI/pythia-1.4b
1338,11.896576248353176,700,EleutherAI/pythia-1.4b
1339,17.741710422199464,1069,EleutherAI/pythia-1.4b
1340,20.896432232194584,1180,EleutherAI/pythia-1.4b
1341,3.9021523183085822,362,EleutherAI/pythia-1.4b
1342,3.290760971640448,303,EleutherAI/pythia-1.4b
1343,9.833758385790915,348,EleutherAI/pythia-1.4b
1344,17.80386823931375,392,EleutherAI/pythia-1.4b
1345,17.351772756717228,238,EleutherAI/pythia-1.4b
1346,13.27383977561743,664,EleutherAI/pythia-1.4b
1347,5.869313059072029,149,EleutherAI/pythia-1.4b
1348,15.046822790964956,241,EleutherAI/pythia-1.4b
1349,9.207901898685927,1035,EleutherAI/pythia-1.4b
1350,8.89920937554232,653,EleutherAI/pythia-1.4b
1351,18.163975938310386,953,EleutherAI/pythia-1.4b
1352,15.796592231655037,252,EleutherAI/pythia-1.4b
1353,26.997497612193897,666,EleutherAI/pythia-1.4b
1354,14.749252278746322,175,EleutherAI/pythia-1.4b
1355,4.2154741184602535,466,EleutherAI/pythia-1.4b
1356,42.71417817445252,249,EleutherAI/pythia-1.4b
1357,5.518835278161613,162,EleutherAI/pythia-1.4b
1358,9.35943669986731,438,EleutherAI/pythia-1.4b
1359,4.429277274558245,467,EleutherAI/pythia-1.4b
1360,15.582051977220504,1175,EleutherAI/pythia-1.4b
1361,12.283233668902293,273,EleutherAI/pythia-1.4b
1362,18.877606160290792,266,EleutherAI/pythia-1.4b
1363,20.526213290775395,705,EleutherAI/pythia-1.4b
1364,21.305544668468578,301,EleutherAI/pythia-1.4b
1365,10.5460111643102,378,EleutherAI/pythia-1.4b
1366,7.53828165536275,239,EleutherAI/pythia-1.4b
1367,17.115409049464994,599,EleutherAI/pythia-1.4b
1368,20.35114835557075,668,EleutherAI/pythia-1.4b
1369,23.939680347204284,228,EleutherAI/pythia-1.4b
1370,28.950230748980744,232,EleutherAI/pythia-1.4b
1371,83.99758430543308,632,EleutherAI/pythia-1.4b
1372,7.974326455473935,827,EleutherAI/pythia-1.4b
1373,46.11110147071767,355,EleutherAI/pythia-1.4b
1374,3.1417966623278053,341,EleutherAI/pythia-1.4b
1375,6.022320329889371,455,EleutherAI/pythia-1.4b
1376,9.081386014329398,319,EleutherAI/pythia-1.4b
1377,23.35911768011061,857,EleutherAI/pythia-1.4b
1378,22.112340685211514,872,EleutherAI/pythia-1.4b
1379,7.55505080235657,690,EleutherAI/pythia-1.4b
1380,6.070904262928815,185,EleutherAI/pythia-1.4b
1381,8.631064543030252,1026,EleutherAI/pythia-1.4b
1382,4.21076308078311,334,EleutherAI/pythia-1.4b
1383,4.622106389581652,560,EleutherAI/pythia-1.4b
1384,4.950760431397308,464,EleutherAI/pythia-1.4b
1385,9.586176319087729,507,EleutherAI/pythia-1.4b
1386,29.839620832158833,29,EleutherAI/pythia-1.4b
1387,4.263790681861215,353,EleutherAI/pythia-1.4b
1388,116.2601424953358,25,EleutherAI/pythia-1.4b
1389,15.644739190266884,662,EleutherAI/pythia-1.4b
1390,18.562254304588702,161,EleutherAI/pythia-1.4b
1391,4.422489619278073,534,EleutherAI/pythia-1.4b
1392,5.12696555379299,195,EleutherAI/pythia-1.4b
1393,34.74931424025772,202,EleutherAI/pythia-1.4b
1394,23.289489111000368,574,EleutherAI/pythia-1.4b
1395,9.970658360859044,469,EleutherAI/pythia-1.4b
1396,4.351034207248914,342,EleutherAI/pythia-1.4b
1397,18.237946054475767,695,EleutherAI/pythia-1.4b
1398,22.083553271325112,986,EleutherAI/pythia-1.4b
1399,6.018408238090913,406,EleutherAI/pythia-1.4b
1400,5.217618530657126,460,EleutherAI/pythia-1.4b
1401,8.715314272520148,389,EleutherAI/pythia-1.4b
1402,7.9386520060777475,876,EleutherAI/pythia-1.4b
1403,33.19565503451619,94,EleutherAI/pythia-1.4b
1404,9.821785026871874,1043,EleutherAI/pythia-1.4b
1405,51.43329280271084,72,EleutherAI/pythia-1.4b
1406,42.96212847677755,78,EleutherAI/pythia-1.4b
1407,9.343582205822347,676,EleutherAI/pythia-1.4b
1408,5.482652997895592,209,EleutherAI/pythia-1.4b
1409,8.189023395422918,762,EleutherAI/pythia-1.4b
1410,18.572439514630524,2199,EleutherAI/pythia-1.4b
1411,51.44196322882231,99,EleutherAI/pythia-1.4b
1412,29.06798076123078,729,EleutherAI/pythia-1.4b
1413,4.351087113307624,272,EleutherAI/pythia-1.4b
1414,8.172935697069887,243,EleutherAI/pythia-1.4b
1415,23.736645615761688,482,EleutherAI/pythia-1.4b
1416,3.347887528324371,309,EleutherAI/pythia-1.4b
1417,15.244544576912931,256,EleutherAI/pythia-1.4b
1418,10.403614676157643,251,EleutherAI/pythia-1.4b
1419,8.75390697843187,483,EleutherAI/pythia-1.4b
1420,15.832691024972872,963,EleutherAI/pythia-1.4b
1421,22.500366309679656,597,EleutherAI/pythia-1.4b
1422,8.53067433730162,609,EleutherAI/pythia-1.4b
1423,17.187006162569563,668,EleutherAI/pythia-1.4b
1424,16.416041875025762,277,EleutherAI/pythia-1.4b
1425,13.143273297072765,548,EleutherAI/pythia-1.4b
1426,35.08938839529012,169,EleutherAI/pythia-1.4b
1427,61.754806240624056,17,EleutherAI/pythia-1.4b
1428,6.359793897198094,151,EleutherAI/pythia-1.4b
1429,30.623288987267657,227,EleutherAI/pythia-1.4b
1430,4.855933636649125,216,EleutherAI/pythia-1.4b
1431,4.488268486010624,408,EleutherAI/pythia-1.4b
1432,14.962971247070742,1363,EleutherAI/pythia-1.4b
1433,4.8022361023110305,173,EleutherAI/pythia-1.4b
1434,12.12935847114856,845,EleutherAI/pythia-1.4b
1435,16.853474335224337,807,EleutherAI/pythia-1.4b
1436,6.604492039482876,279,EleutherAI/pythia-1.4b
1437,3.3978179452576045,293,EleutherAI/pythia-1.4b
1438,4.117042336112226,400,EleutherAI/pythia-1.4b
1439,43.401488849407485,25,EleutherAI/pythia-1.4b
1440,13.411898919752813,240,EleutherAI/pythia-1.4b
1441,4.191707674973273,361,EleutherAI/pythia-1.4b
1442,17.54907429206172,515,EleutherAI/pythia-1.4b
1443,5.297284689049651,249,EleutherAI/pythia-1.4b
1444,50.84524034216153,459,EleutherAI/pythia-1.4b
1445,10.147729778740775,575,EleutherAI/pythia-1.4b
1446,22.364519620929194,234,EleutherAI/pythia-1.4b
1447,4.567668022914291,574,EleutherAI/pythia-1.4b
1448,20.766570519135385,538,EleutherAI/pythia-1.4b
1449,7.793117828082924,295,EleutherAI/pythia-1.4b
1450,12.83328576332507,1033,EleutherAI/pythia-1.4b
1451,8.225536626797647,616,EleutherAI/pythia-1.4b
1452,115.73727437027502,41,EleutherAI/pythia-1.4b
1453,13.646195695916779,300,EleutherAI/pythia-1.4b
1454,21.395644232292753,689,EleutherAI/pythia-1.4b
1455,3.7368086322560385,59,EleutherAI/pythia-1.4b
1456,6.722181124359181,1348,EleutherAI/pythia-1.4b
1457,2.940350762106374,529,EleutherAI/pythia-1.4b
1458,13.997497783736383,608,EleutherAI/pythia-1.4b
1459,25.070159065099986,218,EleutherAI/pythia-1.4b
1460,21.14855050647984,536,EleutherAI/pythia-1.4b
1461,25.586947480216953,429,EleutherAI/pythia-1.4b
1462,1.2416817490448862,513,EleutherAI/pythia-1.4b
1463,14.227587171374182,712,EleutherAI/pythia-1.4b
1464,4.00701757742022,994,EleutherAI/pythia-1.4b
1465,28.851008443348736,99,EleutherAI/pythia-1.4b
1466,3.9569230053057933,306,EleutherAI/pythia-1.4b
1467,5.185103804726568,216,EleutherAI/pythia-1.4b
1468,5.234088605581594,189,EleutherAI/pythia-1.4b
1469,9.649545264560382,611,EleutherAI/pythia-1.4b
1470,24.95260714526923,891,EleutherAI/pythia-1.4b
1471,8.43888884894842,154,EleutherAI/pythia-1.4b
1472,23.952771600196467,493,EleutherAI/pythia-1.4b
1473,16.838918734951903,604,EleutherAI/pythia-1.4b
1474,18.11199629070132,531,EleutherAI/pythia-1.4b
1475,12.917140188190672,284,EleutherAI/pythia-1.4b
1476,7.627926145822121,472,EleutherAI/pythia-1.4b
1477,38.75107025052661,170,EleutherAI/pythia-1.4b
1478,5.407404909624237,1027,EleutherAI/pythia-1.4b
1479,8.206281382411879,490,EleutherAI/pythia-1.4b
1480,14.205060985847751,511,EleutherAI/pythia-1.4b
1481,29.61047786561527,346,EleutherAI/pythia-1.4b
1482,13.145561024548687,716,EleutherAI/pythia-1.4b
1483,4.713602467538405,405,EleutherAI/pythia-1.4b
1484,3.196139496246671,497,EleutherAI/pythia-1.4b
1485,135.65744004687585,51,EleutherAI/pythia-1.4b
1486,36.31475458535274,231,EleutherAI/pythia-1.4b
1487,9.811568840599163,319,EleutherAI/pythia-1.4b
1488,14.05231929470136,795,EleutherAI/pythia-1.4b
1489,7.713629099544735,1039,EleutherAI/pythia-1.4b
1490,6.583479934823283,1547,EleutherAI/pythia-1.4b
1491,16.441047169821612,596,EleutherAI/pythia-1.4b
1492,14.837699585108307,337,EleutherAI/pythia-1.4b
1493,6.600170297526191,817,EleutherAI/pythia-1.4b
1494,8.22641917848027,1089,EleutherAI/pythia-1.4b
1495,15.090962720741564,631,EleutherAI/pythia-1.4b
1496,28.554294807686315,719,EleutherAI/pythia-1.4b
1497,7.02287623649368,464,EleutherAI/pythia-1.4b
1498,8.641975748838433,232,EleutherAI/pythia-1.4b
1499,3.510026052503783,574,EleutherAI/pythia-1.4b
1500,22.14030518713408,221,EleutherAI/pythia-1.4b
1501,8.3907910421107,571,EleutherAI/pythia-1.4b
1502,59.638120952933924,107,EleutherAI/pythia-1.4b
1503,28.061412406352638,395,EleutherAI/pythia-1.4b
1504,20.160044298227103,326,EleutherAI/pythia-1.4b
1505,11.072105849019813,244,EleutherAI/pythia-1.4b
1506,17.433745696197228,183,EleutherAI/pythia-1.4b
1507,14.618319956700688,547,EleutherAI/pythia-1.4b
1508,12.686840210088697,385,EleutherAI/pythia-1.4b
1509,10.92756785527468,886,EleutherAI/pythia-1.4b
1510,3.736643814839074,280,EleutherAI/pythia-1.4b
1511,9.133013485431224,1037,EleutherAI/pythia-1.4b
1512,11.428636496331558,240,EleutherAI/pythia-1.4b
1513,4.580187607927755,248,EleutherAI/pythia-1.4b
1514,12.207239538346741,255,EleutherAI/pythia-1.4b
1515,33.28515347298508,117,EleutherAI/pythia-1.4b
1516,4.639347234872543,359,EleutherAI/pythia-1.4b
1517,18.828027862724134,1037,EleutherAI/pythia-1.4b
1518,12.703605525441366,742,EleutherAI/pythia-1.4b
1519,15.509743348490487,378,EleutherAI/pythia-1.4b
1520,4.640574069249154,241,EleutherAI/pythia-1.4b
1521,4.676762028078735,259,EleutherAI/pythia-1.4b
1522,5.029195968945199,376,EleutherAI/pythia-1.4b
1523,18.729242065013445,3841,EleutherAI/pythia-1.4b
1524,4.660637608308504,497,EleutherAI/pythia-1.4b
1525,16.243108150303645,547,EleutherAI/pythia-1.4b
1526,17.952119520558988,472,EleutherAI/pythia-1.4b
1527,17.1185269358915,621,EleutherAI/pythia-1.4b
1528,16.693853343025527,294,EleutherAI/pythia-1.4b
1529,11.527962218916851,240,EleutherAI/pythia-1.4b
1530,6.929851204179639,170,EleutherAI/pythia-1.4b
1531,4.087555780171247,465,EleutherAI/pythia-1.4b
1532,42.518801052653835,44,EleutherAI/pythia-1.4b
1533,21.21114110499296,271,EleutherAI/pythia-1.4b
1534,8.541867966711534,658,EleutherAI/pythia-1.4b
1535,15.874593895627173,469,EleutherAI/pythia-1.4b
1536,18.290064768910668,532,EleutherAI/pythia-1.4b
1537,8.101462426827027,1031,EleutherAI/pythia-1.4b
1538,20.49991602344444,392,EleutherAI/pythia-1.4b
1539,18.878654869303972,749,EleutherAI/pythia-1.4b
1540,5.792636978173114,263,EleutherAI/pythia-1.4b
1541,16.160979882957896,196,EleutherAI/pythia-1.4b
1542,9.542212566301522,202,EleutherAI/pythia-1.4b
1543,11.289845616266732,1048,EleutherAI/pythia-1.4b
1544,55.669639632478926,29,EleutherAI/pythia-1.4b
1545,10.345544643379371,172,EleutherAI/pythia-1.4b
1546,25.227714753414286,71,EleutherAI/pythia-1.4b
1547,27.76386172574714,193,EleutherAI/pythia-1.4b
1548,8.413926890726568,1527,EleutherAI/pythia-1.4b
1549,13.419975406415134,216,EleutherAI/pythia-1.4b
1550,4.512475756303846,239,EleutherAI/pythia-1.4b
1551,21.947481005368825,52,EleutherAI/pythia-1.4b
1552,4.207964568659789,344,EleutherAI/pythia-1.4b
1553,5.516123437659028,180,EleutherAI/pythia-1.4b
1554,23.04396619738497,476,EleutherAI/pythia-1.4b
1555,29.410246272462565,527,EleutherAI/pythia-1.4b
1556,7.316368459851971,341,EleutherAI/pythia-1.4b
1557,10.200354804345944,1357,EleutherAI/pythia-1.4b
1558,17.805799715776075,480,EleutherAI/pythia-1.4b
1559,23.509372644003875,175,EleutherAI/pythia-1.4b
1560,9.826474221344677,711,EleutherAI/pythia-1.4b
1561,4.515382584771283,46,EleutherAI/pythia-1.4b
1562,3.4746194011107847,585,EleutherAI/pythia-1.4b
1563,1.9088762416720175,1090,EleutherAI/pythia-1.4b
1564,7.489863102132763,625,EleutherAI/pythia-1.4b
1565,19.56126845153494,752,EleutherAI/pythia-1.4b
1566,6.349911561874922,177,EleutherAI/pythia-1.4b
1567,5.727759788733473,150,EleutherAI/pythia-1.4b
1568,23.720550487971895,406,EleutherAI/pythia-1.4b
1569,33.0961692617218,626,EleutherAI/pythia-1.4b
1570,5.792636978173114,263,EleutherAI/pythia-1.4b
1571,6.356693833767468,431,EleutherAI/pythia-1.4b
1572,3.4684180511040457,526,EleutherAI/pythia-1.4b
1573,17.657918960219398,403,EleutherAI/pythia-1.4b
1574,12.685724115948851,585,EleutherAI/pythia-1.4b
1575,43.58243272496838,138,EleutherAI/pythia-1.4b
1576,7.648158012153562,143,EleutherAI/pythia-1.4b
1577,23.055440754275367,87,EleutherAI/pythia-1.4b
1578,82.54242760525293,1126,EleutherAI/pythia-1.4b
1579,28.52730073755601,615,EleutherAI/pythia-1.4b
1580,4.441076584426632,231,EleutherAI/pythia-1.4b
1581,4.451162837332034,535,EleutherAI/pythia-1.4b
1582,31.231999832880028,614,EleutherAI/pythia-1.4b
1583,5.726708369897669,227,EleutherAI/pythia-1.4b
1584,12.22667631332614,604,EleutherAI/pythia-1.4b
1585,13.906563670752455,525,EleutherAI/pythia-1.4b
1586,17.367844107608256,214,EleutherAI/pythia-1.4b
1587,97.86216312802306,41,EleutherAI/pythia-1.4b
1588,22.06612204589979,395,EleutherAI/pythia-1.4b
1589,9.43747767786827,167,EleutherAI/pythia-1.4b
1590,51.009509756029594,84,EleutherAI/pythia-1.4b
1591,8.837153771773357,639,EleutherAI/pythia-1.4b
1592,6.978897839817119,296,EleutherAI/pythia-1.4b
1593,5.646455260674835,243,EleutherAI/pythia-1.4b
1594,30.114646674958088,203,EleutherAI/pythia-1.4b
1595,10.47408023270335,437,EleutherAI/pythia-1.4b
1596,20.686319529536036,954,EleutherAI/pythia-1.4b
1597,13.132692255874975,203,EleutherAI/pythia-1.4b
1598,4.2890900266971705,342,EleutherAI/pythia-1.4b
1599,12.706143892944267,857,EleutherAI/pythia-1.4b
1600,2.939952952082028,488,EleutherAI/pythia-1.4b
1601,16.446128081790196,625,EleutherAI/pythia-1.4b
1602,3.84478924282947,109,EleutherAI/pythia-1.4b
1603,21.51223566286358,393,EleutherAI/pythia-1.4b
1604,32.943277410970204,278,EleutherAI/pythia-1.4b
1605,4.475468206292053,333,EleutherAI/pythia-1.4b
1606,51.29310136328086,26,EleutherAI/pythia-1.4b
1607,4.3442157526837715,402,EleutherAI/pythia-1.4b
1608,14.317715159854517,581,EleutherAI/pythia-1.4b
1609,3.462929480609824,532,EleutherAI/pythia-1.4b
1610,17.451989927925617,364,EleutherAI/pythia-1.4b
1611,29.113597407187335,509,EleutherAI/pythia-1.4b
1612,13.939440006406237,631,EleutherAI/pythia-1.4b
1613,6.872158123479762,491,EleutherAI/pythia-1.4b
1614,23.756755811850095,178,EleutherAI/pythia-1.4b
1615,19.93276546336757,436,EleutherAI/pythia-1.4b
1616,7.171534120468298,189,EleutherAI/pythia-1.4b
1617,16.79357752104208,1322,EleutherAI/pythia-1.4b
1618,11.395219462351887,196,EleutherAI/pythia-1.4b
1619,15.028717110242576,1071,EleutherAI/pythia-1.4b
1620,13.824790771684757,102,EleutherAI/pythia-1.4b
1621,34.12399918162591,194,EleutherAI/pythia-1.4b
1622,3.4594503871696167,264,EleutherAI/pythia-1.4b
1623,20.587678665589664,35,EleutherAI/pythia-1.4b
1624,16.888416449633336,621,EleutherAI/pythia-1.4b
1625,26.408292332775524,176,EleutherAI/pythia-1.4b
1626,8.55135740075809,132,EleutherAI/pythia-1.4b
1627,5.105319918308414,252,EleutherAI/pythia-1.4b
1628,14.570131925639277,396,EleutherAI/pythia-1.4b
1629,23.176379621869696,535,EleutherAI/pythia-1.4b
1630,5.683183298473435,113,EleutherAI/pythia-1.4b
1631,17.807761121660135,110,EleutherAI/pythia-1.4b
1632,25.19468531054113,246,EleutherAI/pythia-1.4b
1633,27.574329047357697,259,EleutherAI/pythia-1.4b
1634,4.621175296723515,218,EleutherAI/pythia-1.4b
1635,9.776719755913286,1017,EleutherAI/pythia-1.4b
1636,56.39997954216447,1065,EleutherAI/pythia-1.4b
1637,11.37601950271232,451,EleutherAI/pythia-1.4b
1638,13.661127694158438,473,EleutherAI/pythia-1.4b
1639,27.261513625516727,548,EleutherAI/pythia-1.4b
1640,23.10478369352921,764,EleutherAI/pythia-1.4b
1641,10.095773403320468,566,EleutherAI/pythia-1.4b
1642,19.92669658424567,1690,EleutherAI/pythia-1.4b
1643,15.790206045872038,1015,EleutherAI/pythia-1.4b
1644,18.155282115833547,76,EleutherAI/pythia-1.4b
1645,4.627640618227521,227,EleutherAI/pythia-1.4b
1646,5.394426402891196,187,EleutherAI/pythia-1.4b
1647,3.6415738935161017,299,EleutherAI/pythia-1.4b
1648,11.847328553475089,304,EleutherAI/pythia-1.4b
1649,9.92324019562907,2615,EleutherAI/pythia-1.4b
1650,4.574445097254174,440,EleutherAI/pythia-1.4b
1651,6.538134045699443,132,EleutherAI/pythia-1.4b
1652,6.7086072173662075,172,EleutherAI/pythia-1.4b
1653,5.424269732510299,207,EleutherAI/pythia-1.4b
1654,7.4019029145492405,1111,EleutherAI/pythia-1.4b
1655,13.120277142206703,844,EleutherAI/pythia-1.4b
1656,10.396228143236543,444,EleutherAI/pythia-1.4b
1657,26.780006740572247,234,EleutherAI/pythia-1.4b
1658,4.079390402219575,285,EleutherAI/pythia-1.4b
1659,4.207443910524956,469,EleutherAI/pythia-1.4b
1660,29.361924599645455,240,EleutherAI/pythia-1.4b
1661,17.645083201074705,861,EleutherAI/pythia-1.4b
1662,47.97831966146915,71,EleutherAI/pythia-1.4b
1663,25.697946477995828,363,EleutherAI/pythia-1.4b
1664,17.27741303399409,1037,EleutherAI/pythia-1.4b
1665,6.03545167809774,818,EleutherAI/pythia-1.4b
1666,10.454806998317252,246,EleutherAI/pythia-1.4b
1667,11.12795383610477,423,EleutherAI/pythia-1.4b
1668,8.262776064029493,283,EleutherAI/pythia-1.4b
1669,24.99384510151371,228,EleutherAI/pythia-1.4b
1670,25.971059017683693,435,EleutherAI/pythia-1.4b
1671,4.362566315618287,554,EleutherAI/pythia-1.4b
1672,3.3995605182882707,485,EleutherAI/pythia-1.4b
1673,38.88180003180032,161,EleutherAI/pythia-1.4b
1674,7.957882604829927,892,EleutherAI/pythia-1.4b
1675,19.467458524245316,306,EleutherAI/pythia-1.4b
1676,7.622993772739905,323,EleutherAI/pythia-1.4b
1677,10.87723442196356,581,EleutherAI/pythia-1.4b
1678,30.334547219096628,286,EleutherAI/pythia-1.4b
1679,3.3499602932443344,358,EleutherAI/pythia-1.4b
1680,64.69438396077369,109,EleutherAI/pythia-1.4b
1681,13.51723799288164,860,EleutherAI/pythia-1.4b
1682,20.28097735461746,500,EleutherAI/pythia-1.4b
1683,13.232228803883594,709,EleutherAI/pythia-1.4b
1684,19.264340950694134,203,EleutherAI/pythia-1.4b
1685,45.28182728983859,45,EleutherAI/pythia-1.4b
1686,4.666305304980994,493,EleutherAI/pythia-1.4b
1687,14.687204480404674,498,EleutherAI/pythia-1.4b
1688,13.333651441242235,785,EleutherAI/pythia-1.4b
1689,6.171857302124796,139,EleutherAI/pythia-1.4b
1690,19.819309025406,785,EleutherAI/pythia-1.4b
1691,3.9357645089690014,492,EleutherAI/pythia-1.4b
1692,31.310522694020914,139,EleutherAI/pythia-1.4b
1693,7.318103429733268,232,EleutherAI/pythia-1.4b
1694,19.606227478428142,758,EleutherAI/pythia-1.4b
1695,15.662631016471133,411,EleutherAI/pythia-1.4b
1696,6.761740142046445,184,EleutherAI/pythia-1.4b
1697,24.16656679243503,472,EleutherAI/pythia-1.4b
1698,19.898995448636622,468,EleutherAI/pythia-1.4b
1699,7.5317280779347096,122,EleutherAI/pythia-1.4b
1700,28.40756175782738,69,EleutherAI/pythia-1.4b
1701,9.469182549537265,580,EleutherAI/pythia-1.4b
1702,24.615505065370797,802,EleutherAI/pythia-1.4b
1703,13.92046954327898,640,EleutherAI/pythia-1.4b
1704,14.646557042152844,406,EleutherAI/pythia-1.4b
1705,9.547496673476713,188,EleutherAI/pythia-1.4b
1706,9.794731273353435,281,EleutherAI/pythia-1.4b
1707,9.191692657701465,1037,EleutherAI/pythia-1.4b
1708,4.5278560161052575,374,EleutherAI/pythia-1.4b
1709,21.25854390359872,689,EleutherAI/pythia-1.4b
1710,3.511010332462345,329,EleutherAI/pythia-1.4b
1711,10.433608842079174,846,EleutherAI/pythia-1.4b
1712,13.367534771428234,386,EleutherAI/pythia-1.4b
1713,11.39618941266587,739,EleutherAI/pythia-1.4b
1714,18.907708795486702,376,EleutherAI/pythia-1.4b
1715,5.223550695705064,206,EleutherAI/pythia-1.4b
1716,19.50653189012078,255,EleutherAI/pythia-1.4b
1717,4.098940697232137,469,EleutherAI/pythia-1.4b
1718,18.963744330006932,632,EleutherAI/pythia-1.4b
1719,23.333451989561805,452,EleutherAI/pythia-1.4b
1720,12.073711124087769,1147,EleutherAI/pythia-1.4b
1721,6.840100662546308,411,EleutherAI/pythia-1.4b
1722,3.436179411733889,240,EleutherAI/pythia-1.4b
1723,4.563714969527423,329,EleutherAI/pythia-1.4b
1724,14.854792412430493,520,EleutherAI/pythia-1.4b
1725,30.16655170953903,90,EleutherAI/pythia-1.4b
1726,11.062377198719092,398,EleutherAI/pythia-1.4b
1727,9.617912937009994,319,EleutherAI/pythia-1.4b
1728,23.603017615927822,907,EleutherAI/pythia-1.4b
1729,20.35570012670098,682,EleutherAI/pythia-1.4b
1730,5.4810428054616835,587,EleutherAI/pythia-1.4b
1731,5.908375278146115,213,EleutherAI/pythia-1.4b
1732,7.924745122766517,294,EleutherAI/pythia-1.4b
1733,14.281590205811348,93,EleutherAI/pythia-1.4b
1734,16.350287503344706,945,EleutherAI/pythia-1.4b
1735,20.073956240043444,392,EleutherAI/pythia-1.4b
1736,18.177132822323085,456,EleutherAI/pythia-1.4b
1737,4.228244962460923,340,EleutherAI/pythia-1.4b
1738,16.50166940198137,931,EleutherAI/pythia-1.4b
1739,6.8216607497913975,451,EleutherAI/pythia-1.4b
1740,4.725016760121681,103,EleutherAI/pythia-1.4b
1741,16.304776959585677,237,EleutherAI/pythia-1.4b
1742,33.106973450160204,42,EleutherAI/pythia-1.4b
1743,3.9015267110402494,386,EleutherAI/pythia-1.4b
1744,59.68124804995199,290,EleutherAI/pythia-1.4b
1745,14.515688444901043,862,EleutherAI/pythia-1.4b
1746,4.21500780228393,399,EleutherAI/pythia-1.4b
1747,4.899284407652131,321,EleutherAI/pythia-1.4b
1748,9.295131393330196,257,EleutherAI/pythia-1.4b
1749,18.657048181979825,282,EleutherAI/pythia-1.4b
1750,7.190373759137584,172,EleutherAI/pythia-1.4b
1751,7.613886456201825,1027,EleutherAI/pythia-1.4b
1752,5.505568321282493,395,EleutherAI/pythia-1.4b
1753,19.593404875757543,375,EleutherAI/pythia-1.4b
1754,3.9159737638941743,682,EleutherAI/pythia-1.4b
1755,17.497665307226416,166,EleutherAI/pythia-1.4b
1756,20.436471224916527,412,EleutherAI/pythia-1.4b
1757,53.3455300972129,75,EleutherAI/pythia-1.4b
1758,20.9716624864299,366,EleutherAI/pythia-1.4b
1759,36.93756621655899,19,EleutherAI/pythia-1.4b
1760,24.193258463830315,245,EleutherAI/pythia-1.4b
1761,9.87301161881003,1021,EleutherAI/pythia-1.4b
1762,45.7787438686372,288,EleutherAI/pythia-1.4b
1763,20.278429279028778,308,EleutherAI/pythia-1.4b
1764,19.28293310075266,391,EleutherAI/pythia-1.4b
1765,18.493171432709104,466,EleutherAI/pythia-1.4b
1766,15.232482536973166,466,EleutherAI/pythia-1.4b
1767,17.448761384770254,1037,EleutherAI/pythia-1.4b
1768,28.61829918193532,501,EleutherAI/pythia-1.4b
1769,5.3056913733307445,209,EleutherAI/pythia-1.4b
1770,21.558188477656028,1034,EleutherAI/pythia-1.4b
1771,9.81049050086183,719,EleutherAI/pythia-1.4b
1772,22.77477366725808,392,EleutherAI/pythia-1.4b
1773,4.221847413972677,397,EleutherAI/pythia-1.4b
1774,8.731478627275896,486,EleutherAI/pythia-1.4b
1775,39.60680133877884,95,EleutherAI/pythia-1.4b
1776,17.153904065761175,698,EleutherAI/pythia-1.4b
1777,4.52087094542361,306,EleutherAI/pythia-1.4b
1778,23.502031147242327,452,EleutherAI/pythia-1.4b
1779,8.463739212881306,1027,EleutherAI/pythia-1.4b
1780,12.267488164361692,501,EleutherAI/pythia-1.4b
1781,9.740624169084482,378,EleutherAI/pythia-1.4b
1782,16.38669049236023,417,EleutherAI/pythia-1.4b
1783,14.196762485387719,253,EleutherAI/pythia-1.4b
1784,4.758363187252712,218,EleutherAI/pythia-1.4b
1785,9.756842985653874,698,EleutherAI/pythia-1.4b
1786,25.382877461285325,71,EleutherAI/pythia-1.4b
1787,31.53993017977354,67,EleutherAI/pythia-1.4b
1788,6.7945820412736255,201,EleutherAI/pythia-1.4b
1789,32.97543284617198,1043,EleutherAI/pythia-1.4b
1790,10.4532866105391,546,EleutherAI/pythia-1.4b
1791,18.98539113881284,90,EleutherAI/pythia-1.4b
1792,53.6018379101468,197,EleutherAI/pythia-1.4b
1793,38.25595631192411,256,EleutherAI/pythia-1.4b
1794,12.882414213055421,636,EleutherAI/pythia-1.4b
1795,7.02857731580756,744,EleutherAI/pythia-1.4b
1796,5.028607268008916,354,EleutherAI/pythia-1.4b
1797,3.62862274970102,419,EleutherAI/pythia-1.4b
1798,31.803204972530146,513,EleutherAI/pythia-1.4b
1799,13.440939358152677,299,EleutherAI/pythia-1.4b
1800,22.20214114381922,394,EleutherAI/pythia-1.4b
1801,36.06576495401074,232,EleutherAI/pythia-1.4b
1802,4.713841283298615,222,EleutherAI/pythia-1.4b
1803,24.420679131975856,529,EleutherAI/pythia-1.4b
1804,16.114128996044364,380,EleutherAI/pythia-1.4b
1805,4.717464337429618,267,EleutherAI/pythia-1.4b
1806,25.487558025438403,826,EleutherAI/pythia-1.4b
1807,5.249311417987892,214,EleutherAI/pythia-1.4b
1808,25.98936897075056,842,EleutherAI/pythia-1.4b
1809,11.990445411824162,309,EleutherAI/pythia-1.4b
1810,6.884670055334225,412,EleutherAI/pythia-1.4b
1811,4.846679927775633,120,EleutherAI/pythia-1.4b
1812,5.506994678269505,113,EleutherAI/pythia-1.4b
1813,3.8754141092336085,412,EleutherAI/pythia-1.4b
1814,29.761118155165054,188,EleutherAI/pythia-1.4b
1815,13.343382700689995,394,EleutherAI/pythia-1.4b
1816,6.571312316367059,565,EleutherAI/pythia-1.4b
1817,10.073134324773873,780,EleutherAI/pythia-1.4b
1818,20.63778153842014,656,EleutherAI/pythia-1.4b
1819,41.9405051283806,46,EleutherAI/pythia-1.4b
1820,50.97458140052214,236,EleutherAI/pythia-1.4b
1821,10.576640292794897,354,EleutherAI/pythia-1.4b
1822,18.01913398821079,520,EleutherAI/pythia-1.4b
1823,3.908937639330158,548,EleutherAI/pythia-1.4b
1824,6.973409964209469,254,EleutherAI/pythia-1.4b
1825,11.860252599738068,592,EleutherAI/pythia-1.4b
1826,42.020897224138196,244,EleutherAI/pythia-1.4b
1827,39.060297228566206,599,EleutherAI/pythia-1.4b
1828,21.167189671624513,193,EleutherAI/pythia-1.4b
1829,15.480823879391163,1422,EleutherAI/pythia-1.4b
1830,14.618232824983538,283,EleutherAI/pythia-1.4b
1831,3.8647532418974286,453,EleutherAI/pythia-1.4b
1832,3.2958800089380627,1060,EleutherAI/pythia-1.4b
1833,6.924290461267041,437,EleutherAI/pythia-1.4b
1834,17.02681196650592,34,EleutherAI/pythia-1.4b
1835,6.760404628823483,623,EleutherAI/pythia-1.4b
1836,22.409177972294664,389,EleutherAI/pythia-1.4b
1837,8.700248041724091,315,EleutherAI/pythia-1.4b
1838,32.75115837235525,575,EleutherAI/pythia-1.4b
1839,263.1652178367691,14,EleutherAI/pythia-1.4b
1840,8.609507180644757,401,EleutherAI/pythia-1.4b
1841,12.334175732211873,711,EleutherAI/pythia-1.4b
1842,14.559759408323277,470,EleutherAI/pythia-1.4b
1843,17.67918371269808,232,EleutherAI/pythia-1.4b
1844,7.155546277915752,882,EleutherAI/pythia-1.4b
1845,31.769109707103432,541,EleutherAI/pythia-1.4b
1846,7.483926143292805,145,EleutherAI/pythia-1.4b
1847,3.9940349430185753,476,EleutherAI/pythia-1.4b
1848,22.827907680170554,1046,EleutherAI/pythia-1.4b
1849,5.461708510682403,533,EleutherAI/pythia-1.4b
1850,5.20222405458666,182,EleutherAI/pythia-1.4b
1851,4.2976321081220465,385,EleutherAI/pythia-1.4b
1852,25.78816329979385,937,EleutherAI/pythia-1.4b
1853,4.821883895848764,357,EleutherAI/pythia-1.4b
1854,1533.8928608641702,14,EleutherAI/pythia-1.4b
1855,19.346707854746416,414,EleutherAI/pythia-1.4b
1856,20.926790255480693,468,EleutherAI/pythia-1.4b
1857,67.95393904285486,354,EleutherAI/pythia-1.4b
1858,4.307619544950135,509,EleutherAI/pythia-1.4b
1859,20.137821551792296,558,EleutherAI/pythia-1.4b
1860,6.844386134658137,846,EleutherAI/pythia-1.4b
1861,5.949978826502657,545,EleutherAI/pythia-1.4b
1862,25.98417694945975,296,EleutherAI/pythia-1.4b
1863,6.145817068528579,184,EleutherAI/pythia-1.4b
1864,14.633701609441639,504,EleutherAI/pythia-1.4b
1865,16.07941254917585,368,EleutherAI/pythia-1.4b
1866,4.830755669341055,157,EleutherAI/pythia-1.4b
1867,3.726125709134381,368,EleutherAI/pythia-1.4b
1868,10.489356839756594,623,EleutherAI/pythia-1.4b
1869,9.808589075542434,424,EleutherAI/pythia-1.4b
1870,5.509713196626563,438,EleutherAI/pythia-1.4b
1871,22.61691056805654,1470,EleutherAI/pythia-1.4b
1872,4.805048904065679,225,EleutherAI/pythia-1.4b
1873,17.702039807963004,554,EleutherAI/pythia-1.4b
1874,5.888779487840241,294,EleutherAI/pythia-1.4b
1875,1.5234530924246534,545,EleutherAI/pythia-1.4b
1876,5.512419257194962,133,EleutherAI/pythia-1.4b
1877,3.657035307470632,522,EleutherAI/pythia-1.4b
1878,24.076310717018938,553,EleutherAI/pythia-1.4b
1879,4.464236843240294,219,EleutherAI/pythia-1.4b
1880,17.80139795283826,976,EleutherAI/pythia-1.4b
1881,15.426423312154645,372,EleutherAI/pythia-1.4b
1882,14.891500942915911,320,EleutherAI/pythia-1.4b
1883,7.396591155586181,574,EleutherAI/pythia-1.4b
1884,9.53485792022712,427,EleutherAI/pythia-1.4b
1885,11.861875813230437,583,EleutherAI/pythia-1.4b
1886,5.31749785569405,524,EleutherAI/pythia-1.4b
1887,10.301401156321075,948,EleutherAI/pythia-1.4b
1888,5.580778508219533,282,EleutherAI/pythia-1.4b
1889,19.24115120063907,404,EleutherAI/pythia-1.4b
1890,19.309575087052746,187,EleutherAI/pythia-1.4b
1891,4.215793735633486,330,EleutherAI/pythia-1.4b
1892,49.79367339197066,24,EleutherAI/pythia-1.4b
1893,21.317983251054034,1070,EleutherAI/pythia-1.4b
1894,17.08756916426975,344,EleutherAI/pythia-1.4b
1895,18.473112025262193,1037,EleutherAI/pythia-1.4b
1896,18.725805644634583,199,EleutherAI/pythia-1.4b
1897,23.669615985322654,366,EleutherAI/pythia-1.4b
1898,27.566230782517813,76,EleutherAI/pythia-1.4b
1899,5.507508073408816,98,EleutherAI/pythia-1.4b
1900,10.65148738824402,2240,EleutherAI/pythia-1.4b
1901,13.263640606394233,622,EleutherAI/pythia-1.4b
1902,16.326214290655223,362,EleutherAI/pythia-1.4b
1903,9.806094160188223,151,EleutherAI/pythia-1.4b
1904,4.402097164379781,172,EleutherAI/pythia-1.4b
1905,14.000601782932714,361,EleutherAI/pythia-1.4b
1906,19.27302363294972,243,EleutherAI/pythia-1.4b
1907,19.194054556923167,553,EleutherAI/pythia-1.4b
1908,7.079210429421402,190,EleutherAI/pythia-1.4b
1909,13.617461738372105,537,EleutherAI/pythia-1.4b
1910,3.3999674228691483,300,EleutherAI/pythia-1.4b
1911,4.497866710261807,555,EleutherAI/pythia-1.4b
1912,4.622397876724409,177,EleutherAI/pythia-1.4b
1913,9.062799744272526,671,EleutherAI/pythia-1.4b
1914,23.07094707055168,538,EleutherAI/pythia-1.4b
1915,5.482353664975855,416,EleutherAI/pythia-1.4b
1916,10.963630357474146,206,EleutherAI/pythia-1.4b
1917,4.952643452871794,501,EleutherAI/pythia-1.4b
1918,25.994227361964715,675,EleutherAI/pythia-1.4b
1919,11.367760974921996,401,EleutherAI/pythia-1.4b
1920,16.22932733429876,544,EleutherAI/pythia-1.4b
1921,4.56062262205098,626,EleutherAI/pythia-1.4b
1922,21.776222273068875,360,EleutherAI/pythia-1.4b
1923,5.015349806208586,228,EleutherAI/pythia-1.4b
1924,27.565060937660988,220,EleutherAI/pythia-1.4b
1925,25.29852944210238,1039,EleutherAI/pythia-1.4b
1926,5.9700145401977505,223,EleutherAI/pythia-1.4b
1927,19.480588840237434,629,EleutherAI/pythia-1.4b
1928,7.367419074699712,221,EleutherAI/pythia-1.4b
1929,4.801927550271945,261,EleutherAI/pythia-1.4b
1930,15.246336531474299,248,EleutherAI/pythia-1.4b
1931,14.240466096552396,554,EleutherAI/pythia-1.4b
1932,19.706512471767898,390,EleutherAI/pythia-1.4b
1933,17.021409618160536,334,EleutherAI/pythia-1.4b
1934,25.800850521960943,277,EleutherAI/pythia-1.4b
1935,20.47848550349292,76,EleutherAI/pythia-1.4b
1936,9.133851853745805,736,EleutherAI/pythia-1.4b
1937,4.563341231262002,184,EleutherAI/pythia-1.4b
1938,6.57101229577213,337,EleutherAI/pythia-1.4b
1939,22.62265948151313,806,EleutherAI/pythia-1.4b
1940,16.654865856640292,237,EleutherAI/pythia-1.4b
1941,38.87189151112448,582,EleutherAI/pythia-1.4b
1942,40.98650102672884,426,EleutherAI/pythia-1.4b
1943,12.485382301886673,590,EleutherAI/pythia-1.4b
1944,9.93963210402511,480,EleutherAI/pythia-1.4b
1945,6.5863889260968564,174,EleutherAI/pythia-1.4b
1946,15.248415898916805,809,EleutherAI/pythia-1.4b
1947,8.250114738952607,316,EleutherAI/pythia-1.4b
1948,33.77178409460794,67,EleutherAI/pythia-1.4b
1949,19.15614146431064,392,EleutherAI/pythia-1.4b
1950,13.22465942765059,111,EleutherAI/pythia-1.4b
1951,13.902724755429084,230,EleutherAI/pythia-1.4b
1952,20.862084018861623,213,EleutherAI/pythia-1.4b
1953,5.022021756500056,236,EleutherAI/pythia-1.4b
1954,9.382001639814858,276,EleutherAI/pythia-1.4b
1955,21.972366065057724,441,EleutherAI/pythia-1.4b
1956,8.654479096701818,598,EleutherAI/pythia-1.4b
1957,20.90019903750416,659,EleutherAI/pythia-1.4b
1958,21.308734919763122,730,EleutherAI/pythia-1.4b
1959,34.59860858766594,67,EleutherAI/pythia-1.4b
1960,13.008032049099251,369,EleutherAI/pythia-1.4b
1961,26.07371391539791,199,EleutherAI/pythia-1.4b
1962,6.434012505408494,461,EleutherAI/pythia-1.4b
1963,19.767163274179627,323,EleutherAI/pythia-1.4b
1964,3.3207278393377804,463,EleutherAI/pythia-1.4b
1965,4.670037122523579,231,EleutherAI/pythia-1.4b
1966,5.7250783696312775,512,EleutherAI/pythia-1.4b
1967,27.98589971838927,591,EleutherAI/pythia-1.4b
1968,25.324267468032062,224,EleutherAI/pythia-1.4b
1969,14.4893962872636,1432,EleutherAI/pythia-1.4b
1970,16.625796986734542,655,EleutherAI/pythia-1.4b
1971,4.185821460168967,322,EleutherAI/pythia-1.4b
1972,10.523717258135896,251,EleutherAI/pythia-1.4b
1973,16.76133706727959,553,EleutherAI/pythia-1.4b
1974,5.570555202055693,196,EleutherAI/pythia-1.4b
1975,7.814082191186639,1012,EleutherAI/pythia-1.4b
1976,6.9892199750954624,359,EleutherAI/pythia-1.4b
1977,14.898514654811665,137,EleutherAI/pythia-1.4b
1978,3.6417944277874668,431,EleutherAI/pythia-1.4b
1979,24.269893726554404,487,EleutherAI/pythia-1.4b
1980,27.125924724255878,244,EleutherAI/pythia-1.4b
1981,19.505862197992105,288,EleutherAI/pythia-1.4b
1982,9.630710001112854,391,EleutherAI/pythia-1.4b
1983,4.736528143134993,270,EleutherAI/pythia-1.4b
1984,10.631454115423415,522,EleutherAI/pythia-1.4b
1985,14.71840973871633,529,EleutherAI/pythia-1.4b
1986,22.86563970087833,290,EleutherAI/pythia-1.4b
1987,15.996510054571406,271,EleutherAI/pythia-1.4b
1988,18.241581566468955,92,EleutherAI/pythia-1.4b
1989,21.368441967842326,441,EleutherAI/pythia-1.4b
1990,17.08341826867147,859,EleutherAI/pythia-1.4b
1991,23.305497338547074,254,EleutherAI/pythia-1.4b
1992,8.039706259275064,400,EleutherAI/pythia-1.4b
1993,6.3159580072843955,177,EleutherAI/pythia-1.4b
1994,26.29770462964478,48,EleutherAI/pythia-1.4b
1995,15.019017138385657,894,EleutherAI/pythia-1.4b
1996,4.2707659639742195,292,EleutherAI/pythia-1.4b
1997,29.255215434474977,241,EleutherAI/pythia-1.4b
1998,3.783828768441857,293,EleutherAI/pythia-1.4b
1999,8.593492820669285,452,EleutherAI/pythia-1.4b
2000,26.15704787529112,328,EleutherAI/pythia-1.4b
2001,8.440136373641307,508,EleutherAI/pythia-1.4b
2002,17.990896415130543,549,EleutherAI/pythia-1.4b
2003,6.739755949658917,267,EleutherAI/pythia-1.4b
2004,12.998635233191028,814,EleutherAI/pythia-1.4b
2005,4.401268629148016,414,EleutherAI/pythia-1.4b
2006,138.6483061941079,16,EleutherAI/pythia-1.4b
2007,8.212852082592363,229,EleutherAI/pythia-1.4b
2008,24.142960880921134,593,EleutherAI/pythia-1.4b
2009,9.708283575260317,205,EleutherAI/pythia-1.4b
2010,62.65747041734961,491,EleutherAI/pythia-1.4b
2011,10.941100522799541,313,EleutherAI/pythia-1.4b
2012,4.132158365692194,1054,EleutherAI/pythia-1.4b
2013,16.156376110776474,607,EleutherAI/pythia-1.4b
2014,6.1464046726834605,100,EleutherAI/pythia-1.4b
2015,5.069157688236495,479,EleutherAI/pythia-1.4b
2016,7.673246157836815,510,EleutherAI/pythia-1.4b
2017,17.413066769241688,233,EleutherAI/pythia-1.4b
2018,4.370990544455359,319,EleutherAI/pythia-1.4b
2019,10.85281709558503,495,EleutherAI/pythia-1.4b
2020,3.2213357708372174,587,EleutherAI/pythia-1.4b
2021,9.072175719592739,129,EleutherAI/pythia-1.4b
2022,5.708058036583472,196,EleutherAI/pythia-1.4b
2023,42.66521174285191,25,EleutherAI/pythia-1.4b
2024,17.874918566822057,1229,EleutherAI/pythia-1.4b
2025,5.269548825196192,739,EleutherAI/pythia-1.4b
2026,32.20236221140517,2154,EleutherAI/pythia-1.4b
2027,6.985216859108393,124,EleutherAI/pythia-1.4b
2028,9.727656059482953,3091,EleutherAI/pythia-1.4b
2029,6.627835411189169,137,EleutherAI/pythia-1.4b
2030,12.215997259906791,878,EleutherAI/pythia-1.4b
2031,12.467605927971555,387,EleutherAI/pythia-1.4b
2032,17.390542320922012,604,EleutherAI/pythia-1.4b
2033,9.409741401293285,276,EleutherAI/pythia-1.4b
2034,19.403975027794555,356,EleutherAI/pythia-1.4b
2035,4.118870442675584,473,EleutherAI/pythia-1.4b
2036,47.990583753902754,410,EleutherAI/pythia-1.4b
2037,4.476535901917811,584,EleutherAI/pythia-1.4b
2038,9.766236098444871,415,EleutherAI/pythia-1.4b
2039,75.53451690335707,47,EleutherAI/pythia-1.4b
2040,22.34926430745672,625,EleutherAI/pythia-1.4b
2041,2.9015422608223616,511,EleutherAI/pythia-1.4b
2042,10.725935531109172,1023,EleutherAI/pythia-1.4b
2043,14.539549553868785,1040,EleutherAI/pythia-1.4b
2044,14.216161198349713,5000,EleutherAI/pythia-1.4b
2045,15.184350704640979,2064,EleutherAI/pythia-1.4b
2046,21.147093358753754,230,EleutherAI/pythia-1.4b
2047,15.173237800542765,232,EleutherAI/pythia-1.4b
2048,6.061357381898301,333,EleutherAI/pythia-1.4b
2049,34.427832716401966,86,EleutherAI/pythia-1.4b
2050,8.543609385917904,789,EleutherAI/pythia-1.4b
2051,3.780339115851651,450,EleutherAI/pythia-1.4b
2052,23.583779759291534,257,EleutherAI/pythia-1.4b
2053,8.9930314585449,918,EleutherAI/pythia-1.4b
2054,5.068248312331105,592,EleutherAI/pythia-1.4b
2055,10.854310193417948,722,EleutherAI/pythia-1.4b
2056,7.4854179726451235,1026,EleutherAI/pythia-1.4b
2057,53.557114939167214,288,EleutherAI/pythia-1.4b
2058,12.547443446055013,1170,EleutherAI/pythia-1.4b
2059,10.360367004634947,61,EleutherAI/pythia-1.4b
2060,7.905319420360277,1028,EleutherAI/pythia-1.4b
2061,22.75713865847603,498,EleutherAI/pythia-1.4b
2062,15.920376363986156,397,EleutherAI/pythia-1.4b
2063,23.32182794740241,451,EleutherAI/pythia-1.4b
2064,6.623103614666456,249,EleutherAI/pythia-1.4b
2065,6.758602869783849,101,EleutherAI/pythia-1.4b
2066,10.019548267442785,1139,EleutherAI/pythia-1.4b
2067,11.082149544885791,491,EleutherAI/pythia-1.4b
2068,9.643712628141405,523,EleutherAI/pythia-1.4b
2069,25.340900962986886,396,EleutherAI/pythia-1.4b
2070,24.134552638869625,521,EleutherAI/pythia-1.4b
2071,10.98397777381969,387,EleutherAI/pythia-1.4b
2072,18.50673002216533,105,EleutherAI/pythia-1.4b
2073,5.571066553208681,536,EleutherAI/pythia-1.4b
2074,11.29367656792878,667,EleutherAI/pythia-1.4b
2075,5.873558832494165,427,EleutherAI/pythia-1.4b
2076,18.972368426612782,1099,EleutherAI/pythia-1.4b
2077,17.667044335223025,335,EleutherAI/pythia-1.4b
2078,7.212092626161744,97,EleutherAI/pythia-1.4b
2079,25.18678750005776,548,EleutherAI/pythia-1.4b
2080,14.802083560339087,72,EleutherAI/pythia-1.4b
2081,21.075961694296893,451,EleutherAI/pythia-1.4b
2082,46.46349339142288,32,EleutherAI/pythia-1.4b
2083,21.99204589225592,393,EleutherAI/pythia-1.4b
2084,13.927480822138243,641,EleutherAI/pythia-1.4b
2085,8.376461560432281,684,EleutherAI/pythia-1.4b
2086,10.87433546006379,784,EleutherAI/pythia-1.4b
2087,28.70225110545868,226,EleutherAI/pythia-1.4b
2088,5.383166514485159,106,EleutherAI/pythia-1.4b
2089,8.337095571324863,1029,EleutherAI/pythia-1.4b
2090,3.4272023583493256,582,EleutherAI/pythia-1.4b
2091,14.477600378438153,1452,EleutherAI/pythia-1.4b
2092,16.969586498762478,2077,EleutherAI/pythia-1.4b
2093,3.2144152341326833,446,EleutherAI/pythia-1.4b
2094,45.69947505467901,217,EleutherAI/pythia-1.4b
2095,5.314691708696959,349,EleutherAI/pythia-1.4b
2096,3.9477802072731127,289,EleutherAI/pythia-1.4b
2097,14.00595362530906,1224,EleutherAI/pythia-1.4b
2098,24.715388631800934,1212,EleutherAI/pythia-1.4b
2099,4.480562459798063,483,EleutherAI/pythia-1.4b
2100,25.80129957822358,441,EleutherAI/pythia-1.4b
2101,6.1812495756085735,792,EleutherAI/pythia-1.4b
2102,18.266340565478938,579,EleutherAI/pythia-1.4b
2103,6.438749669791549,147,EleutherAI/pythia-1.4b
2104,26.54030680481457,165,EleutherAI/pythia-1.4b
2105,20.442435954944806,1345,EleutherAI/pythia-1.4b
2106,3.046126730470681,522,EleutherAI/pythia-1.4b
2107,15.557644654405408,639,EleutherAI/pythia-1.4b
2108,3.6945082234888424,540,EleutherAI/pythia-1.4b
2109,15.326926114139928,1248,EleutherAI/pythia-1.4b
2110,11.527374059121755,32,EleutherAI/pythia-1.4b
2111,14.161864447709105,584,EleutherAI/pythia-1.4b
2112,29.23893337266721,456,EleutherAI/pythia-1.4b
2113,22.598066970605853,1119,EleutherAI/pythia-1.4b
2114,26.899304453731926,114,EleutherAI/pythia-1.4b
2115,11.812546457512834,907,EleutherAI/pythia-1.4b
2116,7.408341761009668,705,EleutherAI/pythia-1.4b
2117,33.683225707311344,33,EleutherAI/pythia-1.4b
2118,9.449748529998914,631,EleutherAI/pythia-1.4b
2119,6.444920727456576,682,EleutherAI/pythia-1.4b
2120,10.492763560840055,1034,EleutherAI/pythia-1.4b
2121,11.748118991405772,398,EleutherAI/pythia-1.4b
2122,16.431211286887994,427,EleutherAI/pythia-1.4b
2123,6.4412063264077615,305,EleutherAI/pythia-1.4b
2124,23.46699730652243,270,EleutherAI/pythia-1.4b
2125,7.658761499055296,602,EleutherAI/pythia-1.4b
2126,7.373829682046559,785,EleutherAI/pythia-1.4b
2127,9.505500510655308,1040,EleutherAI/pythia-1.4b
2128,4.343604708030908,237,EleutherAI/pythia-1.4b
2129,16.747819332381816,1453,EleutherAI/pythia-1.4b
2130,12.34310397640301,196,EleutherAI/pythia-1.4b
2131,108.48202300425548,38,EleutherAI/pythia-1.4b
2132,18.609082870597312,590,EleutherAI/pythia-1.4b
2133,14.000845459314855,981,EleutherAI/pythia-1.4b
2134,17.78637139878396,553,EleutherAI/pythia-1.4b
2135,12.536845893263244,810,EleutherAI/pythia-1.4b
2136,4.1727036826827115,273,EleutherAI/pythia-1.4b
2137,9.398701099941809,488,EleutherAI/pythia-1.4b
2138,23.173473296695935,602,EleutherAI/pythia-1.4b
2139,4.549432993112858,231,EleutherAI/pythia-1.4b
2140,14.545901566694482,397,EleutherAI/pythia-1.4b
2141,20.45851137728075,374,EleutherAI/pythia-1.4b
2142,26.6544819696462,348,EleutherAI/pythia-1.4b
2143,4.727289521156876,274,EleutherAI/pythia-1.4b
2144,22.526361614157757,783,EleutherAI/pythia-1.4b
2145,46.885992060277495,186,EleutherAI/pythia-1.4b
2146,19.399774830964027,392,EleutherAI/pythia-1.4b
2147,42.84350482724213,281,EleutherAI/pythia-1.4b
2148,3.27399735811557,521,EleutherAI/pythia-1.4b
2149,13.881507199988675,425,EleutherAI/pythia-1.4b
2150,16.59220521362862,601,EleutherAI/pythia-1.4b
2151,3.808330810570275,109,EleutherAI/pythia-1.4b
2152,96.21759524025404,1098,EleutherAI/pythia-1.4b
2153,25.575914229479988,211,EleutherAI/pythia-1.4b
2154,9.034639448413213,549,EleutherAI/pythia-1.4b
2155,3.434402920003028,351,EleutherAI/pythia-1.4b
2156,4.043916679395458,301,EleutherAI/pythia-1.4b
2157,10.578118093211133,424,EleutherAI/pythia-1.4b
2158,4.873991479529824,255,EleutherAI/pythia-1.4b
2159,3.7981555662432527,479,EleutherAI/pythia-1.4b
2160,24.14049162724902,535,EleutherAI/pythia-1.4b
2161,4.795652049425785,526,EleutherAI/pythia-1.4b
2162,13.545372928357834,523,EleutherAI/pythia-1.4b
2163,12.898638377858605,1018,EleutherAI/pythia-1.4b
2164,4.384636548169396,158,EleutherAI/pythia-1.4b
2165,6.391460648609298,171,EleutherAI/pythia-1.4b
2166,5.7764458599513,199,EleutherAI/pythia-1.4b
2167,15.670172306836378,707,EleutherAI/pythia-1.4b
2168,17.742163032985363,810,EleutherAI/pythia-1.4b
2169,8.02556111931915,296,EleutherAI/pythia-1.4b
2170,6.142625791481337,503,EleutherAI/pythia-1.4b
2171,24.668839671883692,525,EleutherAI/pythia-1.4b
2172,4.0038189185465125,334,EleutherAI/pythia-1.4b
2173,14.78547086765974,140,EleutherAI/pythia-1.4b
2174,20.761659572759164,264,EleutherAI/pythia-1.4b
2175,28.668602546889268,498,EleutherAI/pythia-1.4b
2176,4.543682459645799,325,EleutherAI/pythia-1.4b
2177,10.188918875690678,1035,EleutherAI/pythia-1.4b
2178,20.441207779993956,506,EleutherAI/pythia-1.4b
2179,4.2647580550044495,408,EleutherAI/pythia-1.4b
2180,7.5124009614110285,2336,EleutherAI/pythia-1.4b
2181,11.214921289371672,111,EleutherAI/pythia-1.4b
2182,6.1902989683477445,641,EleutherAI/pythia-1.4b
2183,5.875739606403172,215,EleutherAI/pythia-1.4b
2184,8.133124116001772,1215,EleutherAI/pythia-1.4b
2185,24.679752285345728,766,EleutherAI/pythia-1.4b
2186,11.970042774610647,115,EleutherAI/pythia-1.4b
2187,45.18490724872487,22,EleutherAI/pythia-1.4b
2188,19.375341070854123,564,EleutherAI/pythia-1.4b
2189,16.668952371637673,392,EleutherAI/pythia-1.4b
2190,10.429636955070563,275,EleutherAI/pythia-1.4b
2191,28.988231973520914,184,EleutherAI/pythia-1.4b
2192,29.508120280008825,362,EleutherAI/pythia-1.4b
2193,33.291153477743734,39,EleutherAI/pythia-1.4b
2194,4.677254338390766,149,EleutherAI/pythia-1.4b
2195,21.803101511277085,280,EleutherAI/pythia-1.4b
2196,27.16019083177856,443,EleutherAI/pythia-1.4b
2197,18.34932205302789,380,EleutherAI/pythia-1.4b
2198,37.204441035398574,239,EleutherAI/pythia-1.4b
2199,25.104395866707083,677,EleutherAI/pythia-1.4b
2200,4.8178480967293,174,EleutherAI/pythia-1.4b
2201,15.924757220014248,390,EleutherAI/pythia-1.4b
2202,7.061018940300923,264,EleutherAI/pythia-1.4b
2203,29.86308596656251,517,EleutherAI/pythia-1.4b
2204,5.967213308743222,156,EleutherAI/pythia-1.4b
2205,17.992603662986248,57,EleutherAI/pythia-1.4b
2206,4.956156994772459,668,EleutherAI/pythia-1.4b
2207,14.093236072061687,396,EleutherAI/pythia-1.4b
2208,18.418688728435466,1411,EleutherAI/pythia-1.4b
2209,31.98860401899038,167,EleutherAI/pythia-1.4b
2210,4.6445549400248245,561,EleutherAI/pythia-1.4b
2211,6.288761746455405,101,EleutherAI/pythia-1.4b
2212,8.391649309287384,170,EleutherAI/pythia-1.4b
2213,49.5165183665802,321,EleutherAI/pythia-1.4b
2214,6.341706031419043,1028,EleutherAI/pythia-1.4b
2215,18.9638844911032,290,EleutherAI/pythia-1.4b
2216,26.912191847445186,237,EleutherAI/pythia-1.4b
2217,7.104344315830257,141,EleutherAI/pythia-1.4b
2218,35.018124300596476,135,EleutherAI/pythia-1.4b
2219,19.894616950547757,553,EleutherAI/pythia-1.4b
2220,3.260170529986536,275,EleutherAI/pythia-1.4b
2221,47.876758161291406,216,EleutherAI/pythia-1.4b
2222,10.558530069098708,412,EleutherAI/pythia-1.4b
2223,24.985063083101842,231,EleutherAI/pythia-1.4b
2224,21.67126307390577,145,EleutherAI/pythia-1.4b
2225,21.53092328958963,604,EleutherAI/pythia-1.4b
2226,19.900110388072243,625,EleutherAI/pythia-1.4b
2227,21.46343816067386,338,EleutherAI/pythia-1.4b
2228,19.740690036876803,201,EleutherAI/pythia-1.4b
2229,17.16428305093494,1049,EleutherAI/pythia-1.4b
2230,8.02670352601846,511,EleutherAI/pythia-1.4b
2231,5.290757889699885,216,EleutherAI/pythia-1.4b
2232,47.38900933609168,37,EleutherAI/pythia-1.4b
2233,10.258478106107734,72,EleutherAI/pythia-1.4b
2234,8.334150292905159,232,EleutherAI/pythia-1.4b
2235,4.195054938278253,227,EleutherAI/pythia-1.4b
2236,11.69844825661381,396,EleutherAI/pythia-1.4b
2237,9.130459658400794,161,EleutherAI/pythia-1.4b
2238,11.943086877016006,536,EleutherAI/pythia-1.4b
2239,4.240595460405997,425,EleutherAI/pythia-1.4b
2240,43.02583572113893,582,EleutherAI/pythia-1.4b
2241,4.431553586681295,294,EleutherAI/pythia-1.4b
2242,4.356864483939741,238,EleutherAI/pythia-1.4b
2243,13.779849318152957,1063,EleutherAI/pythia-1.4b
2244,13.146626677373776,398,EleutherAI/pythia-1.4b
2245,17.397198290899468,1409,EleutherAI/pythia-1.4b
2246,216.9396320569346,27,EleutherAI/pythia-1.4b
2247,13.480130589158936,1028,EleutherAI/pythia-1.4b
2248,7.498738039806755,721,EleutherAI/pythia-1.4b
2249,3.131853640679665,631,EleutherAI/pythia-1.4b
2250,18.943185334963417,2960,EleutherAI/pythia-1.4b
2251,25.748315742671302,239,EleutherAI/pythia-1.4b
2252,22.056475529735916,393,EleutherAI/pythia-1.4b
2253,20.963933858364907,651,EleutherAI/pythia-1.4b
2254,27.127612748452005,632,EleutherAI/pythia-1.4b
2255,11.164158588148952,457,EleutherAI/pythia-1.4b
2256,20.355326435494383,127,EleutherAI/pythia-1.4b
2257,52.63597846119882,36,EleutherAI/pythia-1.4b
2258,5.460826359870407,609,EleutherAI/pythia-1.4b
2259,4.411378586995529,200,EleutherAI/pythia-1.4b
2260,26.40515070212079,868,EleutherAI/pythia-1.4b
2261,5.327392645124451,178,EleutherAI/pythia-1.4b
2262,3.4058722033012323,470,EleutherAI/pythia-1.4b
2263,16.095337664758702,393,EleutherAI/pythia-1.4b
2264,19.668243633190286,609,EleutherAI/pythia-1.4b
2265,36.03730573233235,346,EleutherAI/pythia-1.4b
2266,21.48707393518679,2246,EleutherAI/pythia-1.4b
2267,19.348552988566663,649,EleutherAI/pythia-1.4b
2268,16.35874881268501,393,EleutherAI/pythia-1.4b
2269,6.6614482316242265,285,EleutherAI/pythia-1.4b
2270,15.320218427181688,498,EleutherAI/pythia-1.4b
2271,13.68374392274117,739,EleutherAI/pythia-1.4b
2272,5.390139501761116,122,EleutherAI/pythia-1.4b
2273,8.674711537644884,170,EleutherAI/pythia-1.4b
2274,12.701579436166092,572,EleutherAI/pythia-1.4b
2275,7.971138734130092,140,EleutherAI/pythia-1.4b
2276,4.602446284440006,396,EleutherAI/pythia-1.4b
2277,29.279470538157916,241,EleutherAI/pythia-1.4b
2278,21.304127496688743,968,EleutherAI/pythia-1.4b
2279,71.89505739031779,59,EleutherAI/pythia-1.4b
2280,7.288506681907086,150,EleutherAI/pythia-1.4b
2281,47.20238890874627,502,EleutherAI/pythia-1.4b
2282,5.002205412405566,391,EleutherAI/pythia-1.4b
2283,80.79355532672157,40,EleutherAI/pythia-1.4b
2284,14.219828114739206,421,EleutherAI/pythia-1.4b
2285,8.887668251992384,369,EleutherAI/pythia-1.4b
2286,32.97443439289597,27,EleutherAI/pythia-1.4b
2287,5.886950367218828,482,EleutherAI/pythia-1.4b
2288,6.737374969666212,92,EleutherAI/pythia-1.4b
2289,19.757932939173582,535,EleutherAI/pythia-1.4b
2290,7.573832477401622,1029,EleutherAI/pythia-1.4b
2291,15.717628472859618,178,EleutherAI/pythia-1.4b
2292,26.65717023793394,695,EleutherAI/pythia-1.4b
2293,6.015234358273537,56,EleutherAI/pythia-1.4b
2294,20.216402577148948,369,EleutherAI/pythia-1.4b
2295,24.054272548421377,399,EleutherAI/pythia-1.4b
2296,17.570635256819337,148,EleutherAI/pythia-1.4b
2297,52.630218603972835,263,EleutherAI/pythia-1.4b
2298,11.562441142898676,625,EleutherAI/pythia-1.4b
2299,5.406361382046606,241,EleutherAI/pythia-1.4b
2300,16.816603711003594,640,EleutherAI/pythia-1.4b
2301,5.322292263053024,220,EleutherAI/pythia-1.4b
2302,17.262960492642396,543,EleutherAI/pythia-1.4b
2303,20.100478636610813,349,EleutherAI/pythia-1.4b
2304,3.325415375077662,814,EleutherAI/pythia-1.4b
2305,18.453457141429404,503,EleutherAI/pythia-1.4b
2306,23.787253634580782,242,EleutherAI/pythia-1.4b
2307,9.929882820608047,206,EleutherAI/pythia-1.4b
2308,9.237692382881662,629,EleutherAI/pythia-1.4b
2309,11.719189839192488,277,EleutherAI/pythia-1.4b
2310,18.067913330424773,394,EleutherAI/pythia-1.4b
2311,21.826079543398468,579,EleutherAI/pythia-1.4b
2312,25.425644853841725,59,EleutherAI/pythia-1.4b
2313,18.745652283314808,384,EleutherAI/pythia-1.4b
2314,4.826974253841405,199,EleutherAI/pythia-1.4b
2315,8.93567165671637,514,EleutherAI/pythia-1.4b
2316,5.045030969209532,433,EleutherAI/pythia-1.4b
2317,18.470799895081253,957,EleutherAI/pythia-1.4b
2318,7.6593987964400405,797,EleutherAI/pythia-1.4b
2319,8.255281647394954,475,EleutherAI/pythia-1.4b
2320,6.568072348945845,770,EleutherAI/pythia-1.4b
2321,12.065471645343354,2225,EleutherAI/pythia-1.4b
2322,20.248119102761066,1789,EleutherAI/pythia-1.4b
2323,8.621831992748215,114,EleutherAI/pythia-1.4b
2324,35.71049768400289,225,EleutherAI/pythia-1.4b
2325,4.679858367455883,275,EleutherAI/pythia-1.4b
2326,4.862619000793986,351,EleutherAI/pythia-1.4b
2327,20.599211926348982,59,EleutherAI/pythia-1.4b
2328,8.090562364482402,506,EleutherAI/pythia-1.4b
2329,4.655355264044894,339,EleutherAI/pythia-1.4b
2330,18.814843940810423,589,EleutherAI/pythia-1.4b
2331,5.445294595135875,135,EleutherAI/pythia-1.4b
2332,51.43258157377825,569,EleutherAI/pythia-1.4b
2333,7.64770215999765,527,EleutherAI/pythia-1.4b
2334,8.461891006692687,317,EleutherAI/pythia-1.4b
2335,9.74506782983818,276,EleutherAI/pythia-1.4b
2336,4.608151982903194,286,EleutherAI/pythia-1.4b
2337,7.666487509445382,143,EleutherAI/pythia-1.4b
2338,5.304866673472009,244,EleutherAI/pythia-1.4b
2339,12.679504219436806,49,EleutherAI/pythia-1.4b
2340,24.912945868981836,792,EleutherAI/pythia-1.4b
2341,11.708984743840304,466,EleutherAI/pythia-1.4b
2342,7.170021937959987,203,EleutherAI/pythia-1.4b
2343,11.13805084814933,183,EleutherAI/pythia-1.4b
2344,14.655499319817736,553,EleutherAI/pythia-1.4b
2345,17.11511932708022,261,EleutherAI/pythia-1.4b
2346,7.762770505901305,226,EleutherAI/pythia-1.4b
2347,6.276690772585126,854,EleutherAI/pythia-1.4b
2348,5.841017990554374,890,EleutherAI/pythia-1.4b
2349,6.271557702564368,139,EleutherAI/pythia-1.4b
2350,16.447371105571666,712,EleutherAI/pythia-1.4b
2351,12.150510638297478,1053,EleutherAI/pythia-1.4b
2352,60.07306097498785,66,EleutherAI/pythia-1.4b
2353,69.64205515831941,81,EleutherAI/pythia-1.4b
2354,16.188811483467674,283,EleutherAI/pythia-1.4b
2355,9.318116677510234,283,EleutherAI/pythia-1.4b
2356,20.450747569571355,501,EleutherAI/pythia-1.4b
2357,12.912804717742414,535,EleutherAI/pythia-1.4b
2358,9.91385853210812,225,EleutherAI/pythia-1.4b
2359,4.203284471456144,326,EleutherAI/pythia-1.4b
2360,9.924029796544957,569,EleutherAI/pythia-1.4b
2361,13.498295000310861,249,EleutherAI/pythia-1.4b
2362,3.529962375436484,471,EleutherAI/pythia-1.4b
2363,13.792299929058771,795,EleutherAI/pythia-1.4b
2364,12.271244178718598,637,EleutherAI/pythia-1.4b
2365,8.562574086750015,626,EleutherAI/pythia-1.4b
2366,10.634567227160446,273,EleutherAI/pythia-1.4b
2367,14.69015671221739,436,EleutherAI/pythia-1.4b
2368,5.3683554148580015,277,EleutherAI/pythia-1.4b
2369,22.07274134313327,1246,EleutherAI/pythia-1.4b
2370,13.190402338054668,278,EleutherAI/pythia-1.4b
2371,4.06533721597486,307,EleutherAI/pythia-1.4b
2372,6.793296063894819,5502,EleutherAI/pythia-1.4b
2373,6.134850474772688,287,EleutherAI/pythia-1.4b
2374,4.998359503664949,1035,EleutherAI/pythia-1.4b
2375,14.3020723127344,981,EleutherAI/pythia-1.4b
2376,4.940684579910721,512,EleutherAI/pythia-1.4b
2377,16.341608488821183,523,EleutherAI/pythia-1.4b
2378,5.63822374734115,269,EleutherAI/pythia-1.4b
2379,6.444661049173843,544,EleutherAI/pythia-1.4b
2380,17.269641745686222,1327,EleutherAI/pythia-1.4b
2381,18.50474457195102,876,EleutherAI/pythia-1.4b
2382,26.994511146258382,1147,EleutherAI/pythia-1.4b
2383,12.500522279513898,595,EleutherAI/pythia-1.4b
2384,4.415289165312588,265,EleutherAI/pythia-1.4b
2385,3.8982040696367246,250,EleutherAI/pythia-1.4b
2386,21.948621760831575,291,EleutherAI/pythia-1.4b
2387,15.033487006910075,430,EleutherAI/pythia-1.4b
2388,18.553701617238545,320,EleutherAI/pythia-1.4b
2389,40.19879127608857,880,EleutherAI/pythia-1.4b
2390,5.6083871980469295,464,EleutherAI/pythia-1.4b
2391,4.198501970482534,385,EleutherAI/pythia-1.4b
2392,9.512372111928192,557,EleutherAI/pythia-1.4b
2393,6.270666593375835,766,EleutherAI/pythia-1.4b
2394,5.77002748878893,222,EleutherAI/pythia-1.4b
2395,4.6179129940411245,240,EleutherAI/pythia-1.4b
2396,28.715735277218098,232,EleutherAI/pythia-1.4b
2397,20.916579577338663,888,EleutherAI/pythia-1.4b
2398,6.986627599986574,198,EleutherAI/pythia-1.4b
2399,27.835967873406013,226,EleutherAI/pythia-1.4b
2400,13.905433102856735,455,EleutherAI/pythia-1.4b
2401,18.613014247283864,394,EleutherAI/pythia-1.4b
2402,6.3928025331854075,449,EleutherAI/pythia-1.4b
2403,13.663880192735833,256,EleutherAI/pythia-1.4b
2404,40.08739611548311,101,EleutherAI/pythia-1.4b
2405,51.089449816339965,289,EleutherAI/pythia-1.4b
2406,7.553100284757412,649,EleutherAI/pythia-1.4b
2407,10.118514023692057,382,EleutherAI/pythia-1.4b
2408,3.592301975292253,278,EleutherAI/pythia-1.4b
2409,6.03086744228812,110,EleutherAI/pythia-1.4b
2410,14.183358350829026,485,EleutherAI/pythia-1.4b
2411,4.475509287319262,87,EleutherAI/pythia-1.4b
2412,9.75549620149476,534,EleutherAI/pythia-1.4b
2413,4.631707570242269,385,EleutherAI/pythia-1.4b
2414,17.92746158535554,137,EleutherAI/pythia-1.4b
2415,1.2392627787078179,512,EleutherAI/pythia-1.4b
2416,14.893581628812623,472,EleutherAI/pythia-1.4b
2417,6.193255866543833,675,EleutherAI/pythia-1.4b
2418,18.98776315724847,479,EleutherAI/pythia-1.4b
2419,44.89855848579947,74,EleutherAI/pythia-1.4b
2420,20.05400373930904,531,EleutherAI/pythia-1.4b
2421,10.174720226069152,235,EleutherAI/pythia-1.4b
2422,11.697829086714703,155,EleutherAI/pythia-1.4b
2423,5.416642358266296,235,EleutherAI/pythia-1.4b
2424,5.555179521068855,306,EleutherAI/pythia-1.4b
2425,10.38190643990578,167,EleutherAI/pythia-1.4b
2426,28.815687750333684,323,EleutherAI/pythia-1.4b
2427,8.74776681502682,1036,EleutherAI/pythia-1.4b
2428,11.025190763544257,132,EleutherAI/pythia-1.4b
2429,11.295822791823797,519,EleutherAI/pythia-1.4b
2430,17.127344975987647,772,EleutherAI/pythia-1.4b
2431,3.4176013220766386,473,EleutherAI/pythia-1.4b
2432,3.4832397816896887,457,EleutherAI/pythia-1.4b
2433,26.134482113866785,477,EleutherAI/pythia-1.4b
2434,9.116249228606176,670,EleutherAI/pythia-1.4b
2435,20.272932908412248,73,EleutherAI/pythia-1.4b
2436,24.822079999654946,423,EleutherAI/pythia-1.4b
2437,31.352010824150014,60,EleutherAI/pythia-1.4b
2438,31.48768147402397,48,EleutherAI/pythia-1.4b
2439,17.18089347906777,504,EleutherAI/pythia-1.4b
2440,15.635420705332711,722,EleutherAI/pythia-1.4b
2441,21.913040345516926,447,EleutherAI/pythia-1.4b
2442,12.243697565070425,372,EleutherAI/pythia-1.4b
2443,9.969721791910487,491,EleutherAI/pythia-1.4b
2444,17.913579957062915,325,EleutherAI/pythia-1.4b
2445,4.58303588793988,521,EleutherAI/pythia-1.4b
2446,13.146081303077118,1098,EleutherAI/pythia-1.4b
2447,21.922948191115406,661,EleutherAI/pythia-1.4b
2448,4.44868500142763,377,EleutherAI/pythia-1.4b
2449,4.501628028792598,388,EleutherAI/pythia-1.4b
2450,17.73759515490223,394,EleutherAI/pythia-1.4b
2451,5.509755889376694,107,EleutherAI/pythia-1.4b
2452,31.497329765946812,239,EleutherAI/pythia-1.4b
2453,39.756064059248786,290,EleutherAI/pythia-1.4b
2454,9.391087621237348,1024,EleutherAI/pythia-1.4b
2455,22.673124853746252,566,EleutherAI/pythia-1.4b
2456,53.62552387784984,290,EleutherAI/pythia-1.4b
2457,4.032072185081372,400,EleutherAI/pythia-1.4b
2458,10.227833921566614,1031,EleutherAI/pythia-1.4b
2459,15.050048247078726,390,EleutherAI/pythia-1.4b
2460,9.310186676816436,221,EleutherAI/pythia-1.4b
2461,15.028892684411726,411,EleutherAI/pythia-1.4b
2462,4.511662480908349,307,EleutherAI/pythia-1.4b
2463,8.690889684757108,114,EleutherAI/pythia-1.4b
2464,28.839468433503455,481,EleutherAI/pythia-1.4b
2465,4.545597051036627,441,EleutherAI/pythia-1.4b
2466,6.766306413633778,192,EleutherAI/pythia-1.4b
2467,24.26020923643618,99,EleutherAI/pythia-1.4b
2468,24.028473224152872,394,EleutherAI/pythia-1.4b
2469,4.5753673201513125,491,EleutherAI/pythia-1.4b
2470,6.051052186300884,492,EleutherAI/pythia-1.4b
2471,19.940724813529375,2886,EleutherAI/pythia-1.4b
2472,36.23832339284521,475,EleutherAI/pythia-1.4b
2473,15.549738582309454,320,EleutherAI/pythia-1.4b
2474,23.812107004848468,277,EleutherAI/pythia-1.4b
2475,7.010855248872698,156,EleutherAI/pythia-1.4b
2476,25.861254070553226,396,EleutherAI/pythia-1.4b
2477,5.107413328153211,434,EleutherAI/pythia-1.4b
2478,50.6717978858889,370,EleutherAI/pythia-1.4b
2479,4.809494792148592,243,EleutherAI/pythia-1.4b
2480,15.10605653501857,345,EleutherAI/pythia-1.4b
2481,8.246454999961292,566,EleutherAI/pythia-1.4b
2482,36.28806278157888,96,EleutherAI/pythia-1.4b
2483,8.6398640891035,819,EleutherAI/pythia-1.4b
2484,3.16620367948383,477,EleutherAI/pythia-1.4b
2485,5.1246680247148735,447,EleutherAI/pythia-1.4b
2486,11.447242931501343,97,EleutherAI/pythia-1.4b
2487,11.32935890451206,682,EleutherAI/pythia-1.4b
2488,27.908607291798262,135,EleutherAI/pythia-1.4b
2489,5.157440679067581,221,EleutherAI/pythia-1.4b
2490,12.158969654395303,824,EleutherAI/pythia-1.4b
2491,16.23067393202203,179,EleutherAI/pythia-1.4b
2492,4.2391160662450895,207,EleutherAI/pythia-1.4b
2493,30.760125510049246,224,EleutherAI/pythia-1.4b
2494,24.64209331264544,1013,EleutherAI/pythia-1.4b
2495,23.048774044833046,360,EleutherAI/pythia-1.4b
2496,11.648340427274336,301,EleutherAI/pythia-1.4b
2497,24.612453481793196,948,EleutherAI/pythia-1.4b
2498,4.602700318415371,278,EleutherAI/pythia-1.4b
2499,11.146081373450995,357,EleutherAI/pythia-1.4b
2500,31.422825675173012,66,EleutherAI/pythia-1.4b
2501,27.05272301786438,273,EleutherAI/pythia-1.4b
2502,16.1274966927731,1484,EleutherAI/pythia-1.4b
2503,11.447019136386647,353,EleutherAI/pythia-1.4b
2504,9.286089543016603,829,EleutherAI/pythia-1.4b
2505,7.514052189834642,301,EleutherAI/pythia-1.4b
2506,8.428736433938786,144,EleutherAI/pythia-1.4b
2507,15.7531862501472,350,EleutherAI/pythia-1.4b
2508,30.765736367560518,449,EleutherAI/pythia-1.4b
2509,23.96626427499376,77,EleutherAI/pythia-1.4b
2510,8.573055313610103,483,EleutherAI/pythia-1.4b
2511,7.10002980451377,230,EleutherAI/pythia-1.4b
2512,116.85087977900028,22,EleutherAI/pythia-1.4b
2513,22.081184090193556,242,EleutherAI/pythia-1.4b
2514,12.98946198863389,400,EleutherAI/pythia-1.4b
2515,4.264286287034046,460,EleutherAI/pythia-1.4b
2516,34.98183344173808,516,EleutherAI/pythia-1.4b
2517,22.173696752605526,395,EleutherAI/pythia-1.4b
2518,21.81464471300463,768,EleutherAI/pythia-1.4b
2519,9.010879529969129,1044,EleutherAI/pythia-1.4b
2520,10.96414008629158,468,EleutherAI/pythia-1.4b
2521,3.810961673736575,339,EleutherAI/pythia-1.4b
2522,15.050188187962952,610,EleutherAI/pythia-1.4b
2523,18.30081266884993,565,EleutherAI/pythia-1.4b
2524,18.951816348471784,224,EleutherAI/pythia-1.4b
2525,4.370725331598855,174,EleutherAI/pythia-1.4b
2526,23.985288022160457,46,EleutherAI/pythia-1.4b
2527,4.093262822710112,444,EleutherAI/pythia-1.4b
2528,6.319325967057639,119,EleutherAI/pythia-1.4b
2529,13.681737657680053,168,EleutherAI/pythia-1.4b
2530,29.09803934481388,169,EleutherAI/pythia-1.4b
2531,20.799819231644367,1328,EleutherAI/pythia-1.4b
2532,3.998607416365548,463,EleutherAI/pythia-1.4b
2533,22.371191094156895,34,EleutherAI/pythia-1.4b
2534,5.929355789139334,497,EleutherAI/pythia-1.4b
2535,14.878593696872164,297,EleutherAI/pythia-1.4b
2536,24.217115636597228,260,EleutherAI/pythia-1.4b
2537,8.065396122502786,315,EleutherAI/pythia-1.4b
2538,9.460341288984107,1028,EleutherAI/pythia-1.4b
2539,24.95801828156871,5728,EleutherAI/pythia-1.4b
2540,4.11114824870615,238,EleutherAI/pythia-1.4b
2541,20.380335189152913,240,EleutherAI/pythia-1.4b
2542,5.189089070803717,296,EleutherAI/pythia-1.4b
2543,3.7093050484501875,458,EleutherAI/pythia-1.4b
2544,15.537372086839534,138,EleutherAI/pythia-1.4b
2545,22.07130997550297,1126,EleutherAI/pythia-1.4b
2546,16.830389634682223,411,EleutherAI/pythia-1.4b
2547,19.26890231658293,493,EleutherAI/pythia-1.4b
2548,10.344234977584515,298,EleutherAI/pythia-1.4b
2549,35.432435878635694,461,EleutherAI/pythia-1.4b
2550,25.955020544093546,504,EleutherAI/pythia-1.4b
2551,20.032533098078996,515,EleutherAI/pythia-1.4b
2552,37.16965939168545,232,EleutherAI/pythia-1.4b
2553,22.427291917801547,75,EleutherAI/pythia-1.4b
2554,17.78077468566493,542,EleutherAI/pythia-1.4b
2555,15.828460030972145,855,EleutherAI/pythia-1.4b
2556,8.189351407766154,347,EleutherAI/pythia-1.4b
2557,3.859962479426743,409,EleutherAI/pythia-1.4b
2558,8.822352274559973,583,EleutherAI/pythia-1.4b
2559,14.757996878476977,423,EleutherAI/pythia-1.4b
2560,9.284210067385438,697,EleutherAI/pythia-1.4b
2561,14.976298037895459,57,EleutherAI/pythia-1.4b
2562,31.869719659542596,226,EleutherAI/pythia-1.4b
2563,14.16852099772138,220,EleutherAI/pythia-1.4b
2564,41.36069555109253,233,EleutherAI/pythia-1.4b
2565,5.892970497895133,170,EleutherAI/pythia-1.4b
2566,15.712270640511656,459,EleutherAI/pythia-1.4b
2567,11.850317381808297,348,EleutherAI/pythia-1.4b
2568,15.018920456753248,538,EleutherAI/pythia-1.4b
2569,42.13801683784687,430,EleutherAI/pythia-1.4b
2570,16.948158541698696,390,EleutherAI/pythia-1.4b
2571,12.23609852277816,1042,EleutherAI/pythia-1.4b
2572,7.1217822594375555,170,EleutherAI/pythia-1.4b
2573,4.318873375349421,361,EleutherAI/pythia-1.4b
2574,5.05096259678884,260,EleutherAI/pythia-1.4b
2575,11.64967077282782,427,EleutherAI/pythia-1.4b
2576,30.668728586717172,501,EleutherAI/pythia-1.4b
2577,4.369650576680763,271,EleutherAI/pythia-1.4b
2578,16.770618845572372,428,EleutherAI/pythia-1.4b
2579,35.40642635645041,205,EleutherAI/pythia-1.4b
2580,5.281274881404433,142,EleutherAI/pythia-1.4b
2581,4.640756628687497,200,EleutherAI/pythia-1.4b
2582,12.442071507809775,358,EleutherAI/pythia-1.4b
2583,26.44476635900197,1135,EleutherAI/pythia-1.4b
2584,92.52948331808358,426,EleutherAI/pythia-1.4b
2585,37.13352912048267,30,EleutherAI/pythia-1.4b
2586,4.136199099116447,339,EleutherAI/pythia-1.4b
2587,7.931591508687771,778,EleutherAI/pythia-1.4b
2588,7.207836408294313,944,EleutherAI/pythia-1.4b
2589,67.1692976431605,67,EleutherAI/pythia-1.4b
2590,4.985023117091487,536,EleutherAI/pythia-1.4b
2591,25.41875335522721,72,EleutherAI/pythia-1.4b
2592,7.633424054212805,1033,EleutherAI/pythia-1.4b
2593,58.008541513710526,112,EleutherAI/pythia-1.4b
2594,19.431140968018884,576,EleutherAI/pythia-1.4b
2595,26.876514853098417,50,EleutherAI/pythia-1.4b
2596,17.878605328446845,1079,EleutherAI/pythia-1.4b
2597,19.698141703616106,1044,EleutherAI/pythia-1.4b
2598,14.850638627871342,65,EleutherAI/pythia-1.4b
2599,17.338894966465514,1043,EleutherAI/pythia-1.4b
2600,7.246740051426927,476,EleutherAI/pythia-1.4b
2601,9.603708576754501,93,EleutherAI/pythia-1.4b
2602,9.874869028023145,86,EleutherAI/pythia-1.4b
2603,21.696797086745903,646,EleutherAI/pythia-1.4b
2604,20.735100211199097,468,EleutherAI/pythia-1.4b
2605,19.847061173165233,226,EleutherAI/pythia-1.4b
2606,9.846945939966545,482,EleutherAI/pythia-1.4b
2607,18.715486380107105,858,EleutherAI/pythia-1.4b
2608,5.380050565814142,247,EleutherAI/pythia-1.4b
2609,13.285259866591451,1039,EleutherAI/pythia-1.4b
2610,3.684561106465313,288,EleutherAI/pythia-1.4b
2611,9.086841718575393,1028,EleutherAI/pythia-1.4b
2612,10.599427898769473,695,EleutherAI/pythia-1.4b
2613,22.854957074148324,1474,EleutherAI/pythia-1.4b
2614,23.194378219485564,226,EleutherAI/pythia-1.4b
2615,5.966999908381401,61,EleutherAI/pythia-1.4b
2616,21.345167082706915,110,EleutherAI/pythia-1.4b
2617,5.475582523088962,180,EleutherAI/pythia-1.4b
2618,14.638335663765558,709,EleutherAI/pythia-1.4b
2619,24.923449488376995,462,EleutherAI/pythia-1.4b
2620,13.590757122138687,1604,EleutherAI/pythia-1.4b
2621,32.64929924532403,225,EleutherAI/pythia-1.4b
2622,15.659580421346915,234,EleutherAI/pythia-1.4b
2623,7.355401051158718,778,EleutherAI/pythia-1.4b
2624,12.755889540254605,145,EleutherAI/pythia-1.4b
2625,20.644558083604867,554,EleutherAI/pythia-1.4b
2626,28.15129387259398,135,EleutherAI/pythia-1.4b
2627,28.34865136766294,594,EleutherAI/pythia-1.4b
2628,32.40364795090963,1058,EleutherAI/pythia-1.4b
2629,4.274270621328966,413,EleutherAI/pythia-1.4b
2630,13.049778022920055,940,EleutherAI/pythia-1.4b
2631,4.1171252804056735,511,EleutherAI/pythia-1.4b
2632,7.274143863877704,406,EleutherAI/pythia-1.4b
2633,11.27191962262457,387,EleutherAI/pythia-1.4b
2634,18.330485007009884,324,EleutherAI/pythia-1.4b
2635,6.814855990963861,298,EleutherAI/pythia-1.4b
2636,4.311738822554304,425,EleutherAI/pythia-1.4b
2637,11.88226972441692,167,EleutherAI/pythia-1.4b
2638,5.201576034612479,139,EleutherAI/pythia-1.4b
2639,48.070560178383815,238,EleutherAI/pythia-1.4b
2640,8.294757697441794,258,EleutherAI/pythia-1.4b
2641,26.168194564566097,241,EleutherAI/pythia-1.4b
2642,23.634557726059708,206,EleutherAI/pythia-1.4b
2643,15.190188397127118,532,EleutherAI/pythia-1.4b
2644,4.304874691148334,461,EleutherAI/pythia-1.4b
2645,8.501217907067486,735,EleutherAI/pythia-1.4b
2646,12.691629338012874,1055,EleutherAI/pythia-1.4b
2647,5.87188213411203,211,EleutherAI/pythia-1.4b
2648,12.46500228208506,621,EleutherAI/pythia-1.4b
2649,8.652075582784851,224,EleutherAI/pythia-1.4b
2650,33.00935103176627,109,EleutherAI/pythia-1.4b
2651,4.361170182177757,188,EleutherAI/pythia-1.4b
2652,135.31748631094536,32,EleutherAI/pythia-1.4b
2653,11.142842433458881,397,EleutherAI/pythia-1.4b
2654,17.01212288620584,770,EleutherAI/pythia-1.4b
2655,20.230168264530498,258,EleutherAI/pythia-1.4b
2656,11.690867076736975,271,EleutherAI/pythia-1.4b
2657,33.6848720424406,27,EleutherAI/pythia-1.4b
2658,12.764261781980434,541,EleutherAI/pythia-1.4b
2659,19.59507731969788,243,EleutherAI/pythia-1.4b
2660,12.777887535783012,1207,EleutherAI/pythia-1.4b
2661,35.729437943592224,242,EleutherAI/pythia-1.4b
2662,9.940978237573939,411,EleutherAI/pythia-1.4b
2663,18.30051596999985,110,EleutherAI/pythia-1.4b
2664,28.740577782015045,480,EleutherAI/pythia-1.4b
2665,4.616944769351981,391,EleutherAI/pythia-1.4b
2666,12.194501404215144,1044,EleutherAI/pythia-1.4b
2667,49.54874649051418,86,EleutherAI/pythia-1.4b
2668,13.293732335771303,721,EleutherAI/pythia-1.4b
2669,5.946876479797145,210,EleutherAI/pythia-1.4b
2670,8.109636958833917,367,EleutherAI/pythia-1.4b
2671,18.009577708832136,365,EleutherAI/pythia-1.4b
2672,9.35956835714565,446,EleutherAI/pythia-1.4b
2673,13.241911299264826,464,EleutherAI/pythia-1.4b
2674,13.951070183783761,811,EleutherAI/pythia-1.4b
2675,8.23522830730235,711,EleutherAI/pythia-1.4b
2676,3.7400672726141813,440,EleutherAI/pythia-1.4b
2677,3.369044902545777,186,EleutherAI/pythia-1.4b
2678,11.388923585581763,572,EleutherAI/pythia-1.4b
2679,19.37524868224864,397,EleutherAI/pythia-1.4b
2680,7.365997301204124,330,EleutherAI/pythia-1.4b
2681,20.205204078963618,428,EleutherAI/pythia-1.4b
2682,5.76291203877012,160,EleutherAI/pythia-1.4b
2683,11.095913327922604,312,EleutherAI/pythia-1.4b
2684,6.0019917329153,454,EleutherAI/pythia-1.4b
2685,48.51420685605226,151,EleutherAI/pythia-1.4b
2686,7.562059168519919,179,EleutherAI/pythia-1.4b
2687,9.090763878917237,66,EleutherAI/pythia-1.4b
2688,5.554100192658444,404,EleutherAI/pythia-1.4b
2689,8.405006766097632,469,EleutherAI/pythia-1.4b
2690,13.61711759719762,463,EleutherAI/pythia-1.4b
2691,125.62018131418546,25,EleutherAI/pythia-1.4b
2692,25.102019793465583,495,EleutherAI/pythia-1.4b
2693,8.292545030972816,614,EleutherAI/pythia-1.4b
2694,37.77923615208638,252,EleutherAI/pythia-1.4b
2695,22.791096450948565,94,EleutherAI/pythia-1.4b
2696,14.396229932432183,4397,EleutherAI/pythia-1.4b
2697,22.235912245749493,314,EleutherAI/pythia-1.4b
2698,10.39607198921095,803,EleutherAI/pythia-1.4b
2699,4.76813144855326,434,EleutherAI/pythia-1.4b
2700,15.97506763300379,184,EleutherAI/pythia-1.4b
2701,17.599518133720892,1169,EleutherAI/pythia-1.4b
2702,35.322507219265596,151,EleutherAI/pythia-1.4b
2703,24.63922641458562,1174,EleutherAI/pythia-1.4b
2704,9.766091735479565,543,EleutherAI/pythia-1.4b
2705,4.734398806786627,888,EleutherAI/pythia-1.4b
2706,10.161408641160023,512,EleutherAI/pythia-1.4b
2707,22.598066970605853,1119,EleutherAI/pythia-1.4b
2708,25.652378522148556,331,EleutherAI/pythia-1.4b
2709,22.161519722019648,214,EleutherAI/pythia-1.4b
2710,8.817791151875582,1048,EleutherAI/pythia-1.4b
2711,10.776578544238328,392,EleutherAI/pythia-1.4b
2712,4.711856951352662,182,EleutherAI/pythia-1.4b
2713,13.608082134666681,390,EleutherAI/pythia-1.4b
2714,7.216538035312422,85,EleutherAI/pythia-1.4b
2715,13.650481236881992,703,EleutherAI/pythia-1.4b
2716,4.058876475633697,341,EleutherAI/pythia-1.4b
2717,9.743578640885325,1031,EleutherAI/pythia-1.4b
2718,65.95102305726219,23,EleutherAI/pythia-1.4b
2719,12.76837994603798,629,EleutherAI/pythia-1.4b
2720,4.929234050214471,136,EleutherAI/pythia-1.4b
2721,11.279420060765997,295,EleutherAI/pythia-1.4b
2722,6.175600424229948,101,EleutherAI/pythia-1.4b
2723,16.289199971893545,234,EleutherAI/pythia-1.4b
2724,21.786161753085008,572,EleutherAI/pythia-1.4b
2725,3.7711412593565656,419,EleutherAI/pythia-1.4b
2726,16.526296836059938,471,EleutherAI/pythia-1.4b
2727,14.421642368089369,1063,EleutherAI/pythia-1.4b
2728,20.98313069884104,234,EleutherAI/pythia-1.4b
2729,4.287769543722202,226,EleutherAI/pythia-1.4b
2730,25.04710966177635,552,EleutherAI/pythia-1.4b
2731,15.8513420022288,647,EleutherAI/pythia-1.4b
2732,17.1185269358915,621,EleutherAI/pythia-1.4b
2733,4.499916485789547,263,EleutherAI/pythia-1.4b
2734,21.364040657773007,227,EleutherAI/pythia-1.4b
2735,21.39186463691893,644,EleutherAI/pythia-1.4b
2736,21.71598157599931,565,EleutherAI/pythia-1.4b
2737,16.62091021771543,314,EleutherAI/pythia-1.4b
2738,6.098637675969415,596,EleutherAI/pythia-1.4b
2739,18.325796244634947,1079,EleutherAI/pythia-1.4b
2740,14.497257500441076,391,EleutherAI/pythia-1.4b
2741,5.286566607333612,202,EleutherAI/pythia-1.4b
2742,15.906770752351079,387,EleutherAI/pythia-1.4b
2743,14.891195027032358,1551,EleutherAI/pythia-1.4b
2744,4.662946106092534,288,EleutherAI/pythia-1.4b
2745,34.94831308917604,98,EleutherAI/pythia-1.4b
2746,6.68558106107425,65,EleutherAI/pythia-1.4b
2747,20.446876520473516,552,EleutherAI/pythia-1.4b
2748,13.35913629785315,847,EleutherAI/pythia-1.4b
2749,16.274010344159727,382,EleutherAI/pythia-1.4b
2750,15.05197882847488,404,EleutherAI/pythia-1.4b
2751,6.400521740347352,397,EleutherAI/pythia-1.4b
2752,5.514886681218229,178,EleutherAI/pythia-1.4b
2753,41.77859825170886,399,EleutherAI/pythia-1.4b
2754,28.715933822483755,769,EleutherAI/pythia-1.4b
2755,12.442035910808578,792,EleutherAI/pythia-1.4b
2756,7.516732736358118,1037,EleutherAI/pythia-1.4b
2757,10.66800687117801,285,EleutherAI/pythia-1.4b
2758,10.258177275670578,1026,EleutherAI/pythia-1.4b
2759,14.479298728670319,270,EleutherAI/pythia-1.4b
2760,16.447190724053762,469,EleutherAI/pythia-1.4b
2761,5.684399519989644,227,EleutherAI/pythia-1.4b
2762,8.269733088826074,25,EleutherAI/pythia-1.4b
2763,3.4291345478159334,179,EleutherAI/pythia-1.4b
2764,7.977770322062444,165,EleutherAI/pythia-1.4b
2765,14.790787720881523,88,EleutherAI/pythia-1.4b
2766,19.109448808314575,280,EleutherAI/pythia-1.4b
2767,7.638084548636865,1013,EleutherAI/pythia-1.4b
2768,5.904641379431996,175,EleutherAI/pythia-1.4b
2769,5.079943649908083,259,EleutherAI/pythia-1.4b
2770,4.604884601391366,340,EleutherAI/pythia-1.4b
2771,14.794952984002844,624,EleutherAI/pythia-1.4b
2772,24.584912463504423,400,EleutherAI/pythia-1.4b
2773,19.785183401388803,1627,EleutherAI/pythia-1.4b
2774,15.776305445687536,371,EleutherAI/pythia-1.4b
2775,10.576236833682273,483,EleutherAI/pythia-1.4b
2776,5.998396026246211,232,EleutherAI/pythia-1.4b
2777,16.66494687152664,1028,EleutherAI/pythia-1.4b
2778,33.91226572149199,368,EleutherAI/pythia-1.4b
2779,46.850055810165166,205,EleutherAI/pythia-1.4b
2780,33.87296962343196,108,EleutherAI/pythia-1.4b
2781,32.312783098954206,116,EleutherAI/pythia-1.4b
2782,17.921235099323013,1415,EleutherAI/pythia-1.4b
2783,4.757048504044242,238,EleutherAI/pythia-1.4b
2784,3.1711879310461475,378,EleutherAI/pythia-1.4b
2785,12.528598920083844,1050,EleutherAI/pythia-1.4b
2786,5.485592949365704,161,EleutherAI/pythia-1.4b
2787,7.450726244220437,270,EleutherAI/pythia-1.4b
2788,5.798908367111125,231,EleutherAI/pythia-1.4b
2789,6.166744537582683,360,EleutherAI/pythia-1.4b
2790,18.995324811824574,1268,EleutherAI/pythia-1.4b
2791,27.127974943575524,237,EleutherAI/pythia-1.4b
2792,8.756783466547198,447,EleutherAI/pythia-1.4b
2793,18.03765107905758,812,EleutherAI/pythia-1.4b
2794,7.002627853296655,61,EleutherAI/pythia-1.4b
2795,8.442885603050561,33,EleutherAI/pythia-1.4b
2796,14.352812460988414,1284,EleutherAI/pythia-1.4b
2797,26.609495341409918,391,EleutherAI/pythia-1.4b
2798,15.150055975250668,1042,EleutherAI/pythia-1.4b
2799,19.33708372266677,284,EleutherAI/pythia-1.4b
2800,13.66889876046722,2349,EleutherAI/pythia-1.4b
2801,19.108687963506945,166,EleutherAI/pythia-1.4b
2802,9.505806464449002,708,EleutherAI/pythia-1.4b
2803,21.79125268902563,227,EleutherAI/pythia-1.4b
2804,8.311745062983643,106,EleutherAI/pythia-1.4b
2805,6.094283688466991,752,EleutherAI/pythia-1.4b
2806,7.7294816199745195,171,EleutherAI/pythia-1.4b
2807,3.5877835061668617,242,EleutherAI/pythia-1.4b
2808,22.698778563512626,602,EleutherAI/pythia-1.4b
2809,23.930019221035476,97,EleutherAI/pythia-1.4b
2810,8.237889186677117,1033,EleutherAI/pythia-1.4b
2811,4.491789381111636,296,EleutherAI/pythia-1.4b
2812,15.695512052913545,698,EleutherAI/pythia-1.4b
2813,100.88283452767257,35,EleutherAI/pythia-1.4b
2814,8.686415166738184,263,EleutherAI/pythia-1.4b
2815,32.00326585224571,244,EleutherAI/pythia-1.4b
2816,29.8609215909844,237,EleutherAI/pythia-1.4b
2817,10.250779135310724,541,EleutherAI/pythia-1.4b
2818,4.692208861985544,455,EleutherAI/pythia-1.4b
2819,3.460592094912821,447,EleutherAI/pythia-1.4b
2820,22.450269402150113,560,EleutherAI/pythia-1.4b
2821,14.083982065535448,184,EleutherAI/pythia-1.4b
2822,23.90104783245965,232,EleutherAI/pythia-1.4b
2823,4.220794676309805,396,EleutherAI/pythia-1.4b
2824,47.69619919058917,297,EleutherAI/pythia-1.4b
2825,14.568701872354064,2088,EleutherAI/pythia-1.4b
2826,18.86834584348194,252,EleutherAI/pythia-1.4b
2827,16.402196462463177,602,EleutherAI/pythia-1.4b
2828,28.37091698419771,678,EleutherAI/pythia-1.4b
2829,30.764570105085504,469,EleutherAI/pythia-1.4b
2830,10.155922778124541,1242,EleutherAI/pythia-1.4b
2831,5.629040546871884,259,EleutherAI/pythia-1.4b
2832,19.597759133902244,382,EleutherAI/pythia-1.4b
2833,6.571312316367059,565,EleutherAI/pythia-1.4b
2834,41.00446579449554,59,EleutherAI/pythia-1.4b
2835,26.052157938631105,145,EleutherAI/pythia-1.4b
2836,15.046119668740024,327,EleutherAI/pythia-1.4b
2837,21.511102202143285,334,EleutherAI/pythia-1.4b
2838,9.04258052174804,265,EleutherAI/pythia-1.4b
2839,6.12112487068591,341,EleutherAI/pythia-1.4b
2840,14.377166779779488,504,EleutherAI/pythia-1.4b
2841,19.633002518773896,240,EleutherAI/pythia-1.4b
2842,12.53753637520048,529,EleutherAI/pythia-1.4b
2843,14.791337849292388,465,EleutherAI/pythia-1.4b
2844,11.483219369248733,1705,EleutherAI/pythia-1.4b
2845,3.120637922186225,402,EleutherAI/pythia-1.4b
2846,22.055465887522256,97,EleutherAI/pythia-1.4b
2847,12.828366718748692,310,EleutherAI/pythia-1.4b
2848,3.8428065404420972,606,EleutherAI/pythia-1.4b
2849,13.989123758156245,1229,EleutherAI/pythia-1.4b
2850,9.263874552137128,597,EleutherAI/pythia-1.4b
2851,4.938594747973665,471,EleutherAI/pythia-1.4b
2852,4.119828018826931,282,EleutherAI/pythia-1.4b
2853,16.512972594132926,1046,EleutherAI/pythia-1.4b
2854,24.135484825242884,217,EleutherAI/pythia-1.4b
2855,23.49783463461746,311,EleutherAI/pythia-1.4b
2856,12.368441186756305,160,EleutherAI/pythia-1.4b
2857,15.895594479858078,457,EleutherAI/pythia-1.4b
2858,5.0603023005603065,471,EleutherAI/pythia-1.4b
2859,15.202851252098982,1543,EleutherAI/pythia-1.4b
2860,4.131917987952559,169,EleutherAI/pythia-1.4b
2861,6.409976966809523,756,EleutherAI/pythia-1.4b
2862,9.390601768686281,142,EleutherAI/pythia-1.4b
2863,16.78574371471019,391,EleutherAI/pythia-1.4b
2864,10.858865798970845,286,EleutherAI/pythia-1.4b
2865,18.334501778650807,385,EleutherAI/pythia-1.4b
2866,7.5020230183900205,672,EleutherAI/pythia-1.4b
2867,9.832965959583236,607,EleutherAI/pythia-1.4b
2868,23.319081292756252,236,EleutherAI/pythia-1.4b
2869,24.27638114065245,678,EleutherAI/pythia-1.4b
2870,45.425295801609245,404,EleutherAI/pythia-1.4b
2871,9.804995382885053,404,EleutherAI/pythia-1.4b
2872,16.12328686346727,327,EleutherAI/pythia-1.4b
2873,7.86008655813594,269,EleutherAI/pythia-1.4b
2874,10.496794524935703,223,EleutherAI/pythia-1.4b
2875,15.96322680182638,791,EleutherAI/pythia-1.4b
2876,26.59870604843978,243,EleutherAI/pythia-1.4b
2877,18.30911782466768,516,EleutherAI/pythia-1.4b
2878,33.8994771663495,218,EleutherAI/pythia-1.4b
2879,11.545042923577318,399,EleutherAI/pythia-1.4b
2880,21.668467998193865,621,EleutherAI/pythia-1.4b
2881,15.224393242820696,287,EleutherAI/pythia-1.4b
2882,37.429687763099665,212,EleutherAI/pythia-1.4b
2883,9.457066839119758,81,EleutherAI/pythia-1.4b
2884,7.770038251625533,189,EleutherAI/pythia-1.4b
2885,24.612077928422462,225,EleutherAI/pythia-1.4b
2886,38.64952860003069,225,EleutherAI/pythia-1.4b
2887,44.15010353250009,199,EleutherAI/pythia-1.4b
2888,34.0678596087178,465,EleutherAI/pythia-1.4b
2889,483.50089289368907,12,EleutherAI/pythia-1.4b
2890,5.216877794822124,234,EleutherAI/pythia-1.4b
2891,26.362696682912627,121,EleutherAI/pythia-1.4b
2892,5.199230195463287,269,EleutherAI/pythia-1.4b
2893,8.88658339776706,1029,EleutherAI/pythia-1.4b
2894,26.74255387836282,536,EleutherAI/pythia-1.4b
2895,16.545567644194456,390,EleutherAI/pythia-1.4b
2896,10.009567863244976,548,EleutherAI/pythia-1.4b
2897,27.18308487152553,580,EleutherAI/pythia-1.4b
2898,23.703980242477716,240,EleutherAI/pythia-1.4b
2899,5.702196899170234,172,EleutherAI/pythia-1.4b
2900,6.1999972005252975,836,EleutherAI/pythia-1.4b
2901,75.96126659716094,32,EleutherAI/pythia-1.4b
2902,10.671313869996103,135,EleutherAI/pythia-1.4b
2903,8.689159678876429,487,EleutherAI/pythia-1.4b
2904,23.328807239642902,577,EleutherAI/pythia-1.4b
2905,32.18980814388711,45,EleutherAI/pythia-1.4b
2906,8.636630644840093,64,EleutherAI/pythia-1.4b
2907,17.26579240253002,585,EleutherAI/pythia-1.4b
2908,31.45976689122682,39,EleutherAI/pythia-1.4b
2909,42.17622083968836,183,EleutherAI/pythia-1.4b
2910,10.444604699663529,90,EleutherAI/pythia-1.4b
2911,27.762498158617305,126,EleutherAI/pythia-1.4b
2912,6.236160597380244,798,EleutherAI/pythia-1.4b
2913,3.709134369499948,413,EleutherAI/pythia-1.4b
2914,3.672156983866597,356,EleutherAI/pythia-1.4b
2915,29.401454602575505,209,EleutherAI/pythia-1.4b
2916,16.408873195376774,713,EleutherAI/pythia-1.4b
2917,18.044606525830606,4239,EleutherAI/pythia-1.4b
2918,6.881428987792647,100,EleutherAI/pythia-1.4b
2919,12.34162382402627,553,EleutherAI/pythia-1.4b
2920,9.850223867460276,638,EleutherAI/pythia-1.4b
2921,3.4979609698841907,420,EleutherAI/pythia-1.4b
2922,16.185361267373455,1126,EleutherAI/pythia-1.4b
2923,34.41385692973309,231,EleutherAI/pythia-1.4b
2924,6.4657058041550135,394,EleutherAI/pythia-1.4b
2925,27.952990993388028,29,EleutherAI/pythia-1.4b
2926,5.6412713298447485,457,EleutherAI/pythia-1.4b
2927,11.466317055889224,319,EleutherAI/pythia-1.4b
2928,18.376080095325584,1639,EleutherAI/pythia-1.4b
2929,6.266587946902736,240,EleutherAI/pythia-1.4b
2930,10.575924163455765,81,EleutherAI/pythia-1.4b
2931,8.973198939739312,612,EleutherAI/pythia-1.4b
2932,7.737225475018278,1031,EleutherAI/pythia-1.4b
2933,15.39249117714433,252,EleutherAI/pythia-1.4b
2934,26.52660454009811,505,EleutherAI/pythia-1.4b
2935,4.461432079624417,447,EleutherAI/pythia-1.4b
2936,11.776706804319849,475,EleutherAI/pythia-1.4b
2937,14.072180696050482,902,EleutherAI/pythia-1.4b
2938,11.597717211879576,537,EleutherAI/pythia-1.4b
2939,27.715925596362588,249,EleutherAI/pythia-1.4b
2940,17.155773210498865,1479,EleutherAI/pythia-1.4b
2941,17.874130167362367,1250,EleutherAI/pythia-1.4b
2942,10.956551498790521,658,EleutherAI/pythia-1.4b
2943,9.953047067391358,671,EleutherAI/pythia-1.4b
2944,14.240642647614822,162,EleutherAI/pythia-1.4b
2945,22.846174899104017,673,EleutherAI/pythia-1.4b
2946,7.004725130367656,453,EleutherAI/pythia-1.4b
2947,39.152573852522146,93,EleutherAI/pythia-1.4b
2948,21.617280194221127,409,EleutherAI/pythia-1.4b
2949,10.217923761951237,392,EleutherAI/pythia-1.4b
2950,21.850279946866554,1074,EleutherAI/pythia-1.4b
2951,24.340869053980843,110,EleutherAI/pythia-1.4b
2952,17.665250049759326,382,EleutherAI/pythia-1.4b
2953,3.9000609968141324,396,EleutherAI/pythia-1.4b
2954,8.33499084317221,84,EleutherAI/pythia-1.4b
2955,20.699309570057743,449,EleutherAI/pythia-1.4b
2956,3.8406160811070533,330,EleutherAI/pythia-1.4b
2957,5.012535196845546,92,EleutherAI/pythia-1.4b
2958,4.492042126768043,464,EleutherAI/pythia-1.4b
2959,2.9282467995967543,488,EleutherAI/pythia-1.4b
2960,22.797628839567054,49,EleutherAI/pythia-1.4b
2961,15.426511583109432,265,EleutherAI/pythia-1.4b
2962,10.51514732659184,862,EleutherAI/pythia-1.4b
2963,13.16253710871308,491,EleutherAI/pythia-1.4b
2964,184.00307489810024,24,EleutherAI/pythia-1.4b
2965,3.8196874324854235,360,EleutherAI/pythia-1.4b
2966,14.497375019045553,395,EleutherAI/pythia-1.4b
2967,5.952402973515386,460,EleutherAI/pythia-1.4b
2968,9.785486211653485,3104,EleutherAI/pythia-1.4b
2969,10.94706532004339,850,EleutherAI/pythia-1.4b
2970,9.477776725722169,327,EleutherAI/pythia-1.4b
2971,11.630505154571129,581,EleutherAI/pythia-1.4b
2972,29.54805844982914,262,EleutherAI/pythia-1.4b
2973,19.62272133465681,649,EleutherAI/pythia-1.4b
2974,10.318627509879956,595,EleutherAI/pythia-1.4b
2975,14.530657238444999,119,EleutherAI/pythia-1.4b
2976,162.6028911873741,9,EleutherAI/pythia-1.4b
2977,12.929239779293011,657,EleutherAI/pythia-1.4b
2978,23.13364478467455,568,EleutherAI/pythia-1.4b
2979,11.992735485199878,426,EleutherAI/pythia-1.4b
2980,21.568162137016543,563,EleutherAI/pythia-1.4b
2981,16.08771833768719,593,EleutherAI/pythia-1.4b
2982,35.48987640802027,523,EleutherAI/pythia-1.4b
2983,26.599701702309396,249,EleutherAI/pythia-1.4b
2984,9.531250895756555,726,EleutherAI/pythia-1.4b
2985,84.85008730901193,38,EleutherAI/pythia-1.4b
2986,4.84934706655779,422,EleutherAI/pythia-1.4b
2987,24.926807065094145,332,EleutherAI/pythia-1.4b
2988,8.920956123471779,453,EleutherAI/pythia-1.4b
2989,2.3861725927472226,380,EleutherAI/pythia-1.4b
2990,26.00337029196563,397,EleutherAI/pythia-1.4b
2991,9.128753150860952,218,EleutherAI/pythia-1.4b
2992,11.653526577942053,764,EleutherAI/pythia-1.4b
2993,22.95948467624979,739,EleutherAI/pythia-1.4b
2994,15.027875099366945,751,EleutherAI/pythia-1.4b
2995,3.735829634380819,424,EleutherAI/pythia-1.4b
2996,9.557041417071327,966,EleutherAI/pythia-1.4b
2997,8.748329953288355,573,EleutherAI/pythia-1.4b
2998,11.164478001857473,778,EleutherAI/pythia-1.4b
2999,13.786395333691448,396,EleutherAI/pythia-1.4b
3000,21.533649282746705,840,EleutherAI/pythia-1.4b
3001,25.557371528657885,252,EleutherAI/pythia-1.4b
3002,8.212562289419669,551,EleutherAI/pythia-1.4b
3003,1.316480918689282,4515,EleutherAI/pythia-1.4b
3004,17.937936532198872,393,EleutherAI/pythia-1.4b
3005,4.683194578191937,313,EleutherAI/pythia-1.4b
3006,30.389635131288617,264,EleutherAI/pythia-1.4b
3007,74.05998506616284,11,EleutherAI/pythia-1.4b
3008,24.15628424164782,515,EleutherAI/pythia-1.4b
3009,29.63172102379141,563,EleutherAI/pythia-1.4b
3010,10.729513737797209,565,EleutherAI/pythia-1.4b
3011,10.849422809128587,371,EleutherAI/pythia-1.4b
3012,17.53558599652375,1050,EleutherAI/pythia-1.4b
3013,5.4319331010216425,187,EleutherAI/pythia-1.4b
3014,14.627569326999406,847,EleutherAI/pythia-1.4b
3015,21.780246333207796,218,EleutherAI/pythia-1.4b
3016,25.29915070859323,249,EleutherAI/pythia-1.4b
3017,10.497372648578608,521,EleutherAI/pythia-1.4b
3018,4.42723381551109,241,EleutherAI/pythia-1.4b
3019,14.13100358976057,547,EleutherAI/pythia-1.4b
3020,8.440913151518174,1028,EleutherAI/pythia-1.4b
3021,11.096299573540863,608,EleutherAI/pythia-1.4b
3022,16.47708259606754,912,EleutherAI/pythia-1.4b
3023,18.166392590227964,335,EleutherAI/pythia-1.4b
3024,4.8040471699893805,465,EleutherAI/pythia-1.4b
3025,4.905952255753314,215,EleutherAI/pythia-1.4b
3026,15.292009640219298,395,EleutherAI/pythia-1.4b
3027,25.371720487790963,553,EleutherAI/pythia-1.4b
3028,4.244113810471597,229,EleutherAI/pythia-1.4b
3029,3.424403270445396,453,EleutherAI/pythia-1.4b
3030,29.55404009559131,447,EleutherAI/pythia-1.4b
3031,30.158950441791568,1055,EleutherAI/pythia-1.4b
3032,16.27503858364392,572,EleutherAI/pythia-1.4b
3033,14.433403007599123,77,EleutherAI/pythia-1.4b
3034,50.667448877231884,157,EleutherAI/pythia-1.4b
3035,6.228447306763809,127,EleutherAI/pythia-1.4b
3036,4.604561284124405,225,EleutherAI/pythia-1.4b
3037,19.53220679235226,507,EleutherAI/pythia-1.4b
3038,19.266398714193567,718,EleutherAI/pythia-1.4b
3039,7.95106091685258,215,EleutherAI/pythia-1.4b
3040,6.333077741534126,196,EleutherAI/pythia-1.4b
3041,23.42066082740786,563,EleutherAI/pythia-1.4b
3042,9.09667415083886,932,EleutherAI/pythia-1.4b
3043,12.982130530369133,374,EleutherAI/pythia-1.4b
3044,10.48572122307288,636,EleutherAI/pythia-1.4b
3045,19.80234304421631,864,EleutherAI/pythia-1.4b
3046,4.482579768538841,179,EleutherAI/pythia-1.4b
3047,9.54210791500036,160,EleutherAI/pythia-1.4b
3048,14.029759522157981,276,EleutherAI/pythia-1.4b
3049,28.495148066426488,104,EleutherAI/pythia-1.4b
3050,11.896667012373182,1042,EleutherAI/pythia-1.4b
3051,10.88428798524284,1027,EleutherAI/pythia-1.4b
3052,29.95192486235375,220,EleutherAI/pythia-1.4b
3053,5.627477254946119,416,EleutherAI/pythia-1.4b
3054,10.549109316977017,186,EleutherAI/pythia-1.4b
3055,3.8861803597625344,285,EleutherAI/pythia-1.4b
3056,20.101753436163705,240,EleutherAI/pythia-1.4b
3057,20.34825671426616,457,EleutherAI/pythia-1.4b
3058,19.343456234737605,394,EleutherAI/pythia-1.4b
3059,5.230356831823783,239,EleutherAI/pythia-1.4b
3060,13.020918361372162,1186,EleutherAI/pythia-1.4b
3061,26.458508356841556,354,EleutherAI/pythia-1.4b
3062,10.616117093361359,1666,EleutherAI/pythia-1.4b
3063,29.760025452285802,219,EleutherAI/pythia-1.4b
3064,5.429591464975081,183,EleutherAI/pythia-1.4b
3065,3.5750326158922143,397,EleutherAI/pythia-1.4b
3066,16.482756243806794,388,EleutherAI/pythia-1.4b
3067,7.20203371270553,141,EleutherAI/pythia-1.4b
3068,26.647003273810146,274,EleutherAI/pythia-1.4b
3069,41.03602581653607,15,EleutherAI/pythia-1.4b
3070,18.07207938190769,586,EleutherAI/pythia-1.4b
3071,4.640537005028131,216,EleutherAI/pythia-1.4b
3072,8.489820478715037,832,EleutherAI/pythia-1.4b
3073,39.382901007271734,125,EleutherAI/pythia-1.4b
3074,6.516246065690236,166,EleutherAI/pythia-1.4b
3075,9.933245195094123,519,EleutherAI/pythia-1.4b
3076,22.39146302859304,492,EleutherAI/pythia-1.4b
3077,31.487133449668878,95,EleutherAI/pythia-1.4b
3078,15.280824468174972,265,EleutherAI/pythia-1.4b
3079,19.27718259907433,76,EleutherAI/pythia-1.4b
3080,3.347429792728949,488,EleutherAI/pythia-1.4b
3081,5.164109579869566,410,EleutherAI/pythia-1.4b
3082,9.671638168498445,1045,EleutherAI/pythia-1.4b
3083,9.1512768275234,331,EleutherAI/pythia-1.4b
3084,8.378089358388255,1045,EleutherAI/pythia-1.4b
3085,11.445269864371442,1460,EleutherAI/pythia-1.4b
3086,3.2133693006699957,488,EleutherAI/pythia-1.4b
3087,1.407273929559947,508,EleutherAI/pythia-1.4b
3088,18.22441492696037,73,EleutherAI/pythia-1.4b
3089,12.211012041936879,389,EleutherAI/pythia-1.4b
3090,10.91122119432294,1202,EleutherAI/pythia-1.4b
3091,19.352253012017265,190,EleutherAI/pythia-1.4b
3092,3.7186969596367003,438,EleutherAI/pythia-1.4b
3093,21.39471584875957,784,EleutherAI/pythia-1.4b
3094,9.089639064273916,925,EleutherAI/pythia-1.4b
3095,29.071411485270886,220,EleutherAI/pythia-1.4b
3096,32.88316845901815,197,EleutherAI/pythia-1.4b
3097,8.056559287648646,267,EleutherAI/pythia-1.4b
3098,27.05272301786438,273,EleutherAI/pythia-1.4b
3099,3.212365831089086,87,EleutherAI/pythia-1.4b
3100,5.480684758768891,229,EleutherAI/pythia-1.4b
3101,3.899657464093446,371,EleutherAI/pythia-1.4b
3102,52.12818532783099,250,EleutherAI/pythia-1.4b
3103,12.105186359475745,656,EleutherAI/pythia-1.4b
3104,20.602291500767134,518,EleutherAI/pythia-1.4b
3105,5.449588332677856,250,EleutherAI/pythia-1.4b
3106,8.86558835141256,228,EleutherAI/pythia-1.4b
3107,3.9655258101926343,516,EleutherAI/pythia-1.4b
3108,4.251089842395978,204,EleutherAI/pythia-1.4b
3109,3.3274337672289804,312,EleutherAI/pythia-1.4b
3110,9.315482217997664,80,EleutherAI/pythia-1.4b
3111,7.298544549923416,125,EleutherAI/pythia-1.4b
3112,6.830974016710338,1776,EleutherAI/pythia-1.4b
3113,10.905647736950437,505,EleutherAI/pythia-1.4b
3114,21.174488387438508,588,EleutherAI/pythia-1.4b
3115,6.59606447071515,618,EleutherAI/pythia-1.4b
3116,4.981719526447429,444,EleutherAI/pythia-1.4b
3117,8.141204428351251,807,EleutherAI/pythia-1.4b
3118,8.235825212088901,1033,EleutherAI/pythia-1.4b
3119,32.73031635284352,913,EleutherAI/pythia-1.4b
3120,9.327732329553337,163,EleutherAI/pythia-1.4b
3121,34.24551975498745,98,EleutherAI/pythia-1.4b
3122,31.23446465180275,278,EleutherAI/pythia-1.4b
3123,5.267788961092239,203,EleutherAI/pythia-1.4b
3124,10.96087561804937,415,EleutherAI/pythia-1.4b
3125,4.789545186440212,322,EleutherAI/pythia-1.4b
3126,16.118113546919407,669,EleutherAI/pythia-1.4b
3127,21.38057575188214,7153,EleutherAI/pythia-1.4b
3128,18.2039135373945,538,EleutherAI/pythia-1.4b
3129,116.94580750397282,35,EleutherAI/pythia-1.4b
3130,9.872564386153515,622,EleutherAI/pythia-1.4b
3131,13.957328158456306,314,EleutherAI/pythia-1.4b
3132,17.698452750542778,1198,EleutherAI/pythia-1.4b
3133,29.479514618621735,57,EleutherAI/pythia-1.4b
3134,17.052064577884117,973,EleutherAI/pythia-1.4b
3135,9.520678614542891,499,EleutherAI/pythia-1.4b
3136,12.631239933782885,391,EleutherAI/pythia-1.4b
3137,120.62728902940458,19,EleutherAI/pythia-1.4b
3138,25.216650029718483,684,EleutherAI/pythia-1.4b
3139,26.342076210980725,224,EleutherAI/pythia-1.4b
3140,26.67899146223501,225,EleutherAI/pythia-1.4b
3141,30.649562527930453,1129,EleutherAI/pythia-1.4b
3142,15.465543651265703,737,EleutherAI/pythia-1.4b
3143,14.25014907860817,82,EleutherAI/pythia-1.4b
3144,3.8004482071160623,381,EleutherAI/pythia-1.4b
3145,30.154054140041623,95,EleutherAI/pythia-1.4b
3146,4.994922626198751,176,EleutherAI/pythia-1.4b
3147,148.70714085555568,24,EleutherAI/pythia-1.4b
3148,12.724321049610497,568,EleutherAI/pythia-1.4b
3149,23.128449775813394,488,EleutherAI/pythia-1.4b
3150,4.980181054021563,244,EleutherAI/pythia-1.4b
3151,5.377261407825311,490,EleutherAI/pythia-1.4b
3152,9.643130937899027,452,EleutherAI/pythia-1.4b
3153,10.267747025994739,397,EleutherAI/pythia-1.4b
3154,25.351427862747258,389,EleutherAI/pythia-1.4b
3155,14.23700681644828,539,EleutherAI/pythia-1.4b
3156,16.14183573480705,1939,EleutherAI/pythia-1.4b
3157,15.13525378636126,99,EleutherAI/pythia-1.4b
3158,12.241479231073397,903,EleutherAI/pythia-1.4b
3159,10.091285309005157,148,EleutherAI/pythia-1.4b
3160,13.76077588693203,1873,EleutherAI/pythia-1.4b
3161,9.596263062002816,362,EleutherAI/pythia-1.4b
3162,17.348732339143755,760,EleutherAI/pythia-1.4b
3163,5.615139154856346,360,EleutherAI/pythia-1.4b
3164,18.260462214347612,271,EleutherAI/pythia-1.4b
3165,32.208278644900524,94,EleutherAI/pythia-1.4b
3166,28.584905791406907,393,EleutherAI/pythia-1.4b
3167,7.513464604205902,121,EleutherAI/pythia-1.4b
3168,23.541051410600762,541,EleutherAI/pythia-1.4b
3169,20.0943501841115,774,EleutherAI/pythia-1.4b
3170,7.873487632594008,634,EleutherAI/pythia-1.4b
3171,28.713640366007674,487,EleutherAI/pythia-1.4b
3172,7.939577601154921,240,EleutherAI/pythia-1.4b
3173,35.824477938538,242,EleutherAI/pythia-1.4b
3174,9.793274188294086,1033,EleutherAI/pythia-1.4b
3175,11.287458322866042,764,EleutherAI/pythia-1.4b
3176,7.280629533414066,222,EleutherAI/pythia-1.4b
3177,12.100067498312654,477,EleutherAI/pythia-1.4b
3178,12.293312017112246,328,EleutherAI/pythia-1.4b
3179,20.97767429956988,2421,EleutherAI/pythia-1.4b
3180,5.030242851820025,306,EleutherAI/pythia-1.4b
3181,16.610982572883795,1143,EleutherAI/pythia-1.4b
3182,10.249239545936074,444,EleutherAI/pythia-1.4b
3183,5.819426627690495,438,EleutherAI/pythia-1.4b
3184,8.467194584530422,43,EleutherAI/pythia-1.4b
3185,22.45081537004449,611,EleutherAI/pythia-1.4b
3186,9.127177526659926,350,EleutherAI/pythia-1.4b
3187,21.608777656038015,2832,EleutherAI/pythia-1.4b
3188,28.50009436221047,217,EleutherAI/pythia-1.4b
3189,22.49458808816716,1577,EleutherAI/pythia-1.4b
3190,6.840501852853189,474,EleutherAI/pythia-1.4b
3191,5.568050923539053,67,EleutherAI/pythia-1.4b
3192,4.623827476747189,200,EleutherAI/pythia-1.4b
3193,44.68686085229565,312,EleutherAI/pythia-1.4b
3194,21.886349093393196,510,EleutherAI/pythia-1.4b
3195,9.891304296802895,1030,EleutherAI/pythia-1.4b
3196,3.2110273383263266,325,EleutherAI/pythia-1.4b
3197,9.821745218120034,1306,EleutherAI/pythia-1.4b
3198,8.280692905157673,1054,EleutherAI/pythia-1.4b
3199,11.249043233777057,182,EleutherAI/pythia-1.4b
3200,11.410721373350421,1054,EleutherAI/pythia-1.4b
3201,3.3224368176347157,581,EleutherAI/pythia-1.4b
3202,15.7381174707397,552,EleutherAI/pythia-1.4b
3203,9.438751303431319,481,EleutherAI/pythia-1.4b
3204,3.358930419562679,398,EleutherAI/pythia-1.4b
3205,16.092862714301656,1023,EleutherAI/pythia-1.4b
3206,9.631466575694207,1619,EleutherAI/pythia-1.4b
3207,16.242829321265752,371,EleutherAI/pythia-1.4b
3208,39.47989290802459,892,EleutherAI/pythia-1.4b
3209,17.886211409467503,390,EleutherAI/pythia-1.4b
3210,30.60446508075464,485,EleutherAI/pythia-1.4b
3211,5.7975805630739385,58,EleutherAI/pythia-1.4b
3212,4.648185692096204,257,EleutherAI/pythia-1.4b
3213,4.71024403334745,487,EleutherAI/pythia-1.4b
3214,16.343346261024234,888,EleutherAI/pythia-1.4b
3215,9.75719890267951,1027,EleutherAI/pythia-1.4b
3216,14.563310998870705,1375,EleutherAI/pythia-1.4b
3217,6.412016751058846,322,EleutherAI/pythia-1.4b
3218,11.431135410424933,1297,EleutherAI/pythia-1.4b
3219,20.433864638739486,231,EleutherAI/pythia-1.4b
3220,13.86661202681135,659,EleutherAI/pythia-1.4b
3221,4.238363173510441,485,EleutherAI/pythia-1.4b
3222,5.336646089613461,499,EleutherAI/pythia-1.4b
3223,20.222944329162296,1031,EleutherAI/pythia-1.4b
3224,21.629869832142116,743,EleutherAI/pythia-1.4b
3225,17.80289196829886,631,EleutherAI/pythia-1.4b
3226,17.329980404892495,265,EleutherAI/pythia-1.4b
3227,5.615690748388481,396,EleutherAI/pythia-1.4b
3228,17.691774320845145,470,EleutherAI/pythia-1.4b
3229,11.241895344612226,915,EleutherAI/pythia-1.4b
3230,22.551241699405306,148,EleutherAI/pythia-1.4b
3231,15.957024341452893,712,EleutherAI/pythia-1.4b
3232,21.77152415028614,393,EleutherAI/pythia-1.4b
3233,5.51408270816696,396,EleutherAI/pythia-1.4b
3234,5.136450080349453,236,EleutherAI/pythia-1.4b
3235,4.660968196855004,144,EleutherAI/pythia-1.4b
3236,21.601895942806046,821,EleutherAI/pythia-1.4b
3237,41.68426661946402,420,EleutherAI/pythia-1.4b
3238,9.840008598847735,748,EleutherAI/pythia-1.4b
3239,6.4622136079914325,441,EleutherAI/pythia-1.4b
3240,12.512279351672753,475,EleutherAI/pythia-1.4b
3241,36.1625100173447,1011,EleutherAI/pythia-1.4b
3242,46.910691851944094,38,EleutherAI/pythia-1.4b
3243,23.74104892632857,650,EleutherAI/pythia-1.4b
3244,20.274030129859174,400,EleutherAI/pythia-1.4b
3245,20.495258707075614,561,EleutherAI/pythia-1.4b
3246,7.108224194479983,158,EleutherAI/pythia-1.4b
3247,20.85327211467333,127,EleutherAI/pythia-1.4b
3248,11.22133500439172,484,EleutherAI/pythia-1.4b
3249,14.322535987605473,684,EleutherAI/pythia-1.4b
3250,23.11768845996613,200,EleutherAI/pythia-1.4b
3251,6.188552508073866,434,EleutherAI/pythia-1.4b
3252,19.617865734160333,177,EleutherAI/pythia-1.4b
3253,20.753211701040016,799,EleutherAI/pythia-1.4b
3254,13.434522137518124,411,EleutherAI/pythia-1.4b
3255,21.800315419538965,492,EleutherAI/pythia-1.4b
3256,9.85390696682412,210,EleutherAI/pythia-1.4b
3257,64.02655653259343,86,EleutherAI/pythia-1.4b
3258,24.940497584393945,483,EleutherAI/pythia-1.4b
3259,10.292062594936388,1040,EleutherAI/pythia-1.4b
3260,14.379528716724515,89,EleutherAI/pythia-1.4b
3261,14.943573334300472,587,EleutherAI/pythia-1.4b
3262,6.5305446981767075,314,EleutherAI/pythia-1.4b
3263,18.224627835120497,216,EleutherAI/pythia-1.4b
3264,16.382842656103858,751,EleutherAI/pythia-1.4b
3265,11.916097928664026,518,EleutherAI/pythia-1.4b
3266,27.02917833783248,448,EleutherAI/pythia-1.4b
3267,10.357232916822072,152,EleutherAI/pythia-1.4b
3268,5.292592935946132,137,EleutherAI/pythia-1.4b
3269,35.595691918301306,42,EleutherAI/pythia-1.4b
3270,8.606553900237282,84,EleutherAI/pythia-1.4b
3271,3.8475333541760803,354,EleutherAI/pythia-1.4b
3272,22.364258348722828,146,EleutherAI/pythia-1.4b
3273,6.7864401716658715,192,EleutherAI/pythia-1.4b
3274,12.166320648629513,117,EleutherAI/pythia-1.4b
3275,8.433104355197619,307,EleutherAI/pythia-1.4b
3276,12.582037393157362,604,EleutherAI/pythia-1.4b
3277,6.904491757957158,700,EleutherAI/pythia-1.4b
3278,8.561204365418789,320,EleutherAI/pythia-1.4b
3279,17.985839965727525,454,EleutherAI/pythia-1.4b
3280,3.2807598777577756,559,EleutherAI/pythia-1.4b
3281,4.870471739154716,264,EleutherAI/pythia-1.4b
3282,11.18780123130418,933,EleutherAI/pythia-1.4b
3283,16.172091524354542,2054,EleutherAI/pythia-1.4b
3284,7.738839754410835,651,EleutherAI/pythia-1.4b
3285,30.614236885711662,97,EleutherAI/pythia-1.4b
3286,22.82669945554237,499,EleutherAI/pythia-1.4b
3287,4.235367076556767,261,EleutherAI/pythia-1.4b
3288,6.8352800654773,440,EleutherAI/pythia-1.4b
3289,39.55738865374568,196,EleutherAI/pythia-1.4b
3290,6.583150942461005,369,EleutherAI/pythia-1.4b
3291,16.91618998430334,314,EleutherAI/pythia-1.4b
3292,35.57718729321183,555,EleutherAI/pythia-1.4b
3293,11.392092817708372,356,EleutherAI/pythia-1.4b
3294,15.913063704015393,702,EleutherAI/pythia-1.4b
3295,18.037208131848875,239,EleutherAI/pythia-1.4b
3296,26.96094901594848,439,EleutherAI/pythia-1.4b
3297,13.254011742403392,645,EleutherAI/pythia-1.4b
3298,6.769594940933881,415,EleutherAI/pythia-1.4b
3299,4.9829305689377,141,EleutherAI/pythia-1.4b
3300,23.264143973727077,218,EleutherAI/pythia-1.4b
3301,3.9501683443622078,143,EleutherAI/pythia-1.4b
3302,8.060315392288274,344,EleutherAI/pythia-1.4b
3303,33.439592129212706,226,EleutherAI/pythia-1.4b
3304,10.28033489552466,7270,EleutherAI/pythia-1.4b
3305,5.091488742005465,323,EleutherAI/pythia-1.4b
3306,30.458508641457062,429,EleutherAI/pythia-1.4b
3307,5.122220090159872,454,EleutherAI/pythia-1.4b
3308,7.720812180981951,560,EleutherAI/pythia-1.4b
3309,74.98888459522173,63,EleutherAI/pythia-1.4b
3310,13.885135005660873,438,EleutherAI/pythia-1.4b
3311,12.568144035774766,201,EleutherAI/pythia-1.4b
3312,4.872018717768994,113,EleutherAI/pythia-1.4b
3313,17.78491269172311,601,EleutherAI/pythia-1.4b
3314,9.999297009656948,353,EleutherAI/pythia-1.4b
3315,9.848119857365834,773,EleutherAI/pythia-1.4b
3316,23.077504648886407,104,EleutherAI/pythia-1.4b
3317,3.696081737648897,113,EleutherAI/pythia-1.4b
3318,6.767870604565184,1055,EleutherAI/pythia-1.4b
3319,4.049719205615911,452,EleutherAI/pythia-1.4b
3320,3.3722561906558943,465,EleutherAI/pythia-1.4b
3321,15.92255904886471,390,EleutherAI/pythia-1.4b
3322,4.955787746056811,402,EleutherAI/pythia-1.4b
3323,16.582587277842517,342,EleutherAI/pythia-1.4b
3324,53.1199866140618,221,EleutherAI/pythia-1.4b
3325,9.330009885964817,214,EleutherAI/pythia-1.4b
3326,16.025231329610843,551,EleutherAI/pythia-1.4b
3327,27.45154674144757,752,EleutherAI/pythia-1.4b
3328,6.211364577076235,375,EleutherAI/pythia-1.4b
3329,15.99144223065695,227,EleutherAI/pythia-1.4b
3330,73.84009061112661,381,EleutherAI/pythia-1.4b
3331,14.242917635950121,35,EleutherAI/pythia-1.4b
3332,4.250809608154824,200,EleutherAI/pythia-1.4b
3333,8.376799077818655,1041,EleutherAI/pythia-1.4b
3334,88.8087766499471,347,EleutherAI/pythia-1.4b
3335,22.304438192987732,545,EleutherAI/pythia-1.4b
3336,90.60658993756635,23,EleutherAI/pythia-1.4b
3337,12.869971813500698,156,EleutherAI/pythia-1.4b
3338,6.493275588379046,230,EleutherAI/pythia-1.4b
3339,14.565373610287153,395,EleutherAI/pythia-1.4b
3340,17.965045850836276,253,EleutherAI/pythia-1.4b
3341,8.439581001165472,438,EleutherAI/pythia-1.4b
3342,18.429802214637142,605,EleutherAI/pythia-1.4b
3343,5.6534666845221135,200,EleutherAI/pythia-1.4b
3344,14.355286763719937,397,EleutherAI/pythia-1.4b
3345,21.670849731307772,122,EleutherAI/pythia-1.4b
3346,38.821461183945964,344,EleutherAI/pythia-1.4b
3347,22.605045247556866,696,EleutherAI/pythia-1.4b
3348,10.518133595280236,900,EleutherAI/pythia-1.4b
3349,13.956180153881254,331,EleutherAI/pythia-1.4b
3350,5.48352429348472,402,EleutherAI/pythia-1.4b
3351,41.06797240847148,85,EleutherAI/pythia-1.4b
3352,16.49389704712851,1081,EleutherAI/pythia-1.4b
3353,19.879577061046227,566,EleutherAI/pythia-1.4b
3354,6.089887799017052,119,EleutherAI/pythia-1.4b
3355,10.287531389106494,1036,EleutherAI/pythia-1.4b
3356,34.10938228873657,339,EleutherAI/pythia-1.4b
3357,14.128035729830888,541,EleutherAI/pythia-1.4b
3358,5.144416314818195,741,EleutherAI/pythia-1.4b
3359,16.71126352093652,1292,EleutherAI/pythia-1.4b
3360,4.950761021573976,442,EleutherAI/pythia-1.4b
3361,8.977934631009004,229,EleutherAI/pythia-1.4b
3362,9.329342575519979,1055,EleutherAI/pythia-1.4b
3363,24.326556484441067,1067,EleutherAI/pythia-1.4b
3364,5.485116906333896,226,EleutherAI/pythia-1.4b
3365,13.122548352312295,534,EleutherAI/pythia-1.4b
3366,27.646806430076452,232,EleutherAI/pythia-1.4b
3367,19.013503204040862,191,EleutherAI/pythia-1.4b
3368,12.812429498382729,468,EleutherAI/pythia-1.4b
3369,24.57130582746225,257,EleutherAI/pythia-1.4b
3370,33.72014702569114,941,EleutherAI/pythia-1.4b
3371,4.4470906012035005,335,EleutherAI/pythia-1.4b
3372,12.83641009090573,553,EleutherAI/pythia-1.4b
3373,12.011091870725478,419,EleutherAI/pythia-1.4b
3374,30.606522811736845,9,EleutherAI/pythia-1.4b
3375,24.41882769689102,87,EleutherAI/pythia-1.4b
3376,13.794730226818835,227,EleutherAI/pythia-1.4b
3377,6.313708323348297,3059,EleutherAI/pythia-1.4b
3378,17.510990835569793,508,EleutherAI/pythia-1.4b
3379,12.550719613971625,624,EleutherAI/pythia-1.4b
3380,5.047890904332417,84,EleutherAI/pythia-1.4b
3381,9.195850817121613,540,EleutherAI/pythia-1.4b
3382,29.979809529565816,134,EleutherAI/pythia-1.4b
3383,12.393607622646893,1553,EleutherAI/pythia-1.4b
3384,8.9902852784205,1044,EleutherAI/pythia-1.4b
3385,18.290308969251097,196,EleutherAI/pythia-1.4b
3386,20.17679239208473,1057,EleutherAI/pythia-1.4b
3387,8.763815843636394,1028,EleutherAI/pythia-1.4b
3388,25.311404235648407,146,EleutherAI/pythia-1.4b
3389,15.169595332946395,686,EleutherAI/pythia-1.4b
3390,4.380508201208378,271,EleutherAI/pythia-1.4b
3391,4.6323806809394386,441,EleutherAI/pythia-1.4b
3392,6.944671614721511,116,EleutherAI/pythia-1.4b
3393,20.725299303741423,85,EleutherAI/pythia-1.4b
3394,3.323158923196679,483,EleutherAI/pythia-1.4b
3395,19.847018586037805,608,EleutherAI/pythia-1.4b
3396,9.987988858339325,881,EleutherAI/pythia-1.4b
3397,9.42147526187652,1028,EleutherAI/pythia-1.4b
3398,25.732408689500915,400,EleutherAI/pythia-1.4b
3399,12.601625960246322,2135,EleutherAI/pythia-1.4b
3400,8.328630203600023,1037,EleutherAI/pythia-1.4b
3401,6.960699419690987,1050,EleutherAI/pythia-1.4b
3402,14.932643022154869,922,EleutherAI/pythia-1.4b
3403,18.823315053417097,243,EleutherAI/pythia-1.4b
3404,23.48905183809971,450,EleutherAI/pythia-1.4b
3405,4.83213738131702,289,EleutherAI/pythia-1.4b
3406,8.270642073122632,1072,EleutherAI/pythia-1.4b
3407,15.384702044571357,1217,EleutherAI/pythia-1.4b
3408,11.190698380681388,491,EleutherAI/pythia-1.4b
3409,3.7602933932669926,322,EleutherAI/pythia-1.4b
3410,19.86658042249885,226,EleutherAI/pythia-1.4b
3411,5.155283744956687,111,EleutherAI/pythia-1.4b
3412,13.405764040840406,286,EleutherAI/pythia-1.4b
3413,25.71574506320463,20,EleutherAI/pythia-1.4b
3414,14.339780647816603,1421,EleutherAI/pythia-1.4b
3415,19.033922502938555,391,EleutherAI/pythia-1.4b
3416,18.19972143410072,455,EleutherAI/pythia-1.4b
3417,6.8271887186192854,52,EleutherAI/pythia-1.4b
3418,12.868535863509907,847,EleutherAI/pythia-1.4b
3419,31.743579276343397,383,EleutherAI/pythia-1.4b
3420,7.610365604056826,297,EleutherAI/pythia-1.4b
3421,29.390878636944322,110,EleutherAI/pythia-1.4b
3422,2.4779820431860067,510,EleutherAI/pythia-1.4b
3423,8.120258758632835,1037,EleutherAI/pythia-1.4b
3424,15.32973646997741,262,EleutherAI/pythia-1.4b
3425,12.465311362282737,448,EleutherAI/pythia-1.4b
3426,32.61743072736223,321,EleutherAI/pythia-1.4b
3427,8.78664148783466,416,EleutherAI/pythia-1.4b
3428,24.328139909499292,243,EleutherAI/pythia-1.4b
3429,6.446404474751451,1008,EleutherAI/pythia-1.4b
3430,16.31385258684073,592,EleutherAI/pythia-1.4b
3431,18.501308040538145,1064,EleutherAI/pythia-1.4b
3432,13.994407818812206,1439,EleutherAI/pythia-1.4b
3433,44.63686747309639,75,EleutherAI/pythia-1.4b
3434,19.32446625073101,1912,EleutherAI/pythia-1.4b
3435,12.49093516969466,409,EleutherAI/pythia-1.4b
3436,17.774166896471733,1043,EleutherAI/pythia-1.4b
3437,6.585577907050464,627,EleutherAI/pythia-1.4b
3438,12.185663218264724,503,EleutherAI/pythia-1.4b
3439,22.310570450525816,362,EleutherAI/pythia-1.4b
3440,6.2431689252459055,160,EleutherAI/pythia-1.4b
3441,18.087657804705284,416,EleutherAI/pythia-1.4b
3442,16.038253786707983,450,EleutherAI/pythia-1.4b
3443,15.673568753602328,693,EleutherAI/pythia-1.4b
3444,30.183825284750363,389,EleutherAI/pythia-1.4b
3445,14.665331641748057,703,EleutherAI/pythia-1.4b
3446,12.53364506475032,185,EleutherAI/pythia-1.4b
3447,8.693071847923841,910,EleutherAI/pythia-1.4b
3448,3.8272942031452923,477,EleutherAI/pythia-1.4b
3449,51.449899114585975,51,EleutherAI/pythia-1.4b
3450,26.20439945390334,275,EleutherAI/pythia-1.4b
3451,3.661210627290489,313,EleutherAI/pythia-1.4b
3452,4.31292786690626,291,EleutherAI/pythia-1.4b
3453,8.728414833746525,336,EleutherAI/pythia-1.4b
3454,5.217491024552495,253,EleutherAI/pythia-1.4b
3455,21.716866945430827,602,EleutherAI/pythia-1.4b
3456,20.716471087836055,460,EleutherAI/pythia-1.4b
3457,18.30593584571974,587,EleutherAI/pythia-1.4b
3458,25.170777260850947,279,EleutherAI/pythia-1.4b
3459,4.907880835994932,263,EleutherAI/pythia-1.4b
3460,6.049920507117602,359,EleutherAI/pythia-1.4b
3461,33.534105319493186,13,EleutherAI/pythia-1.4b
3462,12.144666085103186,265,EleutherAI/pythia-1.4b
3463,14.29132159460165,1039,EleutherAI/pythia-1.4b
3464,15.140209103164253,354,EleutherAI/pythia-1.4b
3465,23.632241888363396,150,EleutherAI/pythia-1.4b
3466,13.595399123672179,479,EleutherAI/pythia-1.4b
3467,5.406138393624579,225,EleutherAI/pythia-1.4b
3468,7.743108608749538,77,EleutherAI/pythia-1.4b
3469,38.20656190362983,747,EleutherAI/pythia-1.4b
3470,57.897093397042404,73,EleutherAI/pythia-1.4b
3471,12.130787136299706,442,EleutherAI/pythia-1.4b
3472,16.998913549074505,682,EleutherAI/pythia-1.4b
3473,14.597454555034394,794,EleutherAI/pythia-1.4b
3474,16.953966102695404,510,EleutherAI/pythia-1.4b
3475,17.0900096609149,888,EleutherAI/pythia-1.4b
3476,6.196776312475263,192,EleutherAI/pythia-1.4b
3477,16.670577893758594,1034,EleutherAI/pythia-1.4b
3478,16.278989179511576,367,EleutherAI/pythia-1.4b
3479,19.31720502682538,453,EleutherAI/pythia-1.4b
3480,21.26390698085745,399,EleutherAI/pythia-1.4b
3481,133.83515144201698,19,EleutherAI/pythia-1.4b
3482,13.666838525333935,286,EleutherAI/pythia-1.4b
3483,4.637076953739012,279,EleutherAI/pythia-1.4b
3484,39.667935220484004,1058,EleutherAI/pythia-1.4b
3485,17.169251802725626,394,EleutherAI/pythia-1.4b
3486,12.552320609810447,387,EleutherAI/pythia-1.4b
3487,5.99532846898958,224,EleutherAI/pythia-1.4b
3488,57.15469763700993,226,EleutherAI/pythia-1.4b
3489,33.889472798587015,693,EleutherAI/pythia-1.4b
3490,18.933295179048113,303,EleutherAI/pythia-1.4b
3491,6.173858846816771,124,EleutherAI/pythia-1.4b
3492,28.585573686126573,1069,EleutherAI/pythia-1.4b
3493,16.559948634906256,776,EleutherAI/pythia-1.4b
3494,16.168533680373514,261,EleutherAI/pythia-1.4b
3495,16.22391498393237,406,EleutherAI/pythia-1.4b
3496,14.747585553931215,394,EleutherAI/pythia-1.4b
3497,14.557933609989686,345,EleutherAI/pythia-1.4b
3498,4.785289442392724,151,EleutherAI/pythia-1.4b
3499,60.07879026171316,1208,EleutherAI/pythia-1.4b
3500,5.5085678408023275,498,EleutherAI/pythia-1.4b
3501,13.198653825316992,550,EleutherAI/pythia-1.4b
3502,3.5532542355833674,521,EleutherAI/pythia-1.4b
3503,9.952342313915718,324,EleutherAI/pythia-1.4b
3504,5.732423176555724,461,EleutherAI/pythia-1.4b
3505,11.343759506021383,5411,EleutherAI/pythia-1.4b
3506,21.338491248137768,161,EleutherAI/pythia-1.4b
3507,6.943491173336714,32,EleutherAI/pythia-1.4b
3508,29.29065586728056,284,EleutherAI/pythia-1.4b
3509,18.96450844661822,391,EleutherAI/pythia-1.4b
3510,21.137279135491926,700,EleutherAI/pythia-1.4b
3511,3.757157316669623,209,EleutherAI/pythia-1.4b
3512,4.708797257600158,156,EleutherAI/pythia-1.4b
3513,3.5587001486667096,639,EleutherAI/pythia-1.4b
3514,8.618233379721028,301,EleutherAI/pythia-1.4b
3515,24.33395828654803,234,EleutherAI/pythia-1.4b
3516,25.604412793582288,14,EleutherAI/pythia-1.4b
3517,13.93264526605682,258,EleutherAI/pythia-1.4b
3518,37.1115351282421,69,EleutherAI/pythia-1.4b
3519,53.971699481891264,278,EleutherAI/pythia-1.4b
3520,6.087367022900654,670,EleutherAI/pythia-1.4b
3521,4.484147335549266,397,EleutherAI/pythia-1.4b
3522,4.7836753384750645,596,EleutherAI/pythia-1.4b
3523,10.149682428286509,158,EleutherAI/pythia-1.4b
3524,42.63128068060618,404,EleutherAI/pythia-1.4b
3525,4.607955325339993,241,EleutherAI/pythia-1.4b
3526,4.6570198914058185,555,EleutherAI/pythia-1.4b
3527,22.039018386948143,331,EleutherAI/pythia-1.4b
3528,21.43409526988256,58,EleutherAI/pythia-1.4b
3529,10.401923743600744,1595,EleutherAI/pythia-1.4b
3530,13.067599316356096,386,EleutherAI/pythia-1.4b
3531,7.468582578555909,954,EleutherAI/pythia-1.4b
3532,16.283934596507066,61,EleutherAI/pythia-1.4b
3533,24.83781514866737,376,EleutherAI/pythia-1.4b
3534,6.641554657464409,248,EleutherAI/pythia-1.4b
3535,5.348063681415542,116,EleutherAI/pythia-1.4b
3536,24.07795822220456,340,EleutherAI/pythia-1.4b
3537,9.528969651795892,653,EleutherAI/pythia-1.4b
3538,14.619407404216702,826,EleutherAI/pythia-1.4b
3539,9.492924140811859,135,EleutherAI/pythia-1.4b
3540,18.630751258233218,459,EleutherAI/pythia-1.4b
3541,20.5454697535374,1060,EleutherAI/pythia-1.4b
3542,36.84081172874817,163,EleutherAI/pythia-1.4b
3543,18.198493495589204,1337,EleutherAI/pythia-1.4b
3544,5.332567204848745,222,EleutherAI/pythia-1.4b
3545,36.264926733217386,1056,EleutherAI/pythia-1.4b
3546,4.490529613313731,415,EleutherAI/pythia-1.4b
3547,16.030971068014008,773,EleutherAI/pythia-1.4b
3548,25.492340842836906,280,EleutherAI/pythia-1.4b
3549,10.719107257889863,1031,EleutherAI/pythia-1.4b
3550,13.411486429777144,719,EleutherAI/pythia-1.4b
3551,11.730262388222036,316,EleutherAI/pythia-1.4b
3552,29.78469198590636,562,EleutherAI/pythia-1.4b
3553,24.642416447072122,667,EleutherAI/pythia-1.4b
3554,32.36799061697653,728,EleutherAI/pythia-1.4b
3555,19.69472301896115,260,EleutherAI/pythia-1.4b
3556,12.984938163198475,1102,EleutherAI/pythia-1.4b
3557,20.714668361342053,590,EleutherAI/pythia-1.4b
3558,3.8860492569036746,302,EleutherAI/pythia-1.4b
3559,10.6302628561625,1038,EleutherAI/pythia-1.4b
3560,6.585852684504982,438,EleutherAI/pythia-1.4b
3561,8.710575887501399,987,EleutherAI/pythia-1.4b
3562,5.594036643014825,279,EleutherAI/pythia-1.4b
3563,4.542035603079956,464,EleutherAI/pythia-1.4b
3564,8.992028073018714,291,EleutherAI/pythia-1.4b
3565,89.254283187126,39,EleutherAI/pythia-1.4b
3566,17.02678760947345,554,EleutherAI/pythia-1.4b
3567,9.863635744549773,14,EleutherAI/pythia-1.4b
3568,3.020206546761231,587,EleutherAI/pythia-1.4b
3569,3.603231299527643,491,EleutherAI/pythia-1.4b
3570,4.400982692138657,236,EleutherAI/pythia-1.4b
3571,19.55704353239226,391,EleutherAI/pythia-1.4b
3572,4.737727586419389,205,EleutherAI/pythia-1.4b
3573,26.093701267792323,759,EleutherAI/pythia-1.4b
3574,8.635516725616014,767,EleutherAI/pythia-1.4b
3575,4.875465181835673,311,EleutherAI/pythia-1.4b
3576,14.08515065729488,519,EleutherAI/pythia-1.4b
3577,8.695915906316614,102,EleutherAI/pythia-1.4b
3578,9.57583305712713,1028,EleutherAI/pythia-1.4b
3579,41.05183940426789,373,EleutherAI/pythia-1.4b
3580,15.350806781271316,361,EleutherAI/pythia-1.4b
3581,4.485566261054356,590,EleutherAI/pythia-1.4b
3582,12.652609683221531,307,EleutherAI/pythia-1.4b
3583,16.96150232707406,559,EleutherAI/pythia-1.4b
3584,27.828290372397262,1334,EleutherAI/pythia-1.4b
3585,15.091128228080043,532,EleutherAI/pythia-1.4b
3586,21.05226252166849,447,EleutherAI/pythia-1.4b
3587,11.507830707830198,636,EleutherAI/pythia-1.4b
3588,20.728763442000968,400,EleutherAI/pythia-1.4b
3589,11.798996419779114,763,EleutherAI/pythia-1.4b
3590,18.66887520990333,812,EleutherAI/pythia-1.4b
3591,10.424744436332613,623,EleutherAI/pythia-1.4b
3592,18.9796252917783,27,EleutherAI/pythia-1.4b
3593,13.123486983679673,487,EleutherAI/pythia-1.4b
3594,8.936764634217026,267,EleutherAI/pythia-1.4b
3595,29.722075394238555,245,EleutherAI/pythia-1.4b
3596,12.365610599177193,1086,EleutherAI/pythia-1.4b
3597,14.381609873823999,340,EleutherAI/pythia-1.4b
3598,4.921593989506412,162,EleutherAI/pythia-1.4b
3599,5.138742477676077,281,EleutherAI/pythia-1.4b
3600,1.5957498443534004,542,EleutherAI/pythia-1.4b
3601,19.858368921713286,531,EleutherAI/pythia-1.4b
3602,7.885858609243121,194,EleutherAI/pythia-1.4b
3603,12.882414213055421,636,EleutherAI/pythia-1.4b
3604,17.35937406264163,764,EleutherAI/pythia-1.4b
3605,3.492175444318851,481,EleutherAI/pythia-1.4b
3606,24.247678362411733,376,EleutherAI/pythia-1.4b
3607,3.980599886796423,396,EleutherAI/pythia-1.4b
3608,16.192629190133406,351,EleutherAI/pythia-1.4b
3609,90.63861019453883,18,EleutherAI/pythia-1.4b
3610,26.123810682526102,218,EleutherAI/pythia-1.4b
3611,5.402806907972569,530,EleutherAI/pythia-1.4b
3612,15.550669154144439,542,EleutherAI/pythia-1.4b
3613,10.457910771128164,387,EleutherAI/pythia-1.4b
3614,22.181363678630053,602,EleutherAI/pythia-1.4b
3615,3.722730101347462,591,EleutherAI/pythia-1.4b
3616,4.261715865482527,483,EleutherAI/pythia-1.4b
3617,3.6662887535816404,510,EleutherAI/pythia-1.4b
3618,16.763191413221026,768,EleutherAI/pythia-1.4b
3619,15.099848713659467,327,EleutherAI/pythia-1.4b
3620,21.791720283597623,143,EleutherAI/pythia-1.4b
3621,44.164495199794395,88,EleutherAI/pythia-1.4b
3622,9.543914448541013,690,EleutherAI/pythia-1.4b
3623,8.930387622490516,449,EleutherAI/pythia-1.4b
3624,43.253283710995454,442,EleutherAI/pythia-1.4b
3625,26.74301294866524,63,EleutherAI/pythia-1.4b
3626,27.986920607851378,231,EleutherAI/pythia-1.4b
3627,9.388622795005206,575,EleutherAI/pythia-1.4b
3628,6.331795946303706,257,EleutherAI/pythia-1.4b
3629,21.954237444347868,279,EleutherAI/pythia-1.4b
3630,47.32527265401903,69,EleutherAI/pythia-1.4b
3631,17.643131300173877,264,EleutherAI/pythia-1.4b
3632,4.015250609954143,352,EleutherAI/pythia-1.4b
3633,30.780344064551407,74,EleutherAI/pythia-1.4b
3634,24.717256659076703,234,EleutherAI/pythia-1.4b
3635,9.585794644422458,192,EleutherAI/pythia-1.4b
3636,18.832324279584217,86,EleutherAI/pythia-1.4b
3637,20.764887201042903,813,EleutherAI/pythia-1.4b
3638,45.24768153498407,56,EleutherAI/pythia-1.4b
3639,8.495577033709496,1035,EleutherAI/pythia-1.4b
3640,11.745281951572755,170,EleutherAI/pythia-1.4b
3641,18.15405717565091,249,EleutherAI/pythia-1.4b
3642,11.80793420875361,290,EleutherAI/pythia-1.4b
3643,7.4609048085480465,772,EleutherAI/pythia-1.4b
3644,15.833362955000785,392,EleutherAI/pythia-1.4b
3645,4.0708904572646425,227,EleutherAI/pythia-1.4b
3646,14.595505714687253,169,EleutherAI/pythia-1.4b
3647,17.373215961581852,2943,EleutherAI/pythia-1.4b
3648,18.347532839175127,500,EleutherAI/pythia-1.4b
3649,4.603702874415533,536,EleutherAI/pythia-1.4b
3650,18.50810231335489,519,EleutherAI/pythia-1.4b
3651,3.093769098308039,338,EleutherAI/pythia-1.4b
3652,5.099656980835421,222,EleutherAI/pythia-1.4b
3653,11.694825741092746,700,EleutherAI/pythia-1.4b
3654,31.897374387669096,351,EleutherAI/pythia-1.4b
3655,13.124704175656419,486,EleutherAI/pythia-1.4b
3656,5.216667596756969,307,EleutherAI/pythia-1.4b
3657,8.415947200516475,3147,EleutherAI/pythia-1.4b
3658,3.2238885491627065,120,EleutherAI/pythia-1.4b
3659,5.292458550362346,158,EleutherAI/pythia-1.4b
3660,13.844921432670327,557,EleutherAI/pythia-1.4b
3661,18.552020745455266,231,EleutherAI/pythia-1.4b
3662,29.117887398750295,745,EleutherAI/pythia-1.4b
3663,26.518181729696487,33,EleutherAI/pythia-1.4b
3664,13.451149788752977,804,EleutherAI/pythia-1.4b
3665,13.199777282259994,59,EleutherAI/pythia-1.4b
3666,127.07937819272765,25,EleutherAI/pythia-1.4b
3667,29.770656174347053,274,EleutherAI/pythia-1.4b
3668,4.306434017533059,299,EleutherAI/pythia-1.4b
3669,27.438885167100644,570,EleutherAI/pythia-1.4b
3670,28.181701274782064,37,EleutherAI/pythia-1.4b
3671,11.120450715909916,1033,EleutherAI/pythia-1.4b
3672,14.870660428336958,519,EleutherAI/pythia-1.4b
3673,8.112425528031054,219,EleutherAI/pythia-1.4b
3674,10.371555202094976,460,EleutherAI/pythia-1.4b
3675,18.9994646211236,948,EleutherAI/pythia-1.4b
3676,24.06131040498385,389,EleutherAI/pythia-1.4b
3677,14.429223213126901,2263,EleutherAI/pythia-1.4b
3678,37.42637713038714,594,EleutherAI/pythia-1.4b
3679,16.32165294982765,1041,EleutherAI/pythia-1.4b
3680,54.78607679357653,48,EleutherAI/pythia-1.4b
3681,25.75702214168582,131,EleutherAI/pythia-1.4b
3682,9.124564418272207,1032,EleutherAI/pythia-1.4b
3683,31.204468151806548,43,EleutherAI/pythia-1.4b
3684,8.313986638992558,334,EleutherAI/pythia-1.4b
3685,7.414183405495071,637,EleutherAI/pythia-1.4b
3686,4.4918648820321145,248,EleutherAI/pythia-1.4b
3687,18.166782402905977,847,EleutherAI/pythia-1.4b
3688,3.931868493703813,314,EleutherAI/pythia-1.4b
3689,22.7958841499043,646,EleutherAI/pythia-1.4b
3690,7.2850685542871805,63,EleutherAI/pythia-1.4b
3691,8.474733882444022,80,EleutherAI/pythia-1.4b
3692,37.40821401863039,668,EleutherAI/pythia-1.4b
3693,9.965232712384767,254,EleutherAI/pythia-1.4b
3694,24.106695742804465,42,EleutherAI/pythia-1.4b
3695,11.930632917033348,30,EleutherAI/pythia-1.4b
3696,13.631361267773222,864,EleutherAI/pythia-1.4b
3697,15.578452508904334,1516,EleutherAI/pythia-1.4b
3698,15.395607200140404,694,EleutherAI/pythia-1.4b
3699,16.262847458364895,639,EleutherAI/pythia-1.4b
3700,21.002953989656785,4284,EleutherAI/pythia-1.4b
3701,8.323268553968774,287,EleutherAI/pythia-1.4b
3702,13.107376874159261,225,EleutherAI/pythia-1.4b
3703,5.0341174934923245,271,EleutherAI/pythia-1.4b
3704,13.846885599449427,936,EleutherAI/pythia-1.4b
3705,30.122157777769306,628,EleutherAI/pythia-1.4b
3706,17.105822251339116,527,EleutherAI/pythia-1.4b
3707,16.63874812223121,754,EleutherAI/pythia-1.4b
3708,50.08798535595644,58,EleutherAI/pythia-1.4b
3709,3.0715490521928186,470,EleutherAI/pythia-1.4b
3710,24.946319669997457,59,EleutherAI/pythia-1.4b
3711,5.830665481758901,764,EleutherAI/pythia-1.4b
3712,12.534374219897842,339,EleutherAI/pythia-1.4b
3713,2.8039923607756787,364,EleutherAI/pythia-1.4b
3714,9.750785083140647,1042,EleutherAI/pythia-1.4b
3715,21.718031960204602,395,EleutherAI/pythia-1.4b
3716,4.355048595082129,437,EleutherAI/pythia-1.4b
3717,39.16384245797306,725,EleutherAI/pythia-1.4b
3718,17.348575161971446,487,EleutherAI/pythia-1.4b
3719,24.405854124491583,220,EleutherAI/pythia-1.4b
3720,8.541033026110961,1045,EleutherAI/pythia-1.4b
3721,9.98066183768417,998,EleutherAI/pythia-1.4b
3722,24.46867906530619,103,EleutherAI/pythia-1.4b
3723,15.0110376273038,283,EleutherAI/pythia-1.4b
3724,12.121763921916559,553,EleutherAI/pythia-1.4b
3725,6.146632549261767,110,EleutherAI/pythia-1.4b
3726,18.262634806676637,95,EleutherAI/pythia-1.4b
3727,9.298119219392662,1287,EleutherAI/pythia-1.4b
3728,15.296782867084477,156,EleutherAI/pythia-1.4b
3729,27.750076896157683,1133,EleutherAI/pythia-1.4b
3730,3.139569739470487,515,EleutherAI/pythia-1.4b
3731,34.46236565200649,1254,EleutherAI/pythia-1.4b
3732,9.998240945372403,1514,EleutherAI/pythia-1.4b
3733,23.271505481895357,783,EleutherAI/pythia-1.4b
3734,7.994815645351002,66,EleutherAI/pythia-1.4b
3735,13.091714153258549,547,EleutherAI/pythia-1.4b
3736,8.091991835573559,399,EleutherAI/pythia-1.4b
3737,10.045414583770278,738,EleutherAI/pythia-1.4b
3738,25.055567011254976,488,EleutherAI/pythia-1.4b
3739,16.38676081655747,586,EleutherAI/pythia-1.4b
3740,5.684538436498853,208,EleutherAI/pythia-1.4b
3741,20.26266444163846,365,EleutherAI/pythia-1.4b
3742,24.205766985487053,259,EleutherAI/pythia-1.4b
3743,4.749405249820485,490,EleutherAI/pythia-1.4b
3744,11.170641813667528,661,EleutherAI/pythia-1.4b
3745,24.227678238472706,1485,EleutherAI/pythia-1.4b
3746,11.91225748979183,260,EleutherAI/pythia-1.4b
3747,16.081743565583285,708,EleutherAI/pythia-1.4b
3748,10.763377676934825,383,EleutherAI/pythia-1.4b
3749,18.801525805849362,459,EleutherAI/pythia-1.4b
3750,12.445486326917784,845,EleutherAI/pythia-1.4b
3751,8.88510888640577,123,EleutherAI/pythia-1.4b
3752,18.814476108120672,261,EleutherAI/pythia-1.4b
3753,61.83300801504442,61,EleutherAI/pythia-1.4b
3754,24.06810931154674,239,EleutherAI/pythia-1.4b
3755,4.634681812518972,372,EleutherAI/pythia-1.4b
3756,14.453789244474422,415,EleutherAI/pythia-1.4b
3757,5.244344556032559,276,EleutherAI/pythia-1.4b
3758,8.827252483083766,1042,EleutherAI/pythia-1.4b
3759,24.947265366830578,181,EleutherAI/pythia-1.4b
3760,4.372333529248589,663,EleutherAI/pythia-1.4b
3761,13.26958389615178,1178,EleutherAI/pythia-1.4b
3762,7.4244448062584505,145,EleutherAI/pythia-1.4b
3763,3.454788066092845,122,EleutherAI/pythia-1.4b
3764,45.59598611248482,241,EleutherAI/pythia-1.4b
3765,14.927684459804592,1280,EleutherAI/pythia-1.4b
3766,17.29241363494925,847,EleutherAI/pythia-1.4b
3767,24.30805603227364,379,EleutherAI/pythia-1.4b
3768,3.879058113966427,229,EleutherAI/pythia-1.4b
3769,8.906982568753621,1030,EleutherAI/pythia-1.4b
3770,18.606012892096786,394,EleutherAI/pythia-1.4b
3771,4.475283079588328,474,EleutherAI/pythia-1.4b
3772,52.770768113330746,51,EleutherAI/pythia-1.4b
3773,15.743811143710639,1717,EleutherAI/pythia-1.4b
3774,22.171085315485527,252,EleutherAI/pythia-1.4b
3775,4.063418550074881,722,EleutherAI/pythia-1.4b
3776,40.8001645037867,582,EleutherAI/pythia-1.4b
3777,12.622491481053205,539,EleutherAI/pythia-1.4b
3778,13.193541258789242,194,EleutherAI/pythia-1.4b
3779,4.1260109656867865,217,EleutherAI/pythia-1.4b
3780,9.938004189584099,555,EleutherAI/pythia-1.4b
3781,6.509436339334802,772,EleutherAI/pythia-1.4b
3782,19.198736600136886,860,EleutherAI/pythia-1.4b
3783,19.371322573714917,695,EleutherAI/pythia-1.4b
3784,24.902054823671975,255,EleutherAI/pythia-1.4b
3785,25.08505267185387,629,EleutherAI/pythia-1.4b
3786,12.686416748177754,1003,EleutherAI/pythia-1.4b
3787,27.412311598969037,437,EleutherAI/pythia-1.4b
3788,25.225519463030306,619,EleutherAI/pythia-1.4b
3789,3.9442794653007147,254,EleutherAI/pythia-1.4b
3790,29.3563177919352,305,EleutherAI/pythia-1.4b
3791,16.388687035516856,282,EleutherAI/pythia-1.4b
3792,15.13364807760519,233,EleutherAI/pythia-1.4b
3793,4.745230991564267,145,EleutherAI/pythia-1.4b
3794,9.079537146397357,496,EleutherAI/pythia-1.4b
3795,6.5632564687311135,411,EleutherAI/pythia-1.4b
3796,14.703762853012133,587,EleutherAI/pythia-1.4b
3797,36.38616755467507,247,EleutherAI/pythia-1.4b
3798,5.972275267601898,206,EleutherAI/pythia-1.4b
3799,12.954393334056487,631,EleutherAI/pythia-1.4b
3800,29.68933350005156,246,EleutherAI/pythia-1.4b
3801,9.722211457767543,425,EleutherAI/pythia-1.4b
3802,50.89285536178942,11,EleutherAI/pythia-1.4b
3803,7.999485078153087,464,EleutherAI/pythia-1.4b
3804,22.142163353461214,312,EleutherAI/pythia-1.4b
3805,12.556505110746999,361,EleutherAI/pythia-1.4b
3806,4.959700817592144,202,EleutherAI/pythia-1.4b
3807,157.4667920613415,15,EleutherAI/pythia-1.4b
3808,6.142400992371507,169,EleutherAI/pythia-1.4b
3809,18.973069561161857,267,EleutherAI/pythia-1.4b
3810,17.86350508395274,245,EleutherAI/pythia-1.4b
3811,25.70265234335329,616,EleutherAI/pythia-1.4b
3812,24.453836579104077,1232,EleutherAI/pythia-1.4b
3813,21.610704739944257,39,EleutherAI/pythia-1.4b
3814,9.724508823398287,1208,EleutherAI/pythia-1.4b
3815,6.046657205899988,863,EleutherAI/pythia-1.4b
3816,28.85429660936929,353,EleutherAI/pythia-1.4b
3817,58.17099815873843,34,EleutherAI/pythia-1.4b
3818,5.199410559384176,424,EleutherAI/pythia-1.4b
3819,8.513696226829893,147,EleutherAI/pythia-1.4b
3820,11.48694010236484,172,EleutherAI/pythia-1.4b
3821,15.1146162765967,317,EleutherAI/pythia-1.4b
3822,6.438514801090589,1034,EleutherAI/pythia-1.4b
3823,13.863673252759535,904,EleutherAI/pythia-1.4b
3824,4.343926790347158,436,EleutherAI/pythia-1.4b
3825,21.35731309250382,525,EleutherAI/pythia-1.4b
3826,15.227718482744859,543,EleutherAI/pythia-1.4b
3827,26.803014852516007,579,EleutherAI/pythia-1.4b
3828,17.365343234386106,390,EleutherAI/pythia-1.4b
3829,23.667087932595066,262,EleutherAI/pythia-1.4b
3830,23.965692881537848,539,EleutherAI/pythia-1.4b
3831,7.651015912446554,782,EleutherAI/pythia-1.4b
3832,20.538804083118535,394,EleutherAI/pythia-1.4b
3833,11.903865101511686,226,EleutherAI/pythia-1.4b
3834,12.459291621622125,591,EleutherAI/pythia-1.4b
3835,9.534621501281363,674,EleutherAI/pythia-1.4b
3836,23.3005248342071,1101,EleutherAI/pythia-1.4b
3837,16.347254975424036,501,EleutherAI/pythia-1.4b
3838,37.43490862796995,707,EleutherAI/pythia-1.4b
3839,3.1746019118637103,227,EleutherAI/pythia-1.4b
3840,19.22554186283225,712,EleutherAI/pythia-1.4b
3841,10.891483748478977,861,EleutherAI/pythia-1.4b
3842,4.0858350884830905,247,EleutherAI/pythia-1.4b
3843,145.8936207778821,26,EleutherAI/pythia-1.4b
3844,11.819803553292523,243,EleutherAI/pythia-1.4b
3845,15.759151672780352,368,EleutherAI/pythia-1.4b
3846,9.881027578756864,293,EleutherAI/pythia-1.4b
3847,5.157750555055375,455,EleutherAI/pythia-1.4b
3848,9.276377483477628,353,EleutherAI/pythia-1.4b
3849,4.738681597803523,442,EleutherAI/pythia-1.4b
3850,5.201752759326877,1017,EleutherAI/pythia-1.4b
3851,27.326594197606923,526,EleutherAI/pythia-1.4b
3852,5.499983291061516,344,EleutherAI/pythia-1.4b
3853,11.507902043748093,485,EleutherAI/pythia-1.4b
3854,7.8088991196457,144,EleutherAI/pythia-1.4b
3855,8.952663058405868,425,EleutherAI/pythia-1.4b
3856,15.185194999733064,215,EleutherAI/pythia-1.4b
3857,5.709702249107143,264,EleutherAI/pythia-1.4b
3858,11.037960055573011,815,EleutherAI/pythia-1.4b
3859,11.690245520918888,221,EleutherAI/pythia-1.4b
3860,5.988100791526093,180,EleutherAI/pythia-1.4b
3861,3.654860115294619,66,EleutherAI/pythia-1.4b
3862,16.282971791619545,212,EleutherAI/pythia-1.4b
3863,5.290958458483068,454,EleutherAI/pythia-1.4b
3864,5.450343918180686,369,EleutherAI/pythia-1.4b
3865,23.813185706536952,353,EleutherAI/pythia-1.4b
3866,6.86492735344956,163,EleutherAI/pythia-1.4b
3867,20.040348367697842,1082,EleutherAI/pythia-1.4b
3868,4.516490491750501,82,EleutherAI/pythia-1.4b
3869,10.817663272902879,906,EleutherAI/pythia-1.4b
3870,8.966966959257341,499,EleutherAI/pythia-1.4b
3871,4.525826424360822,255,EleutherAI/pythia-1.4b
3872,11.38433831483958,238,EleutherAI/pythia-1.4b
3873,6.053791740444141,269,EleutherAI/pythia-1.4b
3874,31.853797531669507,96,EleutherAI/pythia-1.4b
3875,14.147083308823408,456,EleutherAI/pythia-1.4b
3876,7.699064539356814,612,EleutherAI/pythia-1.4b
3877,6.271396964617542,123,EleutherAI/pythia-1.4b
3878,20.32499783975109,98,EleutherAI/pythia-1.4b
3879,5.249519176638491,215,EleutherAI/pythia-1.4b
3880,4.65199729317628,239,EleutherAI/pythia-1.4b
3881,22.211210594969042,460,EleutherAI/pythia-1.4b
3882,5.118401499179486,98,EleutherAI/pythia-1.4b
3883,26.08534750255501,923,EleutherAI/pythia-1.4b
3884,15.241048509338858,168,EleutherAI/pythia-1.4b
3885,8.916414175375635,1024,EleutherAI/pythia-1.4b
3886,19.991162069989365,450,EleutherAI/pythia-1.4b
3887,4.104827069525869,207,EleutherAI/pythia-1.4b
3888,22.37235920661532,76,EleutherAI/pythia-1.4b
3889,13.972007641655852,114,EleutherAI/pythia-1.4b
3890,16.090771773734243,1279,EleutherAI/pythia-1.4b
3891,35.477482554376984,257,EleutherAI/pythia-1.4b
3892,28.275628391877376,69,EleutherAI/pythia-1.4b
3893,23.464507677766573,561,EleutherAI/pythia-1.4b
3894,10.692587078333068,318,EleutherAI/pythia-1.4b
3895,5.920730208789824,389,EleutherAI/pythia-1.4b
3896,6.07334726946631,134,EleutherAI/pythia-1.4b
3897,5.188005418457637,173,EleutherAI/pythia-1.4b
3898,21.842086919814182,192,EleutherAI/pythia-1.4b
3899,7.01584734277186,597,EleutherAI/pythia-1.4b
3900,12.67569608638109,1686,EleutherAI/pythia-1.4b
3901,15.604681907697588,1273,EleutherAI/pythia-1.4b
3902,20.911687999343165,250,EleutherAI/pythia-1.4b
3903,21.228914245152716,71,EleutherAI/pythia-1.4b
3904,5.945320597555666,804,EleutherAI/pythia-1.4b
3905,5.414458993381735,189,EleutherAI/pythia-1.4b
3906,4.030115891080396,226,EleutherAI/pythia-1.4b
3907,11.972985487157663,843,EleutherAI/pythia-1.4b
3908,15.372096631619858,391,EleutherAI/pythia-1.4b
3909,30.849808849297506,160,EleutherAI/pythia-1.4b
3910,7.146892634803176,562,EleutherAI/pythia-1.4b
3911,3.8256625482935513,473,EleutherAI/pythia-1.4b
3912,11.380289392279261,328,EleutherAI/pythia-1.4b
3913,21.51062011478176,664,EleutherAI/pythia-1.4b
3914,39.50718987360791,224,EleutherAI/pythia-1.4b
3915,20.580130799454093,551,EleutherAI/pythia-1.4b
3916,4.726683757884766,497,EleutherAI/pythia-1.4b
3917,10.921842828716715,988,EleutherAI/pythia-1.4b
3918,19.863497160001153,566,EleutherAI/pythia-1.4b
3919,6.323315314320154,215,EleutherAI/pythia-1.4b
3920,11.279713189914979,616,EleutherAI/pythia-1.4b
3921,4.464531679866347,466,EleutherAI/pythia-1.4b
3922,4.675601429048611,449,EleutherAI/pythia-1.4b
3923,8.194456816591105,810,EleutherAI/pythia-1.4b
3924,6.070276840357205,572,EleutherAI/pythia-1.4b
3925,14.999818359459823,1198,EleutherAI/pythia-1.4b
3926,21.17499323260016,187,EleutherAI/pythia-1.4b
3927,25.042893998998807,554,EleutherAI/pythia-1.4b
3928,20.47654310918802,1714,EleutherAI/pythia-1.4b
3929,29.604880062177937,714,EleutherAI/pythia-1.4b
3930,20.724711297809897,1192,EleutherAI/pythia-1.4b
3931,25.207152672430208,935,EleutherAI/pythia-1.4b
3932,8.9425769171003,159,EleutherAI/pythia-1.4b
3933,8.776070708609799,1412,EleutherAI/pythia-1.4b
3934,26.159904268635298,1030,EleutherAI/pythia-1.4b
3935,32.20487700449413,259,EleutherAI/pythia-1.4b
3936,23.77861777731288,234,EleutherAI/pythia-1.4b
3937,5.864138434034769,62,EleutherAI/pythia-1.4b
3938,18.931011207856642,632,EleutherAI/pythia-1.4b
3939,14.654643279705379,398,EleutherAI/pythia-1.4b
3940,32.55805604539692,125,EleutherAI/pythia-1.4b
3941,35.4223422541278,35,EleutherAI/pythia-1.4b
3942,5.283921656657283,402,EleutherAI/pythia-1.4b
3943,27.874945412555018,241,EleutherAI/pythia-1.4b
3944,282.98039962124363,16,EleutherAI/pythia-1.4b
3945,51.41222987957772,47,EleutherAI/pythia-1.4b
3946,16.78167814144236,998,EleutherAI/pythia-1.4b
3947,9.739040458027008,442,EleutherAI/pythia-1.4b
3948,3.9546481691057003,231,EleutherAI/pythia-1.4b
3949,10.116627670108874,278,EleutherAI/pythia-1.4b
3950,10.526675843553582,74,EleutherAI/pythia-1.4b
3951,5.201329250145822,251,EleutherAI/pythia-1.4b
3952,3.6451879102872877,544,EleutherAI/pythia-1.4b
3953,34.702122485867406,451,EleutherAI/pythia-1.4b
3954,3.2782515584202274,696,EleutherAI/pythia-1.4b
3955,7.165612016522169,666,EleutherAI/pythia-1.4b
3956,20.174483473561615,219,EleutherAI/pythia-1.4b
3957,16.622384420061895,486,EleutherAI/pythia-1.4b
3958,12.995493109252125,318,EleutherAI/pythia-1.4b
3959,14.560373844423399,622,EleutherAI/pythia-1.4b
3960,34.404242126947025,399,EleutherAI/pythia-1.4b
3961,9.932759711566337,262,EleutherAI/pythia-1.4b
3962,4.404184672951589,608,EleutherAI/pythia-1.4b
3963,13.542385999309946,680,EleutherAI/pythia-1.4b
3964,22.938426120720838,5743,EleutherAI/pythia-1.4b
3965,30.90712937052111,225,EleutherAI/pythia-1.4b
3966,8.221797619578867,284,EleutherAI/pythia-1.4b
3967,21.322019220056394,129,EleutherAI/pythia-1.4b
3968,7.561161359990263,178,EleutherAI/pythia-1.4b
3969,3.6666051955476897,463,EleutherAI/pythia-1.4b
3970,18.91174384039292,531,EleutherAI/pythia-1.4b
3971,14.529642210953522,369,EleutherAI/pythia-1.4b
3972,9.738757182027948,1040,EleutherAI/pythia-1.4b
3973,39.07096172629309,141,EleutherAI/pythia-1.4b
3974,8.840843796780245,686,EleutherAI/pythia-1.4b
3975,17.555030921173948,2443,EleutherAI/pythia-1.4b
3976,31.751254418757163,403,EleutherAI/pythia-1.4b
3977,5.289466988979576,359,EleutherAI/pythia-1.4b
3978,11.320151795629009,645,EleutherAI/pythia-1.4b
3979,24.072304363014997,568,EleutherAI/pythia-1.4b
3980,9.572952273222985,1040,EleutherAI/pythia-1.4b
3981,24.215418195860824,494,EleutherAI/pythia-1.4b
3982,5.387469705833676,529,EleutherAI/pythia-1.4b
3983,5.43248547806918,244,EleutherAI/pythia-1.4b
3984,5.320601677909809,291,EleutherAI/pythia-1.4b
3985,32.612656243523126,775,EleutherAI/pythia-1.4b
3986,37.09575351096586,74,EleutherAI/pythia-1.4b
3987,11.061169300544973,989,EleutherAI/pythia-1.4b
3988,12.651315620613541,419,EleutherAI/pythia-1.4b
3989,22.319673551592007,470,EleutherAI/pythia-1.4b
3990,4.155370199465402,475,EleutherAI/pythia-1.4b
3991,16.021598243550137,328,EleutherAI/pythia-1.4b
3992,8.173968509572033,236,EleutherAI/pythia-1.4b
3993,7.8188380709795995,633,EleutherAI/pythia-1.4b
3994,10.132206649471419,997,EleutherAI/pythia-1.4b
3995,3.220820850363485,264,EleutherAI/pythia-1.4b
3996,17.100516532239432,3028,EleutherAI/pythia-1.4b
3997,5.813361043428813,239,EleutherAI/pythia-1.4b
3998,12.199683484104572,209,EleutherAI/pythia-1.4b
3999,7.233360569637668,537,EleutherAI/pythia-1.4b
4000,58.29781606806496,42,EleutherAI/pythia-1.4b
4001,6.992523480875452,487,EleutherAI/pythia-1.4b
4002,23.933397033227376,1068,EleutherAI/pythia-1.4b
4003,9.615436719559575,1039,EleutherAI/pythia-1.4b
4004,20.187715232927008,134,EleutherAI/pythia-1.4b
4005,39.79664361745728,181,EleutherAI/pythia-1.4b
4006,10.204334257299475,739,EleutherAI/pythia-1.4b
4007,3.811526867373455,333,EleutherAI/pythia-1.4b
4008,7.72004645236688,280,EleutherAI/pythia-1.4b
4009,19.537092429477042,656,EleutherAI/pythia-1.4b
4010,11.099760510844774,1255,EleutherAI/pythia-1.4b
4011,23.398915973184174,392,EleutherAI/pythia-1.4b
4012,9.866554603798372,840,EleutherAI/pythia-1.4b
4013,15.002425661629182,698,EleutherAI/pythia-1.4b
4014,20.76607046039635,592,EleutherAI/pythia-1.4b
4015,31.985339967552704,511,EleutherAI/pythia-1.4b
4016,20.85169113981927,970,EleutherAI/pythia-1.4b
4017,39.570990805861605,226,EleutherAI/pythia-1.4b
4018,6.199467290435649,216,EleutherAI/pythia-1.4b
4019,7.615587574803111,1068,EleutherAI/pythia-1.4b
4020,21.162451396478396,67,EleutherAI/pythia-1.4b
4021,4.411208731895394,525,EleutherAI/pythia-1.4b
4022,24.513698933683752,626,EleutherAI/pythia-1.4b
4023,8.797084473421704,296,EleutherAI/pythia-1.4b
4024,10.557148134537307,724,EleutherAI/pythia-1.4b
4025,24.736186497998936,89,EleutherAI/pythia-1.4b
4026,23.87963124685845,35,EleutherAI/pythia-1.4b
4027,14.47216837643193,599,EleutherAI/pythia-1.4b
4028,12.965868771271186,3870,EleutherAI/pythia-1.4b
4029,11.13106902430614,396,EleutherAI/pythia-1.4b
4030,5.650450908010459,154,EleutherAI/pythia-1.4b
4031,14.576990801295517,406,EleutherAI/pythia-1.4b
4032,73.0466731208067,83,EleutherAI/pythia-1.4b
4033,14.016663448197846,60,EleutherAI/pythia-1.4b
4034,9.02371652925235,618,EleutherAI/pythia-1.4b
4035,17.796331118361792,401,EleutherAI/pythia-1.4b
4036,14.531176904535126,400,EleutherAI/pythia-1.4b
4037,2.58132508268813,204,EleutherAI/pythia-1.4b
4038,38.26805257806779,244,EleutherAI/pythia-1.4b
4039,23.6710550645017,249,EleutherAI/pythia-1.4b
4040,7.340877531905934,206,EleutherAI/pythia-1.4b
4041,13.569243562323843,442,EleutherAI/pythia-1.4b
4042,4.383038977762831,459,EleutherAI/pythia-1.4b
4043,6.138916560271331,191,EleutherAI/pythia-1.4b
4044,4.72773079108504,462,EleutherAI/pythia-1.4b
4045,9.051655024044386,54,EleutherAI/pythia-1.4b
4046,33.47623042990591,1073,EleutherAI/pythia-1.4b
4047,10.673301106048632,58,EleutherAI/pythia-1.4b
4048,10.062140897574148,313,EleutherAI/pythia-1.4b
4049,40.76663780680331,316,EleutherAI/pythia-1.4b
4050,3.2192930847925405,368,EleutherAI/pythia-1.4b
4051,25.988104946412193,82,EleutherAI/pythia-1.4b
4052,10.352704433352644,2112,EleutherAI/pythia-1.4b
4053,6.981659626374903,609,EleutherAI/pythia-1.4b
4054,42.066446241488386,310,EleutherAI/pythia-1.4b
4055,9.23975189148249,726,EleutherAI/pythia-1.4b
4056,13.602590440687823,1192,EleutherAI/pythia-1.4b
4057,53.18637891378418,44,EleutherAI/pythia-1.4b
4058,8.94722391874164,90,EleutherAI/pythia-1.4b
4059,15.789343958032303,750,EleutherAI/pythia-1.4b
4060,21.48538204306475,459,EleutherAI/pythia-1.4b
4061,5.282185957938027,221,EleutherAI/pythia-1.4b
4062,9.283862549966507,546,EleutherAI/pythia-1.4b
4063,10.242355768148043,527,EleutherAI/pythia-1.4b
4064,15.2533355315099,494,EleutherAI/pythia-1.4b
4065,5.2255991436347635,451,EleutherAI/pythia-1.4b
4066,10.181764884004707,90,EleutherAI/pythia-1.4b
4067,4.46577297462706,447,EleutherAI/pythia-1.4b
4068,10.563608784571745,79,EleutherAI/pythia-1.4b
4069,14.091754350569285,593,EleutherAI/pythia-1.4b
4070,50.712068098025725,40,EleutherAI/pythia-1.4b
4071,15.069408322964891,413,EleutherAI/pythia-1.4b
4072,118.61570762551341,26,EleutherAI/pythia-1.4b
4073,4.876941655237274,439,EleutherAI/pythia-1.4b
4074,4.455100185968443,124,EleutherAI/pythia-1.4b
4075,5.795882025555023,407,EleutherAI/pythia-1.4b
4076,17.541816509283912,1128,EleutherAI/pythia-1.4b
4077,16.269901914859034,341,EleutherAI/pythia-1.4b
4078,9.837210170093753,593,EleutherAI/pythia-1.4b
4079,15.036670169059565,245,EleutherAI/pythia-1.4b
4080,5.569682029061501,426,EleutherAI/pythia-1.4b
4081,47.59598383558254,27,EleutherAI/pythia-1.4b
4082,23.63271517980741,322,EleutherAI/pythia-1.4b
4083,8.091467088103455,367,EleutherAI/pythia-1.4b
4084,5.443765460306713,578,EleutherAI/pythia-1.4b
4085,3.708400893161523,345,EleutherAI/pythia-1.4b
4086,15.38630504355347,395,EleutherAI/pythia-1.4b
4087,3.8525442830319423,87,EleutherAI/pythia-1.4b
4088,15.553460586752188,1875,EleutherAI/pythia-1.4b
4089,33.07196143319501,188,EleutherAI/pythia-1.4b
4090,21.295448741550356,525,EleutherAI/pythia-1.4b
4091,10.258084337969672,300,EleutherAI/pythia-1.4b
4092,9.518070848987893,192,EleutherAI/pythia-1.4b
4093,14.828020378181689,348,EleutherAI/pythia-1.4b
4094,7.528137526243934,83,EleutherAI/pythia-1.4b
4095,10.028285697578442,158,EleutherAI/pythia-1.4b
4096,65.82754854639137,9,EleutherAI/pythia-1.4b
4097,15.037928564272365,394,EleutherAI/pythia-1.4b
4098,18.74405680690953,754,EleutherAI/pythia-1.4b
4099,15.00169600054383,1206,EleutherAI/pythia-1.4b
4100,5.154113759855173,479,EleutherAI/pythia-1.4b
4101,21.72818317720267,774,EleutherAI/pythia-1.4b
4102,4.400711987246193,496,EleutherAI/pythia-1.4b
4103,8.27480377551764,237,EleutherAI/pythia-1.4b
4104,10.562850725033183,70,EleutherAI/pythia-1.4b
4105,7.450287488423182,190,EleutherAI/pythia-1.4b
4106,13.344779369021369,372,EleutherAI/pythia-1.4b
4107,12.129806718414848,543,EleutherAI/pythia-1.4b
4108,18.732365261259687,164,EleutherAI/pythia-1.4b
4109,15.15164536273623,776,EleutherAI/pythia-1.4b
4110,25.83001849145301,73,EleutherAI/pythia-1.4b
4111,15.154177890427476,570,EleutherAI/pythia-1.4b
4112,20.297046789398493,828,EleutherAI/pythia-1.4b
4113,5.946187446639106,249,EleutherAI/pythia-1.4b
4114,10.65850114529441,333,EleutherAI/pythia-1.4b
4115,22.896052541326878,360,EleutherAI/pythia-1.4b
4116,11.780986886245591,2315,EleutherAI/pythia-1.4b
4117,6.98058690157127,119,EleutherAI/pythia-1.4b
4118,19.243605641814863,716,EleutherAI/pythia-1.4b
4119,6.226258834413789,410,EleutherAI/pythia-1.4b
4120,7.436705958657788,1046,EleutherAI/pythia-1.4b
4121,49.221562373245426,63,EleutherAI/pythia-1.4b
4122,18.736412024690413,577,EleutherAI/pythia-1.4b
4123,10.524103658885682,954,EleutherAI/pythia-1.4b
4124,22.84246037946127,780,EleutherAI/pythia-1.4b
4125,16.627065482769293,885,EleutherAI/pythia-1.4b
4126,4.339058233397149,249,EleutherAI/pythia-1.4b
4127,9.017793458735547,1518,EleutherAI/pythia-1.4b
4128,23.90303868226558,2982,EleutherAI/pythia-1.4b
4129,13.89556691604937,545,EleutherAI/pythia-1.4b
4130,6.105062047331128,132,EleutherAI/pythia-1.4b
4131,9.47047400141228,1028,EleutherAI/pythia-1.4b
4132,16.904719608753183,478,EleutherAI/pythia-1.4b
4133,7.55322634176995,654,EleutherAI/pythia-1.4b
4134,22.306310134482917,242,EleutherAI/pythia-1.4b
4135,45.01545531564668,47,EleutherAI/pythia-1.4b
4136,5.410481877480878,188,EleutherAI/pythia-1.4b
4137,19.761277789660156,320,EleutherAI/pythia-1.4b
4138,27.27443149233355,61,EleutherAI/pythia-1.4b
4139,12.542334929734587,496,EleutherAI/pythia-1.4b
4140,26.408405665114326,93,EleutherAI/pythia-1.4b
4141,21.424382816344714,497,EleutherAI/pythia-1.4b
4142,10.618706970991218,668,EleutherAI/pythia-1.4b
4143,15.096234661415778,493,EleutherAI/pythia-1.4b
4144,17.086408115437692,505,EleutherAI/pythia-1.4b
4145,3.7561268675891806,496,EleutherAI/pythia-1.4b
4146,46.42231346108733,1093,EleutherAI/pythia-1.4b
4147,8.536957244303986,236,EleutherAI/pythia-1.4b
4148,50.417851379165405,38,EleutherAI/pythia-1.4b
4149,50.221745806762826,218,EleutherAI/pythia-1.4b
4150,16.863715771914535,88,EleutherAI/pythia-1.4b
4151,14.483162181768444,357,EleutherAI/pythia-1.4b
4152,3.9151648476135783,897,EleutherAI/pythia-1.4b
4153,4.7484496455647305,315,EleutherAI/pythia-1.4b
4154,5.870197516978516,207,EleutherAI/pythia-1.4b
4155,23.71651286180675,487,EleutherAI/pythia-1.4b
4156,23.288528522896893,734,EleutherAI/pythia-1.4b
4157,18.52504591269509,413,EleutherAI/pythia-1.4b
4158,11.368216311991471,296,EleutherAI/pythia-1.4b
4159,3.8373434829883966,481,EleutherAI/pythia-1.4b
4160,11.007808337544724,162,EleutherAI/pythia-1.4b
4161,14.660962593102706,1591,EleutherAI/pythia-1.4b
4162,25.083874493227604,888,EleutherAI/pythia-1.4b
4163,6.591695595225612,405,EleutherAI/pythia-1.4b
4164,14.026966762456935,332,EleutherAI/pythia-1.4b
4165,17.26421997660194,677,EleutherAI/pythia-1.4b
4166,7.517489052732616,652,EleutherAI/pythia-1.4b
4167,19.29605857258153,588,EleutherAI/pythia-1.4b
4168,7.542326589604221,189,EleutherAI/pythia-1.4b
4169,17.532195687802997,899,EleutherAI/pythia-1.4b
4170,7.704204098544404,234,EleutherAI/pythia-1.4b
4171,13.29548833965571,945,EleutherAI/pythia-1.4b
4172,15.150969852682078,397,EleutherAI/pythia-1.4b
4173,19.32546920563981,381,EleutherAI/pythia-1.4b
4174,4.06154049172462,206,EleutherAI/pythia-1.4b
4175,5.357750921964699,332,EleutherAI/pythia-1.4b
4176,27.539258116808444,247,EleutherAI/pythia-1.4b
4177,4.102643754879071,392,EleutherAI/pythia-1.4b
4178,14.85265340471401,90,EleutherAI/pythia-1.4b
4179,18.489331491692504,474,EleutherAI/pythia-1.4b
4180,25.972898101743652,1048,EleutherAI/pythia-1.4b
4181,17.692394384722153,572,EleutherAI/pythia-1.4b
4182,13.597609935303545,29,EleutherAI/pythia-1.4b
4183,38.13811334235809,582,EleutherAI/pythia-1.4b
4184,4.7925310866714765,176,EleutherAI/pythia-1.4b
4185,14.078815231591843,524,EleutherAI/pythia-1.4b
4186,35.337096341993586,220,EleutherAI/pythia-1.4b
4187,18.639819417485395,596,EleutherAI/pythia-1.4b
4188,3.2892686494173295,494,EleutherAI/pythia-1.4b
4189,6.0141889584198545,201,EleutherAI/pythia-1.4b
4190,11.885369380168267,271,EleutherAI/pythia-1.4b
4191,10.799472492579138,285,EleutherAI/pythia-1.4b
4192,16.97883945283767,469,EleutherAI/pythia-1.4b
4193,12.479057927949357,2359,EleutherAI/pythia-1.4b
4194,7.267333024878186,125,EleutherAI/pythia-1.4b
4195,7.907145978342625,170,EleutherAI/pythia-1.4b
4196,24.074714983240487,149,EleutherAI/pythia-1.4b
4197,36.47770110159835,630,EleutherAI/pythia-1.4b
4198,4.546330812245886,310,EleutherAI/pythia-1.4b
4199,5.511062447483195,60,EleutherAI/pythia-1.4b
4200,5.046904121794115,164,EleutherAI/pythia-1.4b
4201,28.08780490765489,554,EleutherAI/pythia-1.4b
4202,16.119016643785162,541,EleutherAI/pythia-1.4b
4203,25.154279422244016,235,EleutherAI/pythia-1.4b
4204,1.374402665025225,511,EleutherAI/pythia-1.4b
4205,7.052134087022401,695,EleutherAI/pythia-1.4b
4206,17.114650068833765,118,EleutherAI/pythia-1.4b
4207,35.29767240503853,300,EleutherAI/pythia-1.4b
4208,3.863588270573402,201,EleutherAI/pythia-1.4b
4209,15.105155146041172,1803,EleutherAI/pythia-1.4b
4210,21.683170724490914,804,EleutherAI/pythia-1.4b
4211,5.373793329079831,216,EleutherAI/pythia-1.4b
4212,15.979189235269594,880,EleutherAI/pythia-1.4b
4213,15.944383355769025,547,EleutherAI/pythia-1.4b
4214,12.629860731882715,112,EleutherAI/pythia-1.4b
4215,28.93322164496202,113,EleutherAI/pythia-1.4b
4216,23.916415802630816,542,EleutherAI/pythia-1.4b
4217,23.375987450660116,635,EleutherAI/pythia-1.4b
4218,17.943933520178884,292,EleutherAI/pythia-1.4b
4219,21.639365884607034,443,EleutherAI/pythia-1.4b
4220,10.901644304036914,727,EleutherAI/pythia-1.4b
4221,55.12322178837464,506,EleutherAI/pythia-1.4b
4222,34.145476301531446,249,EleutherAI/pythia-1.4b
4223,19.27725153977487,1208,EleutherAI/pythia-1.4b
4224,6.477167313361444,181,EleutherAI/pythia-1.4b
4225,22.657588808114475,226,EleutherAI/pythia-1.4b
4226,18.467338846839855,377,EleutherAI/pythia-1.4b
4227,57.801705376643675,255,EleutherAI/pythia-1.4b
4228,4.810791280593325,208,EleutherAI/pythia-1.4b
4229,21.09002102920765,449,EleutherAI/pythia-1.4b
4230,20.483373420604842,186,EleutherAI/pythia-1.4b
4231,4.7567808477505595,457,EleutherAI/pythia-1.4b
4232,28.994079551019286,679,EleutherAI/pythia-1.4b
4233,14.302866836786556,453,EleutherAI/pythia-1.4b
4234,17.558059694052414,265,EleutherAI/pythia-1.4b
4235,3.339684131781457,284,EleutherAI/pythia-1.4b
4236,10.4964867058564,632,EleutherAI/pythia-1.4b
4237,12.993327531174618,449,EleutherAI/pythia-1.4b
4238,2.8687342837105207,589,EleutherAI/pythia-1.4b
4239,19.929391586386103,1133,EleutherAI/pythia-1.4b
4240,20.434025409200043,493,EleutherAI/pythia-1.4b
4241,11.982863559557305,1025,EleutherAI/pythia-1.4b
4242,17.786723372182394,880,EleutherAI/pythia-1.4b
4243,4.010153298663016,247,EleutherAI/pythia-1.4b
4244,13.281478466226197,1155,EleutherAI/pythia-1.4b
4245,12.226169102224882,451,EleutherAI/pythia-1.4b
4246,15.35037857689144,636,EleutherAI/pythia-1.4b
4247,12.013540555972625,236,EleutherAI/pythia-1.4b
4248,4.543036318147493,271,EleutherAI/pythia-1.4b
4249,13.453324313227291,1303,EleutherAI/pythia-1.4b
4250,21.44610269499848,676,EleutherAI/pythia-1.4b
4251,8.663649524041281,131,EleutherAI/pythia-1.4b
4252,3.5105595883821374,279,EleutherAI/pythia-1.4b
4253,4.155171565362637,483,EleutherAI/pythia-1.4b
4254,24.418286265988733,41,EleutherAI/pythia-1.4b
4255,8.367856467827519,335,EleutherAI/pythia-1.4b
4256,9.860167635218005,546,EleutherAI/pythia-1.4b
4257,6.1322175164107104,83,EleutherAI/pythia-1.4b
4258,3.2882881250340796,381,EleutherAI/pythia-1.4b
4259,8.0504571911005,275,EleutherAI/pythia-1.4b
4260,20.833215550910175,400,EleutherAI/pythia-1.4b
4261,11.119003188285006,425,EleutherAI/pythia-1.4b
4262,16.784287037847204,309,EleutherAI/pythia-1.4b
4263,9.033131756098372,423,EleutherAI/pythia-1.4b
4264,19.107448808071595,697,EleutherAI/pythia-1.4b
4265,30.998904176209273,454,EleutherAI/pythia-1.4b
4266,4.380291494701585,79,EleutherAI/pythia-1.4b
4267,6.269569327519277,26,EleutherAI/pythia-1.4b
4268,26.682909982593923,591,EleutherAI/pythia-1.4b
4269,4.185236686143794,241,EleutherAI/pythia-1.4b
4270,20.709601811446603,391,EleutherAI/pythia-1.4b
4271,6.536064270211247,159,EleutherAI/pythia-1.4b
4272,9.83095470290399,943,EleutherAI/pythia-1.4b
4273,20.135733124693477,520,EleutherAI/pythia-1.4b
4274,39.08923318914332,593,EleutherAI/pythia-1.4b
4275,52.30006599790689,40,EleutherAI/pythia-1.4b
4276,14.92055564319812,2241,EleutherAI/pythia-1.4b
4277,10.625043166611295,497,EleutherAI/pythia-1.4b
4278,26.29581119967719,128,EleutherAI/pythia-1.4b
4279,18.426177515142417,527,EleutherAI/pythia-1.4b
4280,8.292123920046448,535,EleutherAI/pythia-1.4b
4281,27.148364996587038,1822,EleutherAI/pythia-1.4b
4282,20.70956724859858,237,EleutherAI/pythia-1.4b
4283,3.577487386013429,423,EleutherAI/pythia-1.4b
4284,12.88829422736757,995,EleutherAI/pythia-1.4b
4285,8.141058853573396,698,EleutherAI/pythia-1.4b
4286,5.281093566333288,137,EleutherAI/pythia-1.4b
4287,34.1788051849012,43,EleutherAI/pythia-1.4b
4288,26.084619862619835,241,EleutherAI/pythia-1.4b
4289,8.75898217473852,139,EleutherAI/pythia-1.4b
4290,10.46076356426039,361,EleutherAI/pythia-1.4b
4291,12.037291460491954,558,EleutherAI/pythia-1.4b
4292,27.977760624854636,168,EleutherAI/pythia-1.4b
4293,13.647087185840606,164,EleutherAI/pythia-1.4b
4294,31.788134584132937,108,EleutherAI/pythia-1.4b
4295,3.5532915108992293,334,EleutherAI/pythia-1.4b
4296,4.086526785713051,497,EleutherAI/pythia-1.4b
4297,7.736421228359404,1040,EleutherAI/pythia-1.4b
4298,36.103670945723984,228,EleutherAI/pythia-1.4b
4299,8.772376346322138,1075,EleutherAI/pythia-1.4b
4300,11.135501842344132,188,EleutherAI/pythia-1.4b
4301,20.507013990328264,1199,EleutherAI/pythia-1.4b
4302,4.24068443257284,226,EleutherAI/pythia-1.4b
4303,33.592440671089214,129,EleutherAI/pythia-1.4b
4304,4.865094239053102,434,EleutherAI/pythia-1.4b
4305,15.230096692442963,499,EleutherAI/pythia-1.4b
4306,11.39897746058697,483,EleutherAI/pythia-1.4b
4307,13.108064401467644,308,EleutherAI/pythia-1.4b
4308,4.1245027103741885,242,EleutherAI/pythia-1.4b
4309,25.99943378896915,219,EleutherAI/pythia-1.4b
4310,17.444422930636573,674,EleutherAI/pythia-1.4b
4311,15.863311638747733,601,EleutherAI/pythia-1.4b
4312,83.51684527144333,48,EleutherAI/pythia-1.4b
4313,10.733725222095268,190,EleutherAI/pythia-1.4b
4314,7.233671860778378,716,EleutherAI/pythia-1.4b
4315,9.82680456367423,1246,EleutherAI/pythia-1.4b
4316,23.40815060355186,142,EleutherAI/pythia-1.4b
4317,11.935825230875258,830,EleutherAI/pythia-1.4b
4318,8.186511022377193,467,EleutherAI/pythia-1.4b
4319,16.16198556756968,529,EleutherAI/pythia-1.4b
4320,15.454593739299884,1572,EleutherAI/pythia-1.4b
4321,4.432325474417349,446,EleutherAI/pythia-1.4b
4322,16.793061025769898,203,EleutherAI/pythia-1.4b
4323,12.583273367949037,85,EleutherAI/pythia-1.4b
4324,5.581916254075426,124,EleutherAI/pythia-1.4b
4325,5.677904053655803,322,EleutherAI/pythia-1.4b
4326,19.568881204858677,342,EleutherAI/pythia-1.4b
4327,5.360614311923763,372,EleutherAI/pythia-1.4b
4328,25.21148013838578,481,EleutherAI/pythia-1.4b
4329,13.022349581725967,569,EleutherAI/pythia-1.4b
4330,4.588504738168026,259,EleutherAI/pythia-1.4b
4331,16.24382073514656,300,EleutherAI/pythia-1.4b
4332,12.97838590138366,465,EleutherAI/pythia-1.4b
4333,3.071098711877937,377,EleutherAI/pythia-1.4b
4334,24.34685881234177,262,EleutherAI/pythia-1.4b
4335,11.005283890743684,687,EleutherAI/pythia-1.4b
4336,10.168259833944735,1236,EleutherAI/pythia-1.4b
4337,13.034954835550797,1375,EleutherAI/pythia-1.4b
4338,5.069006013543331,418,EleutherAI/pythia-1.4b
4339,6.928734403412401,593,EleutherAI/pythia-1.4b
4340,3.9353023941049727,341,EleutherAI/pythia-1.4b
4341,4.87183403008461,396,EleutherAI/pythia-1.4b
4342,20.839549471269088,395,EleutherAI/pythia-1.4b
4343,4.813823135551073,232,EleutherAI/pythia-1.4b
4344,24.506441112899545,283,EleutherAI/pythia-1.4b
4345,9.72758132591998,700,EleutherAI/pythia-1.4b
4346,27.531767477143887,75,EleutherAI/pythia-1.4b
4347,29.31166259021409,272,EleutherAI/pythia-1.4b
4348,58.93541843940603,23,EleutherAI/pythia-1.4b
4349,16.290842837801314,831,EleutherAI/pythia-1.4b
4350,16.046262860020597,340,EleutherAI/pythia-1.4b
4351,18.901934994479614,1025,EleutherAI/pythia-1.4b
4352,3.2015441085590517,370,EleutherAI/pythia-1.4b
4353,10.717318463137518,700,EleutherAI/pythia-1.4b
4354,4.800482943258314,194,EleutherAI/pythia-1.4b
4355,14.58109585664147,298,EleutherAI/pythia-1.4b
4356,10.921241328153219,606,EleutherAI/pythia-1.4b
4357,4.051024810290092,293,EleutherAI/pythia-1.4b
4358,24.176058272124898,430,EleutherAI/pythia-1.4b
4359,20.567539191219563,699,EleutherAI/pythia-1.4b
4360,19.353891028852274,287,EleutherAI/pythia-1.4b
4361,4.034128494039739,458,EleutherAI/pythia-1.4b
4362,5.4196134576134085,428,EleutherAI/pythia-1.4b
4363,98.52680995130163,19,EleutherAI/pythia-1.4b
4364,10.09209614669681,554,EleutherAI/pythia-1.4b
4365,21.99258071661699,439,EleutherAI/pythia-1.4b
4366,18.817688158266453,215,EleutherAI/pythia-1.4b
4367,10.047290054371118,401,EleutherAI/pythia-1.4b
4368,27.05330351255284,199,EleutherAI/pythia-1.4b
4369,17.73495647251599,394,EleutherAI/pythia-1.4b
4370,13.1610822235662,1824,EleutherAI/pythia-1.4b
4371,30.40251303018043,394,EleutherAI/pythia-1.4b
4372,14.300469759037806,638,EleutherAI/pythia-1.4b
4373,34.28949074229376,70,EleutherAI/pythia-1.4b
4374,11.348685746576988,271,EleutherAI/pythia-1.4b
4375,11.648701466369968,232,EleutherAI/pythia-1.4b
4376,4.934878928266238,188,EleutherAI/pythia-1.4b
4377,9.991328029989331,827,EleutherAI/pythia-1.4b
4378,18.25049946615239,302,EleutherAI/pythia-1.4b
4379,13.27104877720419,1070,EleutherAI/pythia-1.4b
4380,10.775165501787384,573,EleutherAI/pythia-1.4b
4381,48.05742776434122,232,EleutherAI/pythia-1.4b
4382,15.568876550758004,441,EleutherAI/pythia-1.4b
4383,50.851059451106366,218,EleutherAI/pythia-1.4b
4384,4.476601540692767,269,EleutherAI/pythia-1.4b
4385,7.365997301204124,174,EleutherAI/pythia-1.4b
4386,13.87531961019127,909,EleutherAI/pythia-1.4b
4387,10.286690134159482,1026,EleutherAI/pythia-1.4b
4388,95.06964949393421,219,EleutherAI/pythia-1.4b
4389,12.106638155496782,1002,EleutherAI/pythia-1.4b
4390,4.349479989864374,471,EleutherAI/pythia-1.4b
4391,12.413488906651676,3133,EleutherAI/pythia-1.4b
4392,9.208033619721299,857,EleutherAI/pythia-1.4b
4393,16.65078831401792,708,EleutherAI/pythia-1.4b
4394,25.695263049976212,350,EleutherAI/pythia-1.4b
4395,9.865658391560768,565,EleutherAI/pythia-1.4b
4396,11.627444244347625,635,EleutherAI/pythia-1.4b
4397,26.494407422085626,232,EleutherAI/pythia-1.4b
4398,73.1497770035421,185,EleutherAI/pythia-1.4b
4399,17.83475875082074,845,EleutherAI/pythia-1.4b
4400,7.726049149015186,864,EleutherAI/pythia-1.4b
4401,11.732402068400148,130,EleutherAI/pythia-1.4b
4402,18.427429603453703,373,EleutherAI/pythia-1.4b
4403,61.096023667804495,135,EleutherAI/pythia-1.4b
4404,7.180433302428255,135,EleutherAI/pythia-1.4b
4405,5.7317412257445755,124,EleutherAI/pythia-1.4b
4406,17.854669862244712,488,EleutherAI/pythia-1.4b
4407,8.436100694430495,566,EleutherAI/pythia-1.4b
4408,168.781243351939,43,EleutherAI/pythia-1.4b
4409,5.238253893661116,358,EleutherAI/pythia-1.4b
4410,25.924728631229854,129,EleutherAI/pythia-1.4b
4411,6.362644064650591,1685,EleutherAI/pythia-1.4b
4412,9.156412124222646,186,EleutherAI/pythia-1.4b
4413,11.283634860963014,1032,EleutherAI/pythia-1.4b
4414,6.399814476897843,432,EleutherAI/pythia-1.4b
4415,19.28670794339594,390,EleutherAI/pythia-1.4b
4416,11.203125143000317,353,EleutherAI/pythia-1.4b
4417,15.611175436812367,308,EleutherAI/pythia-1.4b
4418,16.370980783942777,1837,EleutherAI/pythia-1.4b
4419,15.96322680182638,791,EleutherAI/pythia-1.4b
4420,9.377435117085346,230,EleutherAI/pythia-1.4b
4421,36.62313383903799,638,EleutherAI/pythia-1.4b
4422,15.225750840395833,822,EleutherAI/pythia-1.4b
4423,10.088321614009466,604,EleutherAI/pythia-1.4b
4424,17.64464568726977,628,EleutherAI/pythia-1.4b
4425,5.6321335206285665,147,EleutherAI/pythia-1.4b
4426,3.739736020167834,576,EleutherAI/pythia-1.4b
4427,15.875093496840565,1039,EleutherAI/pythia-1.4b
4428,14.624207778455771,119,EleutherAI/pythia-1.4b
4429,24.14364011386622,74,EleutherAI/pythia-1.4b
4430,32.170358788498575,246,EleutherAI/pythia-1.4b
4431,7.263382751303449,162,EleutherAI/pythia-1.4b
4432,30.855715614280793,655,EleutherAI/pythia-1.4b
4433,10.931739793112298,400,EleutherAI/pythia-1.4b
4434,22.88434085780426,399,EleutherAI/pythia-1.4b
4435,8.261099764662307,640,EleutherAI/pythia-1.4b
4436,13.539377132626093,595,EleutherAI/pythia-1.4b
4437,27.0990727577403,628,EleutherAI/pythia-1.4b
4438,5.5218571656091955,249,EleutherAI/pythia-1.4b
4439,19.75476763037313,500,EleutherAI/pythia-1.4b
4440,7.316558597363361,129,EleutherAI/pythia-1.4b
4441,4.534143212628073,306,EleutherAI/pythia-1.4b
4442,4.639384842648545,313,EleutherAI/pythia-1.4b
4443,27.987994917367146,41,EleutherAI/pythia-1.4b
4444,6.199235238074071,592,EleutherAI/pythia-1.4b
4445,31.727599136852287,229,EleutherAI/pythia-1.4b
4446,17.589664366858337,192,EleutherAI/pythia-1.4b
4447,17.182597601167366,974,EleutherAI/pythia-1.4b
4448,8.342670997392785,52,EleutherAI/pythia-1.4b
4449,7.727277883163777,96,EleutherAI/pythia-1.4b
4450,19.694121992883744,106,EleutherAI/pythia-1.4b
4451,17.188116675575525,569,EleutherAI/pythia-1.4b
4452,25.392192812804325,211,EleutherAI/pythia-1.4b
4453,19.172809784649587,493,EleutherAI/pythia-1.4b
4454,10.620950291487846,68,EleutherAI/pythia-1.4b
4455,19.063660800974098,359,EleutherAI/pythia-1.4b
4456,37.23514469350443,74,EleutherAI/pythia-1.4b
4457,5.387089515279043,210,EleutherAI/pythia-1.4b
4458,3.5031772233568845,342,EleutherAI/pythia-1.4b
4459,28.626918098074725,871,EleutherAI/pythia-1.4b
4460,19.14909103612127,844,EleutherAI/pythia-1.4b
4461,21.194186270479488,337,EleutherAI/pythia-1.4b
4462,32.164537776674,567,EleutherAI/pythia-1.4b
4463,40.612864385279536,243,EleutherAI/pythia-1.4b
4464,13.96932296353065,419,EleutherAI/pythia-1.4b
4465,14.084870863441997,3213,EleutherAI/pythia-1.4b
4466,9.953300980703439,579,EleutherAI/pythia-1.4b
4467,30.316428439380292,597,EleutherAI/pythia-1.4b
4468,13.127545772600742,579,EleutherAI/pythia-1.4b
4469,15.15125522491321,391,EleutherAI/pythia-1.4b
4470,29.23707911754917,774,EleutherAI/pythia-1.4b
4471,146.42168709792338,206,EleutherAI/pythia-1.4b
4472,4.821309691500296,371,EleutherAI/pythia-1.4b
4473,21.364667177818216,249,EleutherAI/pythia-1.4b
4474,5.852179246610652,227,EleutherAI/pythia-1.4b
4475,8.899674048044465,305,EleutherAI/pythia-1.4b
4476,5.7569170263385185,66,EleutherAI/pythia-1.4b
4477,4.925141280391664,447,EleutherAI/pythia-1.4b
4478,24.22782842348233,778,EleutherAI/pythia-1.4b
4479,10.842138510477321,174,EleutherAI/pythia-1.4b
4480,35.42324591751676,601,EleutherAI/pythia-1.4b
4481,26.20188178573678,336,EleutherAI/pythia-1.4b
4482,25.30622698485355,470,EleutherAI/pythia-1.4b
4483,3.753017082915406,270,EleutherAI/pythia-1.4b
4484,5.038569302882629,370,EleutherAI/pythia-1.4b
4485,20.091274683251946,276,EleutherAI/pythia-1.4b
4486,7.581602958761473,1040,EleutherAI/pythia-1.4b
4487,20.301049196624064,716,EleutherAI/pythia-1.4b
4488,20.74357038428889,774,EleutherAI/pythia-1.4b
4489,3.683553641631648,186,EleutherAI/pythia-1.4b
4490,14.180616157695821,501,EleutherAI/pythia-1.4b
4491,5.454981725417366,216,EleutherAI/pythia-1.4b
4492,16.381227923103204,2450,EleutherAI/pythia-1.4b
4493,3.7842920431629916,565,EleutherAI/pythia-1.4b
4494,19.37320700651429,854,EleutherAI/pythia-1.4b
4495,12.93344508985832,434,EleutherAI/pythia-1.4b
4496,5.9494851792286845,162,EleutherAI/pythia-1.4b
4497,23.06943447097385,736,EleutherAI/pythia-1.4b
4498,17.245070109441436,103,EleutherAI/pythia-1.4b
4499,4.231245604894984,188,EleutherAI/pythia-1.4b
4500,14.638262372874058,932,EleutherAI/pythia-1.4b
4501,3.703874590770597,837,EleutherAI/pythia-1.4b
4502,29.27455648866006,493,EleutherAI/pythia-1.4b
4503,9.541323066824713,479,EleutherAI/pythia-1.4b
4504,18.810851994916998,329,EleutherAI/pythia-1.4b
4505,4.656556910953831,137,EleutherAI/pythia-1.4b
4506,20.577128126970376,771,EleutherAI/pythia-1.4b
4507,11.609801509132673,444,EleutherAI/pythia-1.4b
4508,12.00991209767767,223,EleutherAI/pythia-1.4b
4509,5.163988921751663,274,EleutherAI/pythia-1.4b
4510,15.916125732399118,960,EleutherAI/pythia-1.4b
4511,28.66806941190279,1383,EleutherAI/pythia-1.4b
4512,4.223537274556282,226,EleutherAI/pythia-1.4b
4513,31.02101029159881,362,EleutherAI/pythia-1.4b
4514,7.225899629489164,215,EleutherAI/pythia-1.4b
4515,21.926785026034768,397,EleutherAI/pythia-1.4b
4516,3.053859505549314,351,EleutherAI/pythia-1.4b
4517,4.2758188622032005,358,EleutherAI/pythia-1.4b
4518,37.10735022262561,452,EleutherAI/pythia-1.4b
4519,3.9124601831151717,525,EleutherAI/pythia-1.4b
4520,2.6748135725159092,529,EleutherAI/pythia-1.4b
4521,10.804208578572593,109,EleutherAI/pythia-1.4b
4522,58.27886052913917,28,EleutherAI/pythia-1.4b
4523,4.6748512623168015,112,EleutherAI/pythia-1.4b
4524,14.540301803555879,575,EleutherAI/pythia-1.4b
4525,5.606483428599252,445,EleutherAI/pythia-1.4b
4526,7.442804199636506,362,EleutherAI/pythia-1.4b
4527,29.952510437897924,89,EleutherAI/pythia-1.4b
4528,41.23751625082958,22,EleutherAI/pythia-1.4b
4529,26.66544011006368,242,EleutherAI/pythia-1.4b
4530,8.858337028128807,694,EleutherAI/pythia-1.4b
4531,4.161188790195384,213,EleutherAI/pythia-1.4b
4532,27.182190514797618,235,EleutherAI/pythia-1.4b
4533,8.807191297199433,333,EleutherAI/pythia-1.4b
4534,4.030481993274208,269,EleutherAI/pythia-1.4b
4535,5.922470276330575,273,EleutherAI/pythia-1.4b
4536,8.668372715524164,1034,EleutherAI/pythia-1.4b
4537,12.287738606424229,325,EleutherAI/pythia-1.4b
4538,10.103122301608643,265,EleutherAI/pythia-1.4b
4539,3.8878090908058094,251,EleutherAI/pythia-1.4b
4540,13.411195456107672,392,EleutherAI/pythia-1.4b
4541,22.907038370817073,674,EleutherAI/pythia-1.4b
4542,32.15774409391693,130,EleutherAI/pythia-1.4b
4543,37.5259488626099,308,EleutherAI/pythia-1.4b
4544,15.26989139738263,288,EleutherAI/pythia-1.4b
4545,25.584422037740296,249,EleutherAI/pythia-1.4b
4546,6.953673071950733,217,EleutherAI/pythia-1.4b
4547,21.340083692790124,427,EleutherAI/pythia-1.4b
4548,3.7045563854971517,475,EleutherAI/pythia-1.4b
4549,10.046928346328713,636,EleutherAI/pythia-1.4b
4550,7.628640904557589,575,EleutherAI/pythia-1.4b
4551,19.003183971747106,1020,EleutherAI/pythia-1.4b
4552,28.982171368049144,248,EleutherAI/pythia-1.4b
4553,13.324400611258303,68,EleutherAI/pythia-1.4b
4554,27.944148584301697,1039,EleutherAI/pythia-1.4b
4555,11.918277189593224,210,EleutherAI/pythia-1.4b
4556,19.334428444351406,1983,EleutherAI/pythia-1.4b
4557,13.624083279061173,258,EleutherAI/pythia-1.4b
4558,12.153674281890488,1773,EleutherAI/pythia-1.4b
4559,3.4940555436243073,306,EleutherAI/pythia-1.4b
4560,17.533721454622583,613,EleutherAI/pythia-1.4b
4561,24.11225420070223,516,EleutherAI/pythia-1.4b
4562,6.259274258373083,210,EleutherAI/pythia-1.4b
4563,16.259807888305414,533,EleutherAI/pythia-1.4b
4564,4.10132591417964,490,EleutherAI/pythia-1.4b
4565,13.395715812315615,452,EleutherAI/pythia-1.4b
4566,14.081349731295438,121,EleutherAI/pythia-1.4b
4567,5.816105997575385,78,EleutherAI/pythia-1.4b
4568,8.62056583308959,100,EleutherAI/pythia-1.4b
4569,8.38936679241999,541,EleutherAI/pythia-1.4b
4570,37.389605085509466,576,EleutherAI/pythia-1.4b
4571,10.026261335731208,2967,EleutherAI/pythia-1.4b
4572,4.193941386738707,506,EleutherAI/pythia-1.4b
4573,12.388175982319977,513,EleutherAI/pythia-1.4b
4574,11.239472635555444,274,EleutherAI/pythia-1.4b
4575,45.86491847537882,37,EleutherAI/pythia-1.4b
4576,19.147821869439046,511,EleutherAI/pythia-1.4b
4577,8.174434292246413,339,EleutherAI/pythia-1.4b
4578,25.527324605299587,400,EleutherAI/pythia-1.4b
4579,25.229326759496924,369,EleutherAI/pythia-1.4b
4580,3.7459075684543968,463,EleutherAI/pythia-1.4b
4581,24.549616426288242,237,EleutherAI/pythia-1.4b
4582,11.908597158852485,216,EleutherAI/pythia-1.4b
4583,8.627326319035763,822,EleutherAI/pythia-1.4b
4584,8.34860046588961,826,EleutherAI/pythia-1.4b
4585,4.26878189480836,285,EleutherAI/pythia-1.4b
4586,11.52744276783012,705,EleutherAI/pythia-1.4b
4587,14.6944618002479,1053,EleutherAI/pythia-1.4b
4588,101.18861744820522,63,EleutherAI/pythia-1.4b
4589,21.047444592561156,396,EleutherAI/pythia-1.4b
4590,9.974550580715174,1028,EleutherAI/pythia-1.4b
4591,20.64534984507678,2688,EleutherAI/pythia-1.4b
4592,5.758361136322394,199,EleutherAI/pythia-1.4b
4593,17.308467146847757,139,EleutherAI/pythia-1.4b
4594,7.230314762502974,583,EleutherAI/pythia-1.4b
4595,5.0494882160653045,309,EleutherAI/pythia-1.4b
4596,11.105920366934983,438,EleutherAI/pythia-1.4b
4597,28.24888429153325,241,EleutherAI/pythia-1.4b
4598,43.15412021302494,552,EleutherAI/pythia-1.4b
4599,4.620870666240385,502,EleutherAI/pythia-1.4b
4600,27.025866192020736,191,EleutherAI/pythia-1.4b
4601,8.645747117382932,443,EleutherAI/pythia-1.4b
4602,6.921661934707485,359,EleutherAI/pythia-1.4b
4603,11.368172945770505,537,EleutherAI/pythia-1.4b
4604,4.570163642190369,488,EleutherAI/pythia-1.4b
4605,3.545365762503851,471,EleutherAI/pythia-1.4b
4606,4.923005204626949,446,EleutherAI/pythia-1.4b
4607,24.54536160249178,1517,EleutherAI/pythia-1.4b
4608,86.14408565446193,19,EleutherAI/pythia-1.4b
4609,12.779030019026557,914,EleutherAI/pythia-1.4b
4610,9.803976201680833,909,EleutherAI/pythia-1.4b
4611,23.445393894561892,480,EleutherAI/pythia-1.4b
4612,3.9845152145212253,518,EleutherAI/pythia-1.4b
4613,29.883854856039918,215,EleutherAI/pythia-1.4b
4614,39.04500876702326,1202,EleutherAI/pythia-1.4b
4615,25.645670143468163,238,EleutherAI/pythia-1.4b
4616,18.011239493033663,498,EleutherAI/pythia-1.4b
4617,5.344088192257244,106,EleutherAI/pythia-1.4b
4618,9.149084346614528,449,EleutherAI/pythia-1.4b
4619,10.52739867783786,540,EleutherAI/pythia-1.4b
4620,27.572080751556918,50,EleutherAI/pythia-1.4b
4621,11.718966315517008,393,EleutherAI/pythia-1.4b
4622,5.759235740213319,425,EleutherAI/pythia-1.4b
4623,4.308194712603345,417,EleutherAI/pythia-1.4b
4624,18.961886163059546,1039,EleutherAI/pythia-1.4b
4625,5.798952609439678,405,EleutherAI/pythia-1.4b
4626,17.27742539176731,561,EleutherAI/pythia-1.4b
4627,22.18971571195075,519,EleutherAI/pythia-1.4b
4628,5.935398765453303,294,EleutherAI/pythia-1.4b
4629,18.826079758498373,575,EleutherAI/pythia-1.4b
4630,10.039538939737243,493,EleutherAI/pythia-1.4b
4631,10.734070708789893,315,EleutherAI/pythia-1.4b
4632,29.282423552672295,280,EleutherAI/pythia-1.4b
4633,5.611591909628509,499,EleutherAI/pythia-1.4b
4634,8.40686058704607,843,EleutherAI/pythia-1.4b
4635,29.844523001268268,549,EleutherAI/pythia-1.4b
4636,21.55499685300967,293,EleutherAI/pythia-1.4b
4637,31.524984547777,258,EleutherAI/pythia-1.4b
4638,16.144878191065406,449,EleutherAI/pythia-1.4b
4639,28.327618888709463,717,EleutherAI/pythia-1.4b
4640,18.830411646941123,307,EleutherAI/pythia-1.4b
4641,4.462248535090292,510,EleutherAI/pythia-1.4b
4642,19.64830088671974,127,EleutherAI/pythia-1.4b
4643,13.798914367459917,664,EleutherAI/pythia-1.4b
4644,12.398018236076744,1091,EleutherAI/pythia-1.4b
4645,4.6718930116489,234,EleutherAI/pythia-1.4b
4646,8.173989946685676,587,EleutherAI/pythia-1.4b
4647,10.009923453136151,489,EleutherAI/pythia-1.4b
4648,20.78854537800789,72,EleutherAI/pythia-1.4b
4649,7.640428614098758,773,EleutherAI/pythia-1.4b
4650,3.8210268287483147,455,EleutherAI/pythia-1.4b
4651,15.206711979116267,90,EleutherAI/pythia-1.4b
4652,7.129091502995763,1023,EleutherAI/pythia-1.4b
4653,11.208773130359711,435,EleutherAI/pythia-1.4b
4654,17.2707246567438,672,EleutherAI/pythia-1.4b
4655,21.995616877845023,450,EleutherAI/pythia-1.4b
4656,15.111207650360535,464,EleutherAI/pythia-1.4b
4657,31.47732317552766,44,EleutherAI/pythia-1.4b
4658,24.622941950238275,214,EleutherAI/pythia-1.4b
4659,6.339237447782764,213,EleutherAI/pythia-1.4b
4660,4.46577723352208,195,EleutherAI/pythia-1.4b
4661,21.23051369755573,439,EleutherAI/pythia-1.4b
4662,3.533430664047825,396,EleutherAI/pythia-1.4b
4663,20.88231773633231,320,EleutherAI/pythia-1.4b
4664,14.846432909741372,252,EleutherAI/pythia-1.4b
4665,5.388981742547218,430,EleutherAI/pythia-1.4b
4666,12.63119174951835,438,EleutherAI/pythia-1.4b
4667,4.570913901574852,222,EleutherAI/pythia-1.4b
4668,21.856745908643642,639,EleutherAI/pythia-1.4b
4669,15.079151625211704,759,EleutherAI/pythia-1.4b
4670,19.680594369696177,259,EleutherAI/pythia-1.4b
4671,12.918556921534101,193,EleutherAI/pythia-1.4b
4672,5.639267659758156,220,EleutherAI/pythia-1.4b
4673,12.48392378100136,1173,EleutherAI/pythia-1.4b
4674,46.23994090960824,71,EleutherAI/pythia-1.4b
4675,9.027850356864995,1128,EleutherAI/pythia-1.4b
4676,14.34527582475031,1033,EleutherAI/pythia-1.4b
4677,9.930292401114476,196,EleutherAI/pythia-1.4b
4678,7.293772992402549,1032,EleutherAI/pythia-1.4b
4679,4.786314081991101,363,EleutherAI/pythia-1.4b
4680,13.991358565542287,777,EleutherAI/pythia-1.4b
4681,9.56023423558667,214,EleutherAI/pythia-1.4b
4682,26.81661054572016,75,EleutherAI/pythia-1.4b
4683,9.065972265510696,1030,EleutherAI/pythia-1.4b
4684,12.895505053232279,395,EleutherAI/pythia-1.4b
4685,3.916964015252985,473,EleutherAI/pythia-1.4b
4686,7.287700426555611,1042,EleutherAI/pythia-1.4b
4687,2.6424457275776536,123,EleutherAI/pythia-1.4b
4688,18.64816282100283,308,EleutherAI/pythia-1.4b
4689,15.586118204374092,2170,EleutherAI/pythia-1.4b
4690,13.6214264822584,994,EleutherAI/pythia-1.4b
4691,12.801421959489367,163,EleutherAI/pythia-1.4b
4692,8.365494659098022,24,EleutherAI/pythia-1.4b
4693,18.11308020047474,1263,EleutherAI/pythia-1.4b
4694,4.407607030502014,201,EleutherAI/pythia-1.4b
4695,106.13753934962581,46,EleutherAI/pythia-1.4b
4696,4.239690173646091,335,EleutherAI/pythia-1.4b
4697,4.121031442895483,370,EleutherAI/pythia-1.4b
4698,24.597617615576212,391,EleutherAI/pythia-1.4b
4699,5.136286595496411,172,EleutherAI/pythia-1.4b
4700,5.438595157322218,226,EleutherAI/pythia-1.4b
4701,7.10612981345435,984,EleutherAI/pythia-1.4b
4702,9.134908089603131,1524,EleutherAI/pythia-1.4b
4703,3.315207787843431,474,EleutherAI/pythia-1.4b
4704,17.433737383141455,544,EleutherAI/pythia-1.4b
4705,7.938684182419186,496,EleutherAI/pythia-1.4b
4706,20.523629510847826,348,EleutherAI/pythia-1.4b
4707,12.882552427107,183,EleutherAI/pythia-1.4b
4708,17.50687899703513,612,EleutherAI/pythia-1.4b
4709,24.41230803693112,443,EleutherAI/pythia-1.4b
4710,39.94234572540845,43,EleutherAI/pythia-1.4b
4711,20.44497539191508,395,EleutherAI/pythia-1.4b
4712,40.87760084044219,372,EleutherAI/pythia-1.4b
4713,19.304290692116453,746,EleutherAI/pythia-1.4b
4714,3.376220673220753,145,EleutherAI/pythia-1.4b
4715,12.386755395974793,1033,EleutherAI/pythia-1.4b
4716,5.145320342744773,570,EleutherAI/pythia-1.4b
4717,25.63819942983185,556,EleutherAI/pythia-1.4b
4718,18.159408441750163,2955,EleutherAI/pythia-1.4b
4719,10.744443043800416,1041,EleutherAI/pythia-1.4b
4720,20.43008446157405,93,EleutherAI/pythia-1.4b
4721,9.654686242916764,485,EleutherAI/pythia-1.4b
4722,6.723343177121009,880,EleutherAI/pythia-1.4b
4723,4.835355611705875,611,EleutherAI/pythia-1.4b
4724,4.551237698434283,459,EleutherAI/pythia-1.4b
4725,13.68682403043469,705,EleutherAI/pythia-1.4b
4726,17.50022278820113,963,EleutherAI/pythia-1.4b
4727,9.987817404618886,590,EleutherAI/pythia-1.4b
4728,17.74288215797984,56,EleutherAI/pythia-1.4b
4729,3.724933253059268,286,EleutherAI/pythia-1.4b
4730,5.64584343690705,656,EleutherAI/pythia-1.4b
4731,27.909379158409244,332,EleutherAI/pythia-1.4b
4732,13.060837189148938,1034,EleutherAI/pythia-1.4b
4733,19.096377424241187,84,EleutherAI/pythia-1.4b
4734,22.270350628692242,537,EleutherAI/pythia-1.4b
4735,10.780929309025531,391,EleutherAI/pythia-1.4b
4736,13.662655343827067,482,EleutherAI/pythia-1.4b
4737,18.97602365769633,595,EleutherAI/pythia-1.4b
4738,26.6016423832046,1079,EleutherAI/pythia-1.4b
4739,5.0372186349925245,485,EleutherAI/pythia-1.4b
4740,4.648377417042423,319,EleutherAI/pythia-1.4b
4741,15.082783163840013,833,EleutherAI/pythia-1.4b
4742,11.78166077997423,586,EleutherAI/pythia-1.4b
4743,17.398243571754975,240,EleutherAI/pythia-1.4b
4744,32.7271794899327,369,EleutherAI/pythia-1.4b
4745,17.714925446818484,453,EleutherAI/pythia-1.4b
4746,20.001617220949694,435,EleutherAI/pythia-1.4b
4747,25.698479521030116,228,EleutherAI/pythia-1.4b
4748,8.948742874964951,275,EleutherAI/pythia-1.4b
4749,21.74715172545846,152,EleutherAI/pythia-1.4b
4750,17.76083164821988,96,EleutherAI/pythia-1.4b
4751,5.38553820495484,223,EleutherAI/pythia-1.4b
4752,22.721736242113852,235,EleutherAI/pythia-1.4b
4753,6.816826331537759,111,EleutherAI/pythia-1.4b
4754,3.820162383952239,280,EleutherAI/pythia-1.4b
4755,15.969385984237471,402,EleutherAI/pythia-1.4b
4756,4.9207404154376695,212,EleutherAI/pythia-1.4b
4757,15.91488491384185,1065,EleutherAI/pythia-1.4b
4758,16.022350771020097,363,EleutherAI/pythia-1.4b
4759,7.264432252707867,506,EleutherAI/pythia-1.4b
4760,19.82322667920412,846,EleutherAI/pythia-1.4b
4761,8.6733073350896,1260,EleutherAI/pythia-1.4b
4762,6.442276032542843,224,EleutherAI/pythia-1.4b
4763,11.636077302329404,861,EleutherAI/pythia-1.4b
4764,15.129582246853479,470,EleutherAI/pythia-1.4b
4765,5.570558522366323,207,EleutherAI/pythia-1.4b
4766,20.310731799560493,243,EleutherAI/pythia-1.4b
4767,17.712788450643387,229,EleutherAI/pythia-1.4b
4768,59.054158959422985,48,EleutherAI/pythia-1.4b
4769,31.608056984854947,514,EleutherAI/pythia-1.4b
4770,45.022056299927314,20,EleutherAI/pythia-1.4b
4771,36.1214848481387,126,EleutherAI/pythia-1.4b
4772,37.05404064969818,511,EleutherAI/pythia-1.4b
4773,38.973431962933724,79,EleutherAI/pythia-1.4b
4774,10.494892697809483,1036,EleutherAI/pythia-1.4b
4775,12.019415736319472,2387,EleutherAI/pythia-1.4b
4776,21.241257446273615,298,EleutherAI/pythia-1.4b
4777,10.749680383227334,336,EleutherAI/pythia-1.4b
4778,13.54358714996628,325,EleutherAI/pythia-1.4b
4779,11.921676154475874,178,EleutherAI/pythia-1.4b
4780,3.961959740028668,501,EleutherAI/pythia-1.4b
4781,13.652521978681381,1048,EleutherAI/pythia-1.4b
4782,34.23321765955355,185,EleutherAI/pythia-1.4b
4783,23.956501033609815,884,EleutherAI/pythia-1.4b
4784,15.072387070845364,766,EleutherAI/pythia-1.4b
4785,3.832693152260473,470,EleutherAI/pythia-1.4b
4786,18.30278060209336,258,EleutherAI/pythia-1.4b
4787,5.377464614850171,220,EleutherAI/pythia-1.4b
4788,14.388181037767772,398,EleutherAI/pythia-1.4b
4789,5.075339117742574,254,EleutherAI/pythia-1.4b
4790,62.79903989139249,66,EleutherAI/pythia-1.4b
4791,3.7298583191587222,236,EleutherAI/pythia-1.4b
4792,10.294855419747964,432,EleutherAI/pythia-1.4b
4793,28.401236582371514,463,EleutherAI/pythia-1.4b
4794,7.912252776793667,139,EleutherAI/pythia-1.4b
4795,3.9998121458081903,650,EleutherAI/pythia-1.4b
4796,22.261113727067116,132,EleutherAI/pythia-1.4b
4797,16.50382947655613,378,EleutherAI/pythia-1.4b
4798,3.3303445481852534,212,EleutherAI/pythia-1.4b
4799,48.70650144038645,47,EleutherAI/pythia-1.4b
4800,13.595794579703929,545,EleutherAI/pythia-1.4b
4801,31.32668114439785,15,EleutherAI/pythia-1.4b
4802,18.22453224339399,396,EleutherAI/pythia-1.4b
4803,41.40791799150616,411,EleutherAI/pythia-1.4b
4804,17.55237579858579,166,EleutherAI/pythia-1.4b
4805,28.610808361083592,126,EleutherAI/pythia-1.4b
4806,18.159013715032845,575,EleutherAI/pythia-1.4b
4807,273.6842837698591,8,EleutherAI/pythia-1.4b
4808,7.446213800261286,1048,EleutherAI/pythia-1.4b
4809,122.8098806825,774,EleutherAI/pythia-1.4b
4810,7.5310816522703385,125,EleutherAI/pythia-1.4b
4811,37.47713959626936,481,EleutherAI/pythia-1.4b
4812,30.86734119370987,307,EleutherAI/pythia-1.4b
4813,17.03328811355833,394,EleutherAI/pythia-1.4b
4814,26.677808385761523,254,EleutherAI/pythia-1.4b
4815,12.298283920214814,583,EleutherAI/pythia-1.4b
4816,13.07476083136749,481,EleutherAI/pythia-1.4b
4817,13.734857479607555,821,EleutherAI/pythia-1.4b
4818,3.8518568335504004,200,EleutherAI/pythia-1.4b
4819,20.461599187551343,869,EleutherAI/pythia-1.4b
4820,10.47730213591333,759,EleutherAI/pythia-1.4b
4821,60.662412258413696,78,EleutherAI/pythia-1.4b
4822,22.902325612636186,908,EleutherAI/pythia-1.4b
4823,22.606705263038698,467,EleutherAI/pythia-1.4b
4824,5.099051522000243,288,EleutherAI/pythia-1.4b
4825,24.780510989275808,536,EleutherAI/pythia-1.4b
4826,2.636914854795909,412,EleutherAI/pythia-1.4b
4827,26.39199642965721,17,EleutherAI/pythia-1.4b
4828,14.475298258306896,558,EleutherAI/pythia-1.4b
4829,23.012045572466715,256,EleutherAI/pythia-1.4b
4830,22.503714010045165,170,EleutherAI/pythia-1.4b
4831,4.380746329635948,495,EleutherAI/pythia-1.4b
4832,3.4569810011728093,118,EleutherAI/pythia-1.4b
4833,88.82995283658558,34,EleutherAI/pythia-1.4b
4834,7.325827245802113,320,EleutherAI/pythia-1.4b
4835,37.734073685288124,62,EleutherAI/pythia-1.4b
4836,28.809532712771006,112,EleutherAI/pythia-1.4b
4837,16.487264335419695,881,EleutherAI/pythia-1.4b
4838,52.97484411629609,289,EleutherAI/pythia-1.4b
4839,20.7878599614495,2882,EleutherAI/pythia-1.4b
4840,21.776092477056384,232,EleutherAI/pythia-1.4b
4841,7.750461425531056,561,EleutherAI/pythia-1.4b
4842,8.832519715588951,1034,EleutherAI/pythia-1.4b
4843,13.11212154671619,383,EleutherAI/pythia-1.4b
4844,18.619152582304263,316,EleutherAI/pythia-1.4b
4845,15.526925493057893,366,EleutherAI/pythia-1.4b
4846,14.201901499090335,283,EleutherAI/pythia-1.4b
4847,8.22751367407694,513,EleutherAI/pythia-1.4b
4848,5.706114311826981,721,EleutherAI/pythia-1.4b
4849,7.2978929083370545,294,EleutherAI/pythia-1.4b
4850,19.24333036179699,374,EleutherAI/pythia-1.4b
4851,21.566125901916426,278,EleutherAI/pythia-1.4b
4852,26.012175337342423,258,EleutherAI/pythia-1.4b
4853,20.49928553779045,555,EleutherAI/pythia-1.4b
4854,4.399279522133992,89,EleutherAI/pythia-1.4b
4855,9.543384284227269,794,EleutherAI/pythia-1.4b
4856,23.627087006198558,527,EleutherAI/pythia-1.4b
4857,31.814952395301926,418,EleutherAI/pythia-1.4b
4858,8.278537281809674,74,EleutherAI/pythia-1.4b
4859,39.464141107026315,1657,EleutherAI/pythia-1.4b
4860,9.256966170206237,610,EleutherAI/pythia-1.4b
4861,16.61054693824143,460,EleutherAI/pythia-1.4b
4862,3.278432112086283,228,EleutherAI/pythia-1.4b
4863,4.3129098720064585,246,EleutherAI/pythia-1.4b
4864,28.058348387814856,471,EleutherAI/pythia-1.4b
4865,38.76702924586158,216,EleutherAI/pythia-1.4b
4866,16.123655900440415,813,EleutherAI/pythia-1.4b
4867,7.8854619106932535,293,EleutherAI/pythia-1.4b
4868,19.38381960015205,678,EleutherAI/pythia-1.4b
4869,10.878077288420348,602,EleutherAI/pythia-1.4b
4870,4.116254694009207,387,EleutherAI/pythia-1.4b
4871,12.632574108607882,850,EleutherAI/pythia-1.4b
4872,10.70165372222593,164,EleutherAI/pythia-1.4b
4873,25.001497624978803,400,EleutherAI/pythia-1.4b
4874,172.76037809588576,28,EleutherAI/pythia-1.4b
4875,4.128383882937077,379,EleutherAI/pythia-1.4b
4876,14.341339737344061,715,EleutherAI/pythia-1.4b
4877,18.6685903476478,311,EleutherAI/pythia-1.4b
4878,4.360394052492832,185,EleutherAI/pythia-1.4b
4879,4.566698900679531,393,EleutherAI/pythia-1.4b
4880,5.288128493064131,236,EleutherAI/pythia-1.4b
4881,5.2687938079261425,209,EleutherAI/pythia-1.4b
4882,8.66818671442021,764,EleutherAI/pythia-1.4b
4883,11.957324082931509,275,EleutherAI/pythia-1.4b
4884,21.337890932436167,1055,EleutherAI/pythia-1.4b
4885,19.95962001024126,177,EleutherAI/pythia-1.4b
4886,5.382471572843328,222,EleutherAI/pythia-1.4b
4887,22.16982728349789,575,EleutherAI/pythia-1.4b
4888,6.115139192778521,492,EleutherAI/pythia-1.4b
4889,29.388601342429695,279,EleutherAI/pythia-1.4b
4890,8.237180189422615,44,EleutherAI/pythia-1.4b
4891,33.76630124977617,375,EleutherAI/pythia-1.4b
4892,11.278890296216323,373,EleutherAI/pythia-1.4b
4893,9.840869633516022,1010,EleutherAI/pythia-1.4b
4894,21.114135220607764,1106,EleutherAI/pythia-1.4b
4895,21.145656477485886,219,EleutherAI/pythia-1.4b
4896,23.254616859098114,277,EleutherAI/pythia-1.4b
4897,19.56991232627577,476,EleutherAI/pythia-1.4b
4898,24.72220731949655,382,EleutherAI/pythia-1.4b
4899,20.221401499808607,239,EleutherAI/pythia-1.4b
4900,24.34326013736568,624,EleutherAI/pythia-1.4b
4901,5.196234342656102,315,EleutherAI/pythia-1.4b
4902,12.75579526213017,46,EleutherAI/pythia-1.4b
4903,49.295362488834414,37,EleutherAI/pythia-1.4b
4904,20.401755414615433,447,EleutherAI/pythia-1.4b
4905,40.03944576445693,440,EleutherAI/pythia-1.4b
4906,39.43372219904029,228,EleutherAI/pythia-1.4b
4907,17.161701013974326,342,EleutherAI/pythia-1.4b
4908,13.786911391797322,340,EleutherAI/pythia-1.4b
4909,9.8473591429311,1049,EleutherAI/pythia-1.4b
4910,7.143993948490976,837,EleutherAI/pythia-1.4b
4911,7.897908191600066,666,EleutherAI/pythia-1.4b
4912,4.900772768146027,355,EleutherAI/pythia-1.4b
4913,10.774155932223833,720,EleutherAI/pythia-1.4b
4914,3.811826762981489,422,EleutherAI/pythia-1.4b
4915,4.626910281003208,409,EleutherAI/pythia-1.4b
4916,3.1460354687322476,456,EleutherAI/pythia-1.4b
4917,9.330606056994744,978,EleutherAI/pythia-1.4b
4918,4.519105217336862,1033,EleutherAI/pythia-1.4b
4919,4.279960280957958,398,EleutherAI/pythia-1.4b
4920,14.763764959073427,584,EleutherAI/pythia-1.4b
4921,18.286306239283572,242,EleutherAI/pythia-1.4b
4922,15.675209325383022,242,EleutherAI/pythia-1.4b
4923,15.108397933205028,4218,EleutherAI/pythia-1.4b
4924,20.464560606055027,248,EleutherAI/pythia-1.4b
4925,9.896005447169886,166,EleutherAI/pythia-1.4b
4926,8.036387020473482,1035,EleutherAI/pythia-1.4b
4927,19.766437507220477,309,EleutherAI/pythia-1.4b
4928,3.3429989418177204,385,EleutherAI/pythia-1.4b
4929,25.511596655289,181,EleutherAI/pythia-1.4b
4930,21.991248923222294,140,EleutherAI/pythia-1.4b
4931,59.44950838212576,60,EleutherAI/pythia-1.4b
4932,24.32060651169408,193,EleutherAI/pythia-1.4b
4933,6.029595060830355,214,EleutherAI/pythia-1.4b
4934,4.895070618533769,470,EleutherAI/pythia-1.4b
4935,7.985538264074434,330,EleutherAI/pythia-1.4b
4936,68.4247901137352,57,EleutherAI/pythia-1.4b
4937,21.895127718286666,483,EleutherAI/pythia-1.4b
4938,16.44623002973089,599,EleutherAI/pythia-1.4b
4939,16.70879345256691,673,EleutherAI/pythia-1.4b
4940,17.58755925403907,62,EleutherAI/pythia-1.4b
4941,15.563380183333974,342,EleutherAI/pythia-1.4b
4942,8.607538898527151,1070,EleutherAI/pythia-1.4b
4943,16.78634403041945,202,EleutherAI/pythia-1.4b
4944,13.59799248757988,672,EleutherAI/pythia-1.4b
4945,18.138607520856862,450,EleutherAI/pythia-1.4b
4946,4.323767219290746,220,EleutherAI/pythia-1.4b
4947,3.6551097760694535,326,EleutherAI/pythia-1.4b
4948,4.810620383307652,259,EleutherAI/pythia-1.4b
4949,9.172670682184977,152,EleutherAI/pythia-1.4b
4950,8.64565229779271,544,EleutherAI/pythia-1.4b
4951,6.177969198226085,520,EleutherAI/pythia-1.4b
4952,10.789402018451069,793,EleutherAI/pythia-1.4b
4953,6.801766285471176,219,EleutherAI/pythia-1.4b
4954,8.963395254051646,100,EleutherAI/pythia-1.4b
4955,4.10473507585521,233,EleutherAI/pythia-1.4b
4956,31.615541067145166,317,EleutherAI/pythia-1.4b
4957,6.683976926031886,769,EleutherAI/pythia-1.4b
4958,6.170673605606277,123,EleutherAI/pythia-1.4b
4959,18.30213478249178,381,EleutherAI/pythia-1.4b
4960,18.07156665156224,261,EleutherAI/pythia-1.4b
4961,9.23437390577586,422,EleutherAI/pythia-1.4b
4962,27.889862813233865,34,EleutherAI/pythia-1.4b
4963,4.091020308301779,281,EleutherAI/pythia-1.4b
4964,4.63007020486563,285,EleutherAI/pythia-1.4b
4965,7.356284074116958,495,EleutherAI/pythia-1.4b
4966,12.26186507682087,3231,EleutherAI/pythia-1.4b
4967,4.093789359967123,519,EleutherAI/pythia-1.4b
4968,9.78607834112488,654,EleutherAI/pythia-1.4b
4969,11.372469715650492,261,EleutherAI/pythia-1.4b
4970,5.634642439527351,188,EleutherAI/pythia-1.4b
4971,44.71918666013992,63,EleutherAI/pythia-1.4b
4972,4.342265371056495,442,EleutherAI/pythia-1.4b
4973,15.748319417530812,482,EleutherAI/pythia-1.4b
4974,7.629875976328673,124,EleutherAI/pythia-1.4b
4975,27.23831324828963,381,EleutherAI/pythia-1.4b
4976,4.89667444333935,236,EleutherAI/pythia-1.4b
4977,14.741356343522877,611,EleutherAI/pythia-1.4b
4978,8.659498712930551,1026,EleutherAI/pythia-1.4b
4979,25.088629410906957,466,EleutherAI/pythia-1.4b
4980,9.881319704823905,266,EleutherAI/pythia-1.4b
4981,1.1371045951904506,512,EleutherAI/pythia-1.4b
4982,16.736910041812777,987,EleutherAI/pythia-1.4b
4983,17.79126389585641,5465,EleutherAI/pythia-1.4b
4984,19.977401836110236,386,EleutherAI/pythia-1.4b
4985,7.813854905762681,752,EleutherAI/pythia-1.4b
4986,4.023989819677686,196,EleutherAI/pythia-1.4b
4987,21.303629731122854,578,EleutherAI/pythia-1.4b
4988,12.973318446666282,503,EleutherAI/pythia-1.4b
4989,65.81869743752765,222,EleutherAI/pythia-1.4b
4990,11.535176487838786,666,EleutherAI/pythia-1.4b
4991,97.03334143123713,34,EleutherAI/pythia-1.4b
4992,14.677346995843353,796,EleutherAI/pythia-1.4b
4993,5.663554532677445,368,EleutherAI/pythia-1.4b
4994,8.202717359008147,765,EleutherAI/pythia-1.4b
4995,21.513676936724032,65,EleutherAI/pythia-1.4b
4996,24.34907052006049,1214,EleutherAI/pythia-1.4b
4997,14.14388276271524,904,EleutherAI/pythia-1.4b
4998,4.286777531948639,329,EleutherAI/pythia-1.4b
4999,9.020171682790233,235,EleutherAI/pythia-1.4b
5000,49.76645893901862,1061,EleutherAI/pythia-1.4b
5001,8.900308503103105,855,EleutherAI/pythia-1.4b
5002,6.601131052213951,652,EleutherAI/pythia-1.4b
5003,25.345734817245095,401,EleutherAI/pythia-1.4b
5004,6.548623127202648,299,EleutherAI/pythia-1.4b
5005,5.759736260119778,352,EleutherAI/pythia-1.4b
5006,13.35943888257782,725,EleutherAI/pythia-1.4b
5007,5.880606195528015,353,EleutherAI/pythia-1.4b
5008,4.359562972339814,354,EleutherAI/pythia-1.4b
5009,17.671463434846892,1052,EleutherAI/pythia-1.4b
5010,3.534681059547101,120,EleutherAI/pythia-1.4b
5011,9.508762258475254,673,EleutherAI/pythia-1.4b
5012,4.061077164251913,491,EleutherAI/pythia-1.4b
5013,6.296615033461305,362,EleutherAI/pythia-1.4b
5014,12.123229267720317,601,EleutherAI/pythia-1.4b
5015,18.665034386268726,286,EleutherAI/pythia-1.4b
5016,4.431100871828941,265,EleutherAI/pythia-1.4b
5017,5.922948266740265,132,EleutherAI/pythia-1.4b
5018,4.810583681326815,408,EleutherAI/pythia-1.4b
5019,7.595994210767439,1048,EleutherAI/pythia-1.4b
5020,11.234299327553181,370,EleutherAI/pythia-1.4b
5021,34.17647468977774,100,EleutherAI/pythia-1.4b
5022,19.388769818715367,388,EleutherAI/pythia-1.4b
5023,21.578346196745446,534,EleutherAI/pythia-1.4b
5024,16.476571906441208,228,EleutherAI/pythia-1.4b
5025,20.675595204054428,221,EleutherAI/pythia-1.4b
5026,3.6154569042116202,432,EleutherAI/pythia-1.4b
5027,23.088654608073437,306,EleutherAI/pythia-1.4b
5028,10.904295764059821,397,EleutherAI/pythia-1.4b
5029,8.160114366930307,129,EleutherAI/pythia-1.4b
5030,16.188410078247376,379,EleutherAI/pythia-1.4b
5031,13.600437185903914,851,EleutherAI/pythia-1.4b
5032,5.779463430771868,191,EleutherAI/pythia-1.4b
5033,6.8898655095097485,128,EleutherAI/pythia-1.4b
5034,21.660410278804317,932,EleutherAI/pythia-1.4b
5035,5.7009748309383985,176,EleutherAI/pythia-1.4b
5036,5.517732096118476,756,EleutherAI/pythia-1.4b
5037,23.940513680735588,900,EleutherAI/pythia-1.4b
5038,9.309971366322715,1433,EleutherAI/pythia-1.4b
5039,18.746358447876894,239,EleutherAI/pythia-1.4b
5040,5.162656329571589,411,EleutherAI/pythia-1.4b
5041,25.3297624401461,106,EleutherAI/pythia-1.4b
5042,9.569043372236685,824,EleutherAI/pythia-1.4b
5043,11.779924966360708,355,EleutherAI/pythia-1.4b
5044,42.161833738165654,236,EleutherAI/pythia-1.4b
5045,12.838004678479455,369,EleutherAI/pythia-1.4b
5046,13.38264682543069,874,EleutherAI/pythia-1.4b
5047,9.152542378985913,528,EleutherAI/pythia-1.4b
5048,4.362790466560392,347,EleutherAI/pythia-1.4b
5049,25.345571659630046,118,EleutherAI/pythia-1.4b
5050,11.398643184943241,688,EleutherAI/pythia-1.4b
5051,77.92978726706762,15,EleutherAI/pythia-1.4b
5052,10.62881324837144,436,EleutherAI/pythia-1.4b
5053,15.124926102476412,659,EleutherAI/pythia-1.4b
5054,12.783957576784704,141,EleutherAI/pythia-1.4b
5055,18.22093053873119,629,EleutherAI/pythia-1.4b
5056,6.138410896324004,268,EleutherAI/pythia-1.4b
5057,8.133791189592765,360,EleutherAI/pythia-1.4b
5058,8.984497680872101,411,EleutherAI/pythia-1.4b
5059,6.138276254769904,411,EleutherAI/pythia-1.4b
5060,9.509968413859333,717,EleutherAI/pythia-1.4b
5061,3.9761157853390916,210,EleutherAI/pythia-1.4b
5062,10.554920806601185,849,EleutherAI/pythia-1.4b
5063,5.460567275486797,138,EleutherAI/pythia-1.4b
5064,20.607995086203715,748,EleutherAI/pythia-1.4b
5065,13.153222046429226,4965,EleutherAI/pythia-1.4b
5066,5.577090746032885,490,EleutherAI/pythia-1.4b
5067,12.28164942492101,119,EleutherAI/pythia-1.4b
5068,25.17048920581364,332,EleutherAI/pythia-1.4b
5069,13.989930916057684,826,EleutherAI/pythia-1.4b
5070,26.55942967919173,716,EleutherAI/pythia-1.4b
5071,14.06998329722363,988,EleutherAI/pythia-1.4b
5072,7.33947487935359,897,EleutherAI/pythia-1.4b
5073,27.81440723902352,126,EleutherAI/pythia-1.4b
5074,7.893708317723299,1020,EleutherAI/pythia-1.4b
5075,12.45722133660083,617,EleutherAI/pythia-1.4b
5076,10.970412997293378,347,EleutherAI/pythia-1.4b
5077,11.190783759260107,469,EleutherAI/pythia-1.4b
5078,1.7677724801729742,532,EleutherAI/pythia-1.4b
5079,163.87007477606198,13,EleutherAI/pythia-1.4b
5080,8.25764974664704,611,EleutherAI/pythia-1.4b
5081,9.490799149860383,162,EleutherAI/pythia-1.4b
5082,6.423334081398925,298,EleutherAI/pythia-1.4b
5083,19.91927338148757,646,EleutherAI/pythia-1.4b
5084,7.64747424410858,135,EleutherAI/pythia-1.4b
5085,32.270331330832775,413,EleutherAI/pythia-1.4b
5086,23.593469853278446,391,EleutherAI/pythia-1.4b
5087,4.846309014097366,192,EleutherAI/pythia-1.4b
5088,25.61913513734431,513,EleutherAI/pythia-1.4b
5089,18.17630509182949,249,EleutherAI/pythia-1.4b
5090,22.435078622204745,452,EleutherAI/pythia-1.4b
5091,21.092776691782205,1034,EleutherAI/pythia-1.4b
5092,27.253409765023154,1050,EleutherAI/pythia-1.4b
5093,21.86018026322166,752,EleutherAI/pythia-1.4b
5094,4.228755591968895,519,EleutherAI/pythia-1.4b
5095,13.00926334590846,439,EleutherAI/pythia-1.4b
5096,16.712885199827543,725,EleutherAI/pythia-1.4b
5097,11.989027558161283,39,EleutherAI/pythia-1.4b
5098,26.32044897687074,525,EleutherAI/pythia-1.4b
5099,19.603829612266978,391,EleutherAI/pythia-1.4b
5100,19.079183049314334,2061,EleutherAI/pythia-1.4b
5101,16.1798324213355,224,EleutherAI/pythia-1.4b
5102,20.162692869735938,758,EleutherAI/pythia-1.4b
5103,29.181575684955813,394,EleutherAI/pythia-1.4b
5104,23.30315262888015,224,EleutherAI/pythia-1.4b
5105,4.438302244374866,378,EleutherAI/pythia-1.4b
5106,16.590278807042463,957,EleutherAI/pythia-1.4b
5107,8.00357712389837,277,EleutherAI/pythia-1.4b
5108,37.424307018311566,141,EleutherAI/pythia-1.4b
5109,4.161655601647564,129,EleutherAI/pythia-1.4b
5110,5.236948958810875,362,EleutherAI/pythia-1.4b
5111,3.7997306456763664,736,EleutherAI/pythia-1.4b
5112,28.376538552805634,393,EleutherAI/pythia-1.4b
5113,30.615791612797178,214,EleutherAI/pythia-1.4b
5114,4.239729595844745,250,EleutherAI/pythia-1.4b
5115,8.866108342021889,227,EleutherAI/pythia-1.4b
5116,6.554563494819017,303,EleutherAI/pythia-1.4b
5117,15.248117790367397,395,EleutherAI/pythia-1.4b
5118,23.343729350542556,642,EleutherAI/pythia-1.4b
5119,5.949353263185511,174,EleutherAI/pythia-1.4b
5120,14.977169296395976,1147,EleutherAI/pythia-1.4b
5121,36.07737513275271,90,EleutherAI/pythia-1.4b
5122,31.053880660536926,745,EleutherAI/pythia-1.4b
5123,26.635195402263722,275,EleutherAI/pythia-1.4b
5124,4.380822575245475,349,EleutherAI/pythia-1.4b
5125,5.285850109567313,230,EleutherAI/pythia-1.4b
5126,25.583555880582434,361,EleutherAI/pythia-1.4b
5127,25.77969837392213,593,EleutherAI/pythia-1.4b
5128,5.9606341308264765,271,EleutherAI/pythia-1.4b
5129,18.963857363068236,216,EleutherAI/pythia-1.4b
5130,25.41875941553099,601,EleutherAI/pythia-1.4b
5131,68.82328348560465,317,EleutherAI/pythia-1.4b
5132,19.456878999326715,369,EleutherAI/pythia-1.4b
5133,30.310675497463247,1351,EleutherAI/pythia-1.4b
5134,24.253413888888712,246,EleutherAI/pythia-1.4b
5135,21.95314873733904,98,EleutherAI/pythia-1.4b
5136,12.791091729891559,1486,EleutherAI/pythia-1.4b
5137,5.2237231852804955,337,EleutherAI/pythia-1.4b
5138,8.667050127724359,213,EleutherAI/pythia-1.4b
5139,10.05834159691634,646,EleutherAI/pythia-1.4b
5140,16.201202043181144,437,EleutherAI/pythia-1.4b
5141,11.753324346216397,466,EleutherAI/pythia-1.4b
5142,31.2169247370122,165,EleutherAI/pythia-1.4b
5143,4.238296985980825,478,EleutherAI/pythia-1.4b
5144,15.856441036413065,380,EleutherAI/pythia-1.4b
5145,3.9738564434693524,377,EleutherAI/pythia-1.4b
5146,9.413760291080338,449,EleutherAI/pythia-1.4b
5147,21.968720287828482,705,EleutherAI/pythia-1.4b
5148,19.467268227619606,382,EleutherAI/pythia-1.4b
5149,4.7192439977033125,157,EleutherAI/pythia-1.4b
5150,6.305014007109042,846,EleutherAI/pythia-1.4b
5151,14.186676064999846,961,EleutherAI/pythia-1.4b
5152,88.31275536101504,60,EleutherAI/pythia-1.4b
5153,4.637015595270901,203,EleutherAI/pythia-1.4b
5154,10.822118350829536,443,EleutherAI/pythia-1.4b
5155,12.795944617801096,235,EleutherAI/pythia-1.4b
5156,8.085166016337281,1617,EleutherAI/pythia-1.4b
5157,22.874423904593954,996,EleutherAI/pythia-1.4b
5158,4.772998914507859,156,EleutherAI/pythia-1.4b
5159,17.476458342446705,2086,EleutherAI/pythia-1.4b
5160,49.421397216167364,241,EleutherAI/pythia-1.4b
5161,12.174959028985125,569,EleutherAI/pythia-1.4b
5162,4.5028291801107905,460,EleutherAI/pythia-1.4b
5163,21.998994378569037,694,EleutherAI/pythia-1.4b
5164,5.739576928974908,555,EleutherAI/pythia-1.4b
5165,40.773373993313506,214,EleutherAI/pythia-1.4b
5166,56.410738010526394,276,EleutherAI/pythia-1.4b
5167,5.3687253232304135,188,EleutherAI/pythia-1.4b
5168,4.119796587153477,287,EleutherAI/pythia-1.4b
5169,10.122857350727338,225,EleutherAI/pythia-1.4b
5170,8.260737366272538,148,EleutherAI/pythia-1.4b
5171,41.0321320683941,47,EleutherAI/pythia-1.4b
5172,4.8711592245540745,238,EleutherAI/pythia-1.4b
5173,13.487492116637089,1794,EleutherAI/pythia-1.4b
5174,15.661092575992127,487,EleutherAI/pythia-1.4b
5175,9.053545701946884,1026,EleutherAI/pythia-1.4b
5176,7.087499920337602,1029,EleutherAI/pythia-1.4b
5177,4.045256580621263,540,EleutherAI/pythia-1.4b
5178,4.162849408708141,176,EleutherAI/pythia-1.4b
5179,4.24316376564763,673,EleutherAI/pythia-1.4b
5180,8.403778459169386,976,EleutherAI/pythia-1.4b
5181,77.19663863377995,23,EleutherAI/pythia-1.4b
5182,13.177555649334966,63,EleutherAI/pythia-1.4b
5183,4.591371326351596,411,EleutherAI/pythia-1.4b
5184,6.118223561684237,188,EleutherAI/pythia-1.4b
5185,15.068003593115712,1047,EleutherAI/pythia-1.4b
5186,27.219447871878597,231,EleutherAI/pythia-1.4b
5187,10.128004192239063,374,EleutherAI/pythia-1.4b
5188,13.933146867110493,30,EleutherAI/pythia-1.4b
5189,7.692571090710371,203,EleutherAI/pythia-1.4b
5190,66.2621137744388,103,EleutherAI/pythia-1.4b
5191,7.47360926042958,664,EleutherAI/pythia-1.4b
5192,18.977209044707475,804,EleutherAI/pythia-1.4b
5193,4.731380313338363,257,EleutherAI/pythia-1.4b
5194,8.258139986701456,585,EleutherAI/pythia-1.4b
5195,22.752901562010265,407,EleutherAI/pythia-1.4b
5196,6.991483258208104,1028,EleutherAI/pythia-1.4b
5197,10.32732781483552,843,EleutherAI/pythia-1.4b
5198,4.140285736303731,419,EleutherAI/pythia-1.4b
5199,6.235387500699281,138,EleutherAI/pythia-1.4b
5200,23.947015819799176,257,EleutherAI/pythia-1.4b
5201,4.469243190567837,475,EleutherAI/pythia-1.4b
5202,12.942949070354572,675,EleutherAI/pythia-1.4b
5203,7.933949984622805,519,EleutherAI/pythia-1.4b
5204,4.424692817201704,587,EleutherAI/pythia-1.4b
5205,13.608393602513392,486,EleutherAI/pythia-1.4b
5206,27.67463174196642,1781,EleutherAI/pythia-1.4b
5207,5.214320545877138,236,EleutherAI/pythia-1.4b
5208,5.636663280603895,128,EleutherAI/pythia-1.4b
5209,6.604837680603894,172,EleutherAI/pythia-1.4b
5210,8.369209222720045,1522,EleutherAI/pythia-1.4b
5211,37.74635591202836,281,EleutherAI/pythia-1.4b
5212,20.002508998417635,230,EleutherAI/pythia-1.4b
5213,23.287301470872737,45,EleutherAI/pythia-1.4b
5214,9.85295082593455,396,EleutherAI/pythia-1.4b
5215,8.65069360673682,517,EleutherAI/pythia-1.4b
5216,9.075526787000253,1506,EleutherAI/pythia-1.4b
5217,23.065777140024895,530,EleutherAI/pythia-1.4b
5218,34.136571300886104,86,EleutherAI/pythia-1.4b
5219,17.717130286175472,1318,EleutherAI/pythia-1.4b
5220,9.46737436133256,201,EleutherAI/pythia-1.4b
5221,4.817343285131422,146,EleutherAI/pythia-1.4b
5222,9.745316437368354,1032,EleutherAI/pythia-1.4b
5223,9.84684498960506,171,EleutherAI/pythia-1.4b
5224,43.484671009861756,63,EleutherAI/pythia-1.4b
5225,15.319447742753415,381,EleutherAI/pythia-1.4b
5226,6.196825067744975,134,EleutherAI/pythia-1.4b
5227,19.003061642913575,578,EleutherAI/pythia-1.4b
5228,11.826193823853382,463,EleutherAI/pythia-1.4b
5229,3.8809651392576887,301,EleutherAI/pythia-1.4b
5230,9.656295374744058,258,EleutherAI/pythia-1.4b
5231,21.613672722400846,252,EleutherAI/pythia-1.4b
5232,3.589875554800808,225,EleutherAI/pythia-1.4b
5233,4.50258441550869,123,EleutherAI/pythia-1.4b
5234,14.217061922517898,617,EleutherAI/pythia-1.4b
5235,9.58893534175453,528,EleutherAI/pythia-1.4b
5236,11.537192560883286,368,EleutherAI/pythia-1.4b
5237,70.15982221425688,192,EleutherAI/pythia-1.4b
5238,21.617620358338513,79,EleutherAI/pythia-1.4b
5239,22.808600072001347,816,EleutherAI/pythia-1.4b
5240,367.72338702645294,15,EleutherAI/pythia-1.4b
5241,15.675272858951063,486,EleutherAI/pythia-1.4b
5242,14.221621681314515,394,EleutherAI/pythia-1.4b
5243,3.601454736269115,458,EleutherAI/pythia-1.4b
5244,13.275248155186262,965,EleutherAI/pythia-1.4b
5245,17.637482941766606,664,EleutherAI/pythia-1.4b
5246,8.964126151516076,150,EleutherAI/pythia-1.4b
5247,4.486881333142367,256,EleutherAI/pythia-1.4b
5248,18.766696668229027,239,EleutherAI/pythia-1.4b
5249,23.155546128142202,570,EleutherAI/pythia-1.4b
5250,3.8750948904957805,322,EleutherAI/pythia-1.4b
5251,5.327049080794605,416,EleutherAI/pythia-1.4b
5252,19.11765145402363,329,EleutherAI/pythia-1.4b
5253,10.512923846955955,973,EleutherAI/pythia-1.4b
5254,27.87302481221363,579,EleutherAI/pythia-1.4b
5255,6.012737315573594,471,EleutherAI/pythia-1.4b
5256,24.496458690186184,1733,EleutherAI/pythia-1.4b
5257,4.209262481627382,283,EleutherAI/pythia-1.4b
5258,8.32653555335758,242,EleutherAI/pythia-1.4b
5259,22.34621662480739,237,EleutherAI/pythia-1.4b
5260,21.92020427281412,1238,EleutherAI/pythia-1.4b
5261,5.451885949427307,165,EleutherAI/pythia-1.4b
5262,16.918073562730193,494,EleutherAI/pythia-1.4b
5263,6.325997142087841,264,EleutherAI/pythia-1.4b
5264,11.478839147119258,51,EleutherAI/pythia-1.4b
5265,6.214295979018525,421,EleutherAI/pythia-1.4b
5266,29.09374534101073,627,EleutherAI/pythia-1.4b
5267,6.563815126920508,177,EleutherAI/pythia-1.4b
5268,12.649358187715396,556,EleutherAI/pythia-1.4b
5269,4.077662939803228,190,EleutherAI/pythia-1.4b
5270,5.400618819071614,289,EleutherAI/pythia-1.4b
5271,14.495335860773897,338,EleutherAI/pythia-1.4b
5272,27.776262668938493,18,EleutherAI/pythia-1.4b
5273,15.929522864231677,503,EleutherAI/pythia-1.4b
5274,10.005759786560066,143,EleutherAI/pythia-1.4b
5275,5.50479654907271,146,EleutherAI/pythia-1.4b
5276,18.460462708943854,581,EleutherAI/pythia-1.4b
5277,37.75125192083024,196,EleutherAI/pythia-1.4b
5278,11.262361783179228,501,EleutherAI/pythia-1.4b
5279,6.109141161412648,175,EleutherAI/pythia-1.4b
5280,17.326105219858157,328,EleutherAI/pythia-1.4b
5281,22.40955731177567,498,EleutherAI/pythia-1.4b
5282,7.191317553513987,142,EleutherAI/pythia-1.4b
5283,8.054220052211962,705,EleutherAI/pythia-1.4b
5284,10.742319625207651,407,EleutherAI/pythia-1.4b
5285,13.877632686624729,3348,EleutherAI/pythia-1.4b
5286,4.123061359341561,38,EleutherAI/pythia-1.4b
5287,20.073530290195617,227,EleutherAI/pythia-1.4b
5288,9.860026585397437,882,EleutherAI/pythia-1.4b
5289,19.488258475782214,368,EleutherAI/pythia-1.4b
5290,40.71569076556961,50,EleutherAI/pythia-1.4b
5291,29.641019697200502,770,EleutherAI/pythia-1.4b
5292,17.23108008763694,357,EleutherAI/pythia-1.4b
5293,37.943434218701995,230,EleutherAI/pythia-1.4b
5294,8.7098179019418,846,EleutherAI/pythia-1.4b
5295,35.03273804906744,164,EleutherAI/pythia-1.4b
5296,9.064174079004761,435,EleutherAI/pythia-1.4b
5297,26.259905747072775,269,EleutherAI/pythia-1.4b
5298,43.11322127110541,227,EleutherAI/pythia-1.4b
5299,16.52573734050923,315,EleutherAI/pythia-1.4b
5300,19.431720069775622,323,EleutherAI/pythia-1.4b
5301,20.97129748712632,473,EleutherAI/pythia-1.4b
5302,25.216650029718483,684,EleutherAI/pythia-1.4b
5303,8.209496590807015,415,EleutherAI/pythia-1.4b
5304,42.201548428799335,844,EleutherAI/pythia-1.4b
5305,7.736828875047873,80,EleutherAI/pythia-1.4b
5306,12.196597816694423,185,EleutherAI/pythia-1.4b
5307,14.42176958898733,184,EleutherAI/pythia-1.4b
5308,18.076983369930403,395,EleutherAI/pythia-1.4b
5309,25.43783228554596,397,EleutherAI/pythia-1.4b
5310,9.53162358111911,153,EleutherAI/pythia-1.4b
5311,25.21830341633432,143,EleutherAI/pythia-1.4b
5312,5.249905304164162,168,EleutherAI/pythia-1.4b
5313,31.818441813487482,25,EleutherAI/pythia-1.4b
5314,17.703428405336513,543,EleutherAI/pythia-1.4b
5315,23.858643408877814,848,EleutherAI/pythia-1.4b
5316,35.35722101885267,244,EleutherAI/pythia-1.4b
5317,3.73941237518814,178,EleutherAI/pythia-1.4b
5318,3.861193098967065,401,EleutherAI/pythia-1.4b
5319,17.693010251988387,76,EleutherAI/pythia-1.4b
5320,15.18655272265781,778,EleutherAI/pythia-1.4b
5321,3.333062382365679,542,EleutherAI/pythia-1.4b
5322,20.751460200213618,253,EleutherAI/pythia-1.4b
5323,21.379744853393774,52,EleutherAI/pythia-1.4b
5324,7.355157295864627,193,EleutherAI/pythia-1.4b
5325,19.374971519075437,571,EleutherAI/pythia-1.4b
5326,4.773516150632478,372,EleutherAI/pythia-1.4b
5327,3.979650002131292,221,EleutherAI/pythia-1.4b
5328,15.260865314099378,271,EleutherAI/pythia-1.4b
5329,13.31813746436703,588,EleutherAI/pythia-1.4b
5330,25.4523132070543,399,EleutherAI/pythia-1.4b
5331,18.50006416468199,202,EleutherAI/pythia-1.4b
5332,9.524835720965616,159,EleutherAI/pythia-1.4b
5333,20.19861509255054,473,EleutherAI/pythia-1.4b
5334,11.519879024880467,431,EleutherAI/pythia-1.4b
5335,3.4067964110882234,491,EleutherAI/pythia-1.4b
5336,19.89837395632328,700,EleutherAI/pythia-1.4b
5337,12.087962826973994,602,EleutherAI/pythia-1.4b
5338,20.470862602522743,2735,EleutherAI/pythia-1.4b
5339,84.31154559792995,38,EleutherAI/pythia-1.4b
5340,22.223701048557505,390,EleutherAI/pythia-1.4b
5341,19.178552013879873,396,EleutherAI/pythia-1.4b
5342,6.81957275811419,253,EleutherAI/pythia-1.4b
5343,24.068327367342622,295,EleutherAI/pythia-1.4b
5344,54.80993323211151,19,EleutherAI/pythia-1.4b
5345,6.351631627107971,175,EleutherAI/pythia-1.4b
5346,14.785816334529295,1155,EleutherAI/pythia-1.4b
5347,14.287778424642138,3,EleutherAI/pythia-1.4b
5348,25.21018783117449,795,EleutherAI/pythia-1.4b
5349,4.617510046993072,544,EleutherAI/pythia-1.4b
5350,18.727752302679676,944,EleutherAI/pythia-1.4b
5351,16.741878815156447,942,EleutherAI/pythia-1.4b
5352,13.452050987070407,522,EleutherAI/pythia-1.4b
5353,10.803930382356052,944,EleutherAI/pythia-1.4b
5354,10.858718229518367,904,EleutherAI/pythia-1.4b
5355,18.776771086283485,512,EleutherAI/pythia-1.4b
5356,17.437777995457147,624,EleutherAI/pythia-1.4b
5357,12.573418945533076,363,EleutherAI/pythia-1.4b
5358,6.248094784006774,369,EleutherAI/pythia-1.4b
5359,5.119015357959508,465,EleutherAI/pythia-1.4b
5360,45.35273709092408,211,EleutherAI/pythia-1.4b
5361,139.2035050855253,54,EleutherAI/pythia-1.4b
5362,6.267130318143277,200,EleutherAI/pythia-1.4b
5363,16.405000593998732,780,EleutherAI/pythia-1.4b
5364,5.296128565197427,94,EleutherAI/pythia-1.4b
5365,11.55131218771468,569,EleutherAI/pythia-1.4b
5366,3.8714416864806815,533,EleutherAI/pythia-1.4b
5367,6.267216235249764,129,EleutherAI/pythia-1.4b
5368,13.075932975883592,68,EleutherAI/pythia-1.4b
5369,14.60858532965048,477,EleutherAI/pythia-1.4b
5370,8.12553419151046,346,EleutherAI/pythia-1.4b
5371,26.269718330992884,237,EleutherAI/pythia-1.4b
5372,6.811671337879368,549,EleutherAI/pythia-1.4b
5373,24.104517544726363,948,EleutherAI/pythia-1.4b
5374,14.801487155852149,364,EleutherAI/pythia-1.4b
5375,26.609609537220216,136,EleutherAI/pythia-1.4b
5376,14.897125855212138,673,EleutherAI/pythia-1.4b
5377,12.568983077912534,1483,EleutherAI/pythia-1.4b
5378,16.58270533888526,2225,EleutherAI/pythia-1.4b
5379,39.7185655183079,38,EleutherAI/pythia-1.4b
5380,11.404365270394244,1078,EleutherAI/pythia-1.4b
5381,33.04760584837577,258,EleutherAI/pythia-1.4b
5382,21.998165689078494,758,EleutherAI/pythia-1.4b
5383,12.463632316944409,1344,EleutherAI/pythia-1.4b
5384,5.102344723932478,195,EleutherAI/pythia-1.4b
5385,20.87714049639697,650,EleutherAI/pythia-1.4b
5386,24.226650073795287,502,EleutherAI/pythia-1.4b
5387,6.274729942288487,363,EleutherAI/pythia-1.4b
5388,15.537905529333962,422,EleutherAI/pythia-1.4b
5389,35.598840613716824,109,EleutherAI/pythia-1.4b
5390,10.117274104615504,398,EleutherAI/pythia-1.4b
5391,12.546943868213143,123,EleutherAI/pythia-1.4b
5392,10.755592109835591,1040,EleutherAI/pythia-1.4b
5393,20.023603729269965,524,EleutherAI/pythia-1.4b
5394,4.6345851265304105,495,EleutherAI/pythia-1.4b
5395,148.68544425681537,28,EleutherAI/pythia-1.4b
5396,13.982464815298746,637,EleutherAI/pythia-1.4b
5397,9.74741939960762,624,EleutherAI/pythia-1.4b
5398,12.351473264896285,288,EleutherAI/pythia-1.4b
5399,3.718883594976725,235,EleutherAI/pythia-1.4b
5400,31.35972587197963,189,EleutherAI/pythia-1.4b
5401,19.349913887505288,742,EleutherAI/pythia-1.4b
5402,12.04942008313844,706,EleutherAI/pythia-1.4b
5403,20.65989595234401,950,EleutherAI/pythia-1.4b
5404,4.3490719507491695,363,EleutherAI/pythia-1.4b
5405,6.766120090079133,969,EleutherAI/pythia-1.4b
5406,15.365753836914724,386,EleutherAI/pythia-1.4b
5407,8.683841291713886,1033,EleutherAI/pythia-1.4b
5408,4.776367929963543,284,EleutherAI/pythia-1.4b
5409,16.698331583970585,299,EleutherAI/pythia-1.4b
5410,22.348870003426907,1193,EleutherAI/pythia-1.4b
5411,23.524236384613047,396,EleutherAI/pythia-1.4b
5412,15.025732663171148,244,EleutherAI/pythia-1.4b
5413,15.568045105248894,487,EleutherAI/pythia-1.4b
5414,4.042955059240926,335,EleutherAI/pythia-1.4b
5415,24.653129282676147,438,EleutherAI/pythia-1.4b
5416,9.001931754790004,173,EleutherAI/pythia-1.4b
5417,3.3704593084864682,452,EleutherAI/pythia-1.4b
5418,10.189144796358496,1015,EleutherAI/pythia-1.4b
5419,55.56136039719607,121,EleutherAI/pythia-1.4b
5420,15.913173729526845,414,EleutherAI/pythia-1.4b
5421,17.200640523226735,356,EleutherAI/pythia-1.4b
5422,12.693768843932347,650,EleutherAI/pythia-1.4b
5423,16.765633548080007,1106,EleutherAI/pythia-1.4b
5424,16.30735059616484,496,EleutherAI/pythia-1.4b
5425,26.137635162776675,432,EleutherAI/pythia-1.4b
5426,15.60556739898923,1315,EleutherAI/pythia-1.4b
5427,7.14141823084067,611,EleutherAI/pythia-1.4b
5428,6.499684085031816,702,EleutherAI/pythia-1.4b
5429,14.276252169235725,279,EleutherAI/pythia-1.4b
5430,43.79352349039965,108,EleutherAI/pythia-1.4b
5431,3.7711034969197272,496,EleutherAI/pythia-1.4b
5432,25.421074557276103,1010,EleutherAI/pythia-1.4b
5433,7.451420845697576,786,EleutherAI/pythia-1.4b
5434,35.73883515285163,221,EleutherAI/pythia-1.4b
5435,11.956086878815148,270,EleutherAI/pythia-1.4b
5436,19.460994122280393,188,EleutherAI/pythia-1.4b
5437,11.982520731985103,766,EleutherAI/pythia-1.4b
5438,9.400704610970328,1145,EleutherAI/pythia-1.4b
5439,46.42228025727316,110,EleutherAI/pythia-1.4b
5440,9.784932815375331,749,EleutherAI/pythia-1.4b
5441,18.33357946053321,541,EleutherAI/pythia-1.4b
5442,15.581595032685494,463,EleutherAI/pythia-1.4b
5443,27.884729901378392,989,EleutherAI/pythia-1.4b
5444,14.61298845219247,390,EleutherAI/pythia-1.4b
5445,19.17001701293682,192,EleutherAI/pythia-1.4b
5446,53.14566435109684,230,EleutherAI/pythia-1.4b
5447,6.395370501218591,88,EleutherAI/pythia-1.4b
5448,4.637526387811433,187,EleutherAI/pythia-1.4b
5449,13.036533681069654,344,EleutherAI/pythia-1.4b
5450,26.50267103126312,10,EleutherAI/pythia-1.4b
5451,3.109466075922736,323,EleutherAI/pythia-1.4b
5452,4.558789196550008,342,EleutherAI/pythia-1.4b
5453,10.00460524260434,707,EleutherAI/pythia-1.4b
5454,9.392131057752131,209,EleutherAI/pythia-1.4b
5455,15.528795068899898,481,EleutherAI/pythia-1.4b
5456,6.4297954206991434,275,EleutherAI/pythia-1.4b
5457,21.042000656232233,508,EleutherAI/pythia-1.4b
5458,41.16135097591065,106,EleutherAI/pythia-1.4b
5459,6.1493603966587305,160,EleutherAI/pythia-1.4b
5460,12.00377370065869,1732,EleutherAI/pythia-1.4b
5461,9.058613197749333,1040,EleutherAI/pythia-1.4b
5462,5.089964304943749,261,EleutherAI/pythia-1.4b
5463,23.65600267609658,59,EleutherAI/pythia-1.4b
5464,24.437179403292404,508,EleutherAI/pythia-1.4b
5465,10.108020522214062,1236,EleutherAI/pythia-1.4b
5466,4.867484859622033,237,EleutherAI/pythia-1.4b
5467,4.551322879551979,275,EleutherAI/pythia-1.4b
5468,9.79837727064931,817,EleutherAI/pythia-1.4b
5469,30.31657299972079,64,EleutherAI/pythia-1.4b
5470,6.727079134645843,559,EleutherAI/pythia-1.4b
5471,27.238878242584217,316,EleutherAI/pythia-1.4b
5472,36.37998270672277,246,EleutherAI/pythia-1.4b
5473,15.442441721577374,77,EleutherAI/pythia-1.4b
5474,6.372706091959887,200,EleutherAI/pythia-1.4b
5475,28.811813220674093,715,EleutherAI/pythia-1.4b
5476,11.294578632429598,613,EleutherAI/pythia-1.4b
5477,4.092555349174593,242,EleutherAI/pythia-1.4b
5478,23.34917868811588,321,EleutherAI/pythia-1.4b
5479,4.892389412952374,481,EleutherAI/pythia-1.4b
5480,5.2820996917104255,274,EleutherAI/pythia-1.4b
5481,24.228746882834916,391,EleutherAI/pythia-1.4b
5482,8.284306609437433,182,EleutherAI/pythia-1.4b
5483,24.385235161104454,241,EleutherAI/pythia-1.4b
5484,16.58380107651093,128,EleutherAI/pythia-1.4b
5485,4.967510768819831,473,EleutherAI/pythia-1.4b
5486,10.924139771973906,792,EleutherAI/pythia-1.4b
5487,38.036400373883104,99,EleutherAI/pythia-1.4b
5488,38.83581951860615,224,EleutherAI/pythia-1.4b
5489,10.218272136319566,1035,EleutherAI/pythia-1.4b
5490,25.927479294093718,288,EleutherAI/pythia-1.4b
5491,9.41003081171934,258,EleutherAI/pythia-1.4b
5492,10.937252237574441,5269,EleutherAI/pythia-1.4b
5493,15.620419884629975,451,EleutherAI/pythia-1.4b
5494,6.161666858548794,724,EleutherAI/pythia-1.4b
5495,4.767905796884608,165,EleutherAI/pythia-1.4b
5496,4.272123480207336,475,EleutherAI/pythia-1.4b
5497,42.46451010205488,136,EleutherAI/pythia-1.4b
5498,26.146024374089528,132,EleutherAI/pythia-1.4b
5499,46.71584073408788,41,EleutherAI/pythia-1.4b
5500,18.831543039965837,621,EleutherAI/pythia-1.4b
5501,25.287686878526678,287,EleutherAI/pythia-1.4b
5502,17.84364793343926,582,EleutherAI/pythia-1.4b
5503,14.084022360188994,1479,EleutherAI/pythia-1.4b
5504,10.500496568612744,141,EleutherAI/pythia-1.4b
5505,144.57312000899594,340,EleutherAI/pythia-1.4b
5506,48.45979299270539,155,EleutherAI/pythia-1.4b
5507,5.287842932274158,216,EleutherAI/pythia-1.4b
5508,9.07319670135439,1102,EleutherAI/pythia-1.4b
5509,11.677565197324212,364,EleutherAI/pythia-1.4b
5510,20.823323584996523,391,EleutherAI/pythia-1.4b
5511,15.836741911765507,40,EleutherAI/pythia-1.4b
5512,13.086973745018843,384,EleutherAI/pythia-1.4b
5513,18.34116045586751,478,EleutherAI/pythia-1.4b
5514,21.542281303499877,637,EleutherAI/pythia-1.4b
5515,30.9639288878898,597,EleutherAI/pythia-1.4b
5516,8.754839959192648,738,EleutherAI/pythia-1.4b
5517,16.911887177671158,606,EleutherAI/pythia-1.4b
5518,22.937621117852434,401,EleutherAI/pythia-1.4b
5519,14.880676351884375,2747,EleutherAI/pythia-1.4b
5520,5.666046377968473,349,EleutherAI/pythia-1.4b
5521,5.979655633235531,165,EleutherAI/pythia-1.4b
5522,4.163031536559772,315,EleutherAI/pythia-1.4b
5523,1.4675701048446161,546,EleutherAI/pythia-1.4b
5524,4.049483140827433,197,EleutherAI/pythia-1.4b
5525,5.374286618404696,185,EleutherAI/pythia-1.4b
5526,7.386200073522711,1057,EleutherAI/pythia-1.4b
5527,8.73575558220683,657,EleutherAI/pythia-1.4b
5528,27.71786841398291,334,EleutherAI/pythia-1.4b
5529,21.270239992148085,250,EleutherAI/pythia-1.4b
5530,11.589985773857004,273,EleutherAI/pythia-1.4b
5531,31.616430532077633,814,EleutherAI/pythia-1.4b
5532,10.131230751121715,1043,EleutherAI/pythia-1.4b
5533,70.32079040558781,12,EleutherAI/pythia-1.4b
5534,25.113159954977334,186,EleutherAI/pythia-1.4b
5535,18.176920469020693,780,EleutherAI/pythia-1.4b
5536,3.696191450489437,586,EleutherAI/pythia-1.4b
5537,8.336759653669317,1057,EleutherAI/pythia-1.4b
5538,10.47936567345789,341,EleutherAI/pythia-1.4b
5539,4.161937400536214,536,EleutherAI/pythia-1.4b
5540,13.388372114685637,573,EleutherAI/pythia-1.4b
5541,6.050359016697932,588,EleutherAI/pythia-1.4b
5542,19.9819033628538,544,EleutherAI/pythia-1.4b
5543,3.0692420303143337,576,EleutherAI/pythia-1.4b
5544,9.264031369730754,162,EleutherAI/pythia-1.4b
5545,20.258114154716324,513,EleutherAI/pythia-1.4b
5546,15.994664250315637,355,EleutherAI/pythia-1.4b
5547,13.450059451579431,734,EleutherAI/pythia-1.4b
5548,17.759883142805002,173,EleutherAI/pythia-1.4b
5549,25.704625631829742,94,EleutherAI/pythia-1.4b
5550,9.71822307407386,166,EleutherAI/pythia-1.4b
5551,26.205342860853417,240,EleutherAI/pythia-1.4b
5552,12.822162480485286,386,EleutherAI/pythia-1.4b
5553,23.97193895136217,196,EleutherAI/pythia-1.4b
5554,11.206972091111393,934,EleutherAI/pythia-1.4b
5555,14.180673633492336,577,EleutherAI/pythia-1.4b
5556,7.892214145817946,30,EleutherAI/pythia-1.4b
5557,8.730194284013363,683,EleutherAI/pythia-1.4b
5558,19.027366163486406,679,EleutherAI/pythia-1.4b
5559,6.2403310248463715,436,EleutherAI/pythia-1.4b
5560,29.417097744702644,839,EleutherAI/pythia-1.4b
5561,5.335468654435235,88,EleutherAI/pythia-1.4b
5562,27.85403195319299,482,EleutherAI/pythia-1.4b
5563,18.30539029444745,382,EleutherAI/pythia-1.4b
5564,12.816129299886041,358,EleutherAI/pythia-1.4b
5565,5.736766194884517,340,EleutherAI/pythia-1.4b
5566,8.346855013676057,745,EleutherAI/pythia-1.4b
5567,9.15963925364106,284,EleutherAI/pythia-1.4b
5568,18.544918532102127,390,EleutherAI/pythia-1.4b
5569,9.500769679111306,510,EleutherAI/pythia-1.4b
5570,17.077159207931714,623,EleutherAI/pythia-1.4b
5571,34.19788699588102,375,EleutherAI/pythia-1.4b
5572,20.500830017698128,364,EleutherAI/pythia-1.4b
5573,3.9095863396481225,1045,EleutherAI/pythia-1.4b
5574,4.210829340298369,243,EleutherAI/pythia-1.4b
5575,19.081704414155766,1045,EleutherAI/pythia-1.4b
5576,8.700285379218174,1029,EleutherAI/pythia-1.4b
5577,10.213666271452043,851,EleutherAI/pythia-1.4b
5578,9.903785058059668,282,EleutherAI/pythia-1.4b
5579,53.79822421367021,211,EleutherAI/pythia-1.4b
5580,3.811111596356562,461,EleutherAI/pythia-1.4b
5581,10.54810332348563,887,EleutherAI/pythia-1.4b
5582,19.55190584304454,1036,EleutherAI/pythia-1.4b
5583,37.36061786104312,1372,EleutherAI/pythia-1.4b
5584,21.206984551345695,396,EleutherAI/pythia-1.4b
5585,7.968085267731656,1033,EleutherAI/pythia-1.4b
5586,17.861218151919267,455,EleutherAI/pythia-1.4b
5587,6.992968623429567,1052,EleutherAI/pythia-1.4b
5588,6.005701279892909,199,EleutherAI/pythia-1.4b
5589,5.586220494340309,70,EleutherAI/pythia-1.4b
5590,20.32114090349391,209,EleutherAI/pythia-1.4b
5591,4.161468077045747,247,EleutherAI/pythia-1.4b
5592,5.002958011419434,225,EleutherAI/pythia-1.4b
5593,11.288545595697965,242,EleutherAI/pythia-1.4b
5594,51.722730209020845,524,EleutherAI/pythia-1.4b
5595,33.43623582462142,198,EleutherAI/pythia-1.4b
5596,6.967903976722046,426,EleutherAI/pythia-1.4b
5597,22.064675325624766,325,EleutherAI/pythia-1.4b
5598,17.59867055160559,1042,EleutherAI/pythia-1.4b
5599,24.778674873616726,6529,EleutherAI/pythia-1.4b
5600,3.286459979105973,521,EleutherAI/pythia-1.4b
5601,20.896138290498797,1212,EleutherAI/pythia-1.4b
5602,3.6393849036940344,264,EleutherAI/pythia-1.4b
5603,7.010273584688213,1040,EleutherAI/pythia-1.4b
5604,3.5092938803819007,415,EleutherAI/pythia-1.4b
5605,3.91799094760366,480,EleutherAI/pythia-1.4b
5606,19.806786235565333,738,EleutherAI/pythia-1.4b
5607,5.09768221013346,169,EleutherAI/pythia-1.4b
5608,16.515768100352442,365,EleutherAI/pythia-1.4b
5609,15.329509868225019,71,EleutherAI/pythia-1.4b
5610,16.364264667117858,1005,EleutherAI/pythia-1.4b
5611,22.911823112518377,242,EleutherAI/pythia-1.4b
5612,6.1935652193014,201,EleutherAI/pythia-1.4b
5613,8.976864441589537,184,EleutherAI/pythia-1.4b
5614,5.558163001374443,184,EleutherAI/pythia-1.4b
5615,36.64910219381212,350,EleutherAI/pythia-1.4b
5616,17.914220608060575,439,EleutherAI/pythia-1.4b
5617,7.319080567182783,184,EleutherAI/pythia-1.4b
5618,3.4043987000100278,485,EleutherAI/pythia-1.4b
5619,15.071898357721814,863,EleutherAI/pythia-1.4b
5620,5.631777017112515,152,EleutherAI/pythia-1.4b
5621,344.5429912633675,14,EleutherAI/pythia-1.4b
5622,9.720058315250299,713,EleutherAI/pythia-1.4b
5623,3.978119845685034,569,EleutherAI/pythia-1.4b
5624,11.374167183773046,609,EleutherAI/pythia-1.4b
5625,3.882098790185944,260,EleutherAI/pythia-1.4b
5626,1.0673882168044415,1038,EleutherAI/pythia-1.4b
5627,12.79645716094273,225,EleutherAI/pythia-1.4b
5628,19.866078353284266,644,EleutherAI/pythia-1.4b
5629,2.4078046432268008,510,EleutherAI/pythia-1.4b
5630,5.06294576350199,418,EleutherAI/pythia-1.4b
5631,4.831500903829357,209,EleutherAI/pythia-1.4b
5632,4.974210988384827,461,EleutherAI/pythia-1.4b
5633,5.481417864853081,202,EleutherAI/pythia-1.4b
5634,5.052804220487615,232,EleutherAI/pythia-1.4b
5635,14.630324699072133,162,EleutherAI/pythia-1.4b
5636,5.3684258106814084,166,EleutherAI/pythia-1.4b
5637,22.85457564408386,614,EleutherAI/pythia-1.4b
5638,11.084556841714871,1425,EleutherAI/pythia-1.4b
5639,5.858575859082934,274,EleutherAI/pythia-1.4b
5640,16.21454919189027,437,EleutherAI/pythia-1.4b
5641,38.85624138005635,283,EleutherAI/pythia-1.4b
5642,40.97035118697524,419,EleutherAI/pythia-1.4b
5643,12.83948313910155,1337,EleutherAI/pythia-1.4b
5644,10.633509985221108,374,EleutherAI/pythia-1.4b
5645,4.00592910687891,480,EleutherAI/pythia-1.4b
5646,20.566607512462806,103,EleutherAI/pythia-1.4b
5647,21.065181015275787,390,EleutherAI/pythia-1.4b
5648,11.7833153776064,392,EleutherAI/pythia-1.4b
5649,14.864060280964303,115,EleutherAI/pythia-1.4b
5650,4.78458783915681,111,EleutherAI/pythia-1.4b
5651,5.742393832011984,450,EleutherAI/pythia-1.4b
5652,17.138909202364186,368,EleutherAI/pythia-1.4b
5653,4.353556778346956,496,EleutherAI/pythia-1.4b
5654,15.496669704273414,492,EleutherAI/pythia-1.4b
5655,20.846546343975103,397,EleutherAI/pythia-1.4b
5656,14.222184548459282,502,EleutherAI/pythia-1.4b
5657,17.333691148908237,777,EleutherAI/pythia-1.4b
5658,31.847358015158576,228,EleutherAI/pythia-1.4b
5659,30.82604610423344,250,EleutherAI/pythia-1.4b
5660,6.588449504905705,208,EleutherAI/pythia-1.4b
5661,5.538624672182262,221,EleutherAI/pythia-1.4b
5662,6.070130668172463,253,EleutherAI/pythia-1.4b
5663,4.814617986790048,386,EleutherAI/pythia-1.4b
5664,17.7292364469046,1196,EleutherAI/pythia-1.4b
5665,10.389158948075075,364,EleutherAI/pythia-1.4b
5666,7.9285947784834265,521,EleutherAI/pythia-1.4b
5667,21.9617080584984,36,EleutherAI/pythia-1.4b
5668,6.511208931021872,115,EleutherAI/pythia-1.4b
5669,18.551914590244767,418,EleutherAI/pythia-1.4b
5670,7.685537051591253,438,EleutherAI/pythia-1.4b
5671,6.564916933960384,311,EleutherAI/pythia-1.4b
5672,17.671821560917934,370,EleutherAI/pythia-1.4b
5673,5.672583729390515,361,EleutherAI/pythia-1.4b
5674,24.695432537414476,477,EleutherAI/pythia-1.4b
5675,22.77736389076021,66,EleutherAI/pythia-1.4b
5676,12.104866006466942,578,EleutherAI/pythia-1.4b
5677,6.564529558843317,585,EleutherAI/pythia-1.4b
5678,4.898675291577502,142,EleutherAI/pythia-1.4b
5679,9.96142012781552,385,EleutherAI/pythia-1.4b
5680,5.2461528726366495,173,EleutherAI/pythia-1.4b
5681,23.305191735054933,252,EleutherAI/pythia-1.4b
5682,23.527798124755915,243,EleutherAI/pythia-1.4b
5683,29.60340490306272,238,EleutherAI/pythia-1.4b
5684,7.2264991848366655,507,EleutherAI/pythia-1.4b
5685,17.490649799382847,1162,EleutherAI/pythia-1.4b
5686,7.846347236690833,304,EleutherAI/pythia-1.4b
5687,35.6259597735874,298,EleutherAI/pythia-1.4b
5688,6.551011591543847,170,EleutherAI/pythia-1.4b
5689,11.525040954477966,601,EleutherAI/pythia-1.4b
5690,9.05681863018821,1123,EleutherAI/pythia-1.4b
5691,53.5365990685597,58,EleutherAI/pythia-1.4b
5692,21.545774121095423,528,EleutherAI/pythia-1.4b
5693,20.678562943536605,428,EleutherAI/pythia-1.4b
5694,59.65840046032021,194,EleutherAI/pythia-1.4b
5695,6.301564281035525,708,EleutherAI/pythia-1.4b
5696,15.655175469809324,146,EleutherAI/pythia-1.4b
5697,5.579208001648248,220,EleutherAI/pythia-1.4b
5698,4.657724998021062,473,EleutherAI/pythia-1.4b
5699,5.465744783743792,855,EleutherAI/pythia-1.4b
5700,9.274577366318697,1048,EleutherAI/pythia-1.4b
5701,28.989939123057134,719,EleutherAI/pythia-1.4b
5702,40.38014768215254,11,EleutherAI/pythia-1.4b
5703,6.246200965994958,256,EleutherAI/pythia-1.4b
5704,16.357387689166952,341,EleutherAI/pythia-1.4b
5705,17.092313996217207,1666,EleutherAI/pythia-1.4b
5706,9.736732695115256,685,EleutherAI/pythia-1.4b
5707,9.561207562226873,185,EleutherAI/pythia-1.4b
5708,29.95763114104766,231,EleutherAI/pythia-1.4b
5709,3.8187650205313433,129,EleutherAI/pythia-1.4b
5710,4.442861609740101,277,EleutherAI/pythia-1.4b
5711,9.040172680636894,523,EleutherAI/pythia-1.4b
5712,9.544815567902045,211,EleutherAI/pythia-1.4b
5713,14.282662819968417,770,EleutherAI/pythia-1.4b
5714,6.252049597735372,735,EleutherAI/pythia-1.4b
5715,10.72302320479114,221,EleutherAI/pythia-1.4b
5716,19.78416515119152,198,EleutherAI/pythia-1.4b
5717,33.88407586855834,61,EleutherAI/pythia-1.4b
5718,4.946033603979966,113,EleutherAI/pythia-1.4b
5719,19.86070321871974,621,EleutherAI/pythia-1.4b
5720,11.271228972973606,727,EleutherAI/pythia-1.4b
5721,74.60302052051405,36,EleutherAI/pythia-1.4b
5722,22.40678988387609,102,EleutherAI/pythia-1.4b
5723,19.990118285323803,215,EleutherAI/pythia-1.4b
5724,14.007806856377371,2195,EleutherAI/pythia-1.4b
5725,43.65350175624895,71,EleutherAI/pythia-1.4b
5726,30.53222584887356,453,EleutherAI/pythia-1.4b
5727,3.8018887219671744,277,EleutherAI/pythia-1.4b
5728,17.20301103697232,267,EleutherAI/pythia-1.4b
5729,3.983126582201195,633,EleutherAI/pythia-1.4b
5730,6.716248171041785,147,EleutherAI/pythia-1.4b
5731,14.289849709636647,92,EleutherAI/pythia-1.4b
5732,4.663426955399775,189,EleutherAI/pythia-1.4b
5733,10.951793021211435,1184,EleutherAI/pythia-1.4b
5734,4.242754067552335,442,EleutherAI/pythia-1.4b
5735,21.279207799748843,584,EleutherAI/pythia-1.4b
5736,5.421418226724961,561,EleutherAI/pythia-1.4b
5737,18.634136306652017,340,EleutherAI/pythia-1.4b
5738,65.86343597648312,90,EleutherAI/pythia-1.4b
5739,15.095511234963618,438,EleutherAI/pythia-1.4b
5740,8.598255663617161,1026,EleutherAI/pythia-1.4b
5741,25.621144773756228,203,EleutherAI/pythia-1.4b
5742,25.370419966870763,714,EleutherAI/pythia-1.4b
5743,4.130417913394362,564,EleutherAI/pythia-1.4b
5744,3.941448498739457,530,EleutherAI/pythia-1.4b
5745,10.182016523680362,7779,EleutherAI/pythia-1.4b
5746,26.457051202775567,494,EleutherAI/pythia-1.4b
5747,20.489395805259324,194,EleutherAI/pythia-1.4b
5748,10.215758260446112,1036,EleutherAI/pythia-1.4b
5749,12.250682103456189,482,EleutherAI/pythia-1.4b
5750,19.06942944472914,407,EleutherAI/pythia-1.4b
5751,10.95223953028252,1029,EleutherAI/pythia-1.4b
5752,11.817563407290063,200,EleutherAI/pythia-1.4b
5753,5.041522935477308,219,EleutherAI/pythia-1.4b
5754,25.852672696218104,233,EleutherAI/pythia-1.4b
5755,19.311122012861965,63,EleutherAI/pythia-1.4b
5756,8.1202219743256,616,EleutherAI/pythia-1.4b
5757,16.0376572822431,866,EleutherAI/pythia-1.4b
5758,9.632696367199998,286,EleutherAI/pythia-1.4b
5759,17.11698016470106,531,EleutherAI/pythia-1.4b
5760,23.293365181049275,269,EleutherAI/pythia-1.4b
5761,22.873278658858748,266,EleutherAI/pythia-1.4b
5762,15.189956615014909,624,EleutherAI/pythia-1.4b
5763,21.506143372706195,1001,EleutherAI/pythia-1.4b
5764,25.391139443781555,596,EleutherAI/pythia-1.4b
5765,14.658298395886009,196,EleutherAI/pythia-1.4b
5766,12.351214123392703,824,EleutherAI/pythia-1.4b
5767,20.9681127627623,212,EleutherAI/pythia-1.4b
5768,4.53950663973695,561,EleutherAI/pythia-1.4b
5769,21.592431777466647,217,EleutherAI/pythia-1.4b
5770,56.74589271385229,177,EleutherAI/pythia-1.4b
5771,5.924682629656836,87,EleutherAI/pythia-1.4b
5772,21.4124998646748,264,EleutherAI/pythia-1.4b
5773,3.3708988954754346,518,EleutherAI/pythia-1.4b
5774,4.633352695049641,608,EleutherAI/pythia-1.4b
5775,3.8743558452847244,380,EleutherAI/pythia-1.4b
5776,13.288896600055843,206,EleutherAI/pythia-1.4b
5777,10.106116848985316,1023,EleutherAI/pythia-1.4b
5778,59.29730612754086,74,EleutherAI/pythia-1.4b
5779,16.074452596205333,130,EleutherAI/pythia-1.4b
5780,23.486195896289694,235,EleutherAI/pythia-1.4b
5781,13.939778999519094,546,EleutherAI/pythia-1.4b
5782,5.443185332233061,523,EleutherAI/pythia-1.4b
5783,4.565315263499935,178,EleutherAI/pythia-1.4b
5784,48.6536350556235,232,EleutherAI/pythia-1.4b
5785,18.77917972207946,1283,EleutherAI/pythia-1.4b
5786,6.128390373609748,230,EleutherAI/pythia-1.4b
5787,8.29274274301006,714,EleutherAI/pythia-1.4b
5788,9.32097855333858,342,EleutherAI/pythia-1.4b
5789,14.2908956863747,521,EleutherAI/pythia-1.4b
5790,22.602819509016054,275,EleutherAI/pythia-1.4b
5791,18.687877319585347,406,EleutherAI/pythia-1.4b
5792,33.54578027581255,417,EleutherAI/pythia-1.4b
5793,123.78914488928454,28,EleutherAI/pythia-1.4b
5794,28.776142584962198,355,EleutherAI/pythia-1.4b
5795,26.597088983042415,677,EleutherAI/pythia-1.4b
5796,6.292250969617757,201,EleutherAI/pythia-1.4b
5797,20.240980051327337,407,EleutherAI/pythia-1.4b
5798,4.181937138760242,68,EleutherAI/pythia-1.4b
5799,27.354904225496334,655,EleutherAI/pythia-1.4b
5800,3.2352161760761127,513,EleutherAI/pythia-1.4b
5801,17.533529158889106,234,EleutherAI/pythia-1.4b
5802,15.31089611375274,399,EleutherAI/pythia-1.4b
5803,28.32367063541672,1695,EleutherAI/pythia-1.4b
5804,3.8416106320699663,245,EleutherAI/pythia-1.4b
5805,4.781808106278515,215,EleutherAI/pythia-1.4b
5806,3.3769488323854375,193,EleutherAI/pythia-1.4b
5807,7.6077550546768675,89,EleutherAI/pythia-1.4b
5808,16.94776659291078,397,EleutherAI/pythia-1.4b
5809,16.100710960024877,399,EleutherAI/pythia-1.4b
5810,61.63063551436587,19,EleutherAI/pythia-1.4b
5811,20.352220696125745,761,EleutherAI/pythia-1.4b
5812,9.668645575674988,829,EleutherAI/pythia-1.4b
5813,4.067820713044657,367,EleutherAI/pythia-1.4b
5814,9.949772878005362,606,EleutherAI/pythia-1.4b
5815,12.990595514129417,101,EleutherAI/pythia-1.4b
5816,22.724580494253832,919,EleutherAI/pythia-1.4b
5817,21.208804839547426,1400,EleutherAI/pythia-1.4b
5818,10.302472047785894,71,EleutherAI/pythia-1.4b
5819,11.621547311689215,1683,EleutherAI/pythia-1.4b
5820,13.352029121095319,338,EleutherAI/pythia-1.4b
5821,23.83789566859527,518,EleutherAI/pythia-1.4b
5822,59.97340160678695,47,EleutherAI/pythia-1.4b
5823,13.970661907239721,1038,EleutherAI/pythia-1.4b
5824,17.54907429206172,515,EleutherAI/pythia-1.4b
5825,5.911888832205513,129,EleutherAI/pythia-1.4b
5826,16.850111452942667,209,EleutherAI/pythia-1.4b
5827,21.33169544018803,222,EleutherAI/pythia-1.4b
5828,9.095713416032247,329,EleutherAI/pythia-1.4b
5829,8.13242413539532,138,EleutherAI/pythia-1.4b
5830,4.7263225908671505,458,EleutherAI/pythia-1.4b
5831,12.991828257947406,512,EleutherAI/pythia-1.4b
5832,23.742831990036116,249,EleutherAI/pythia-1.4b
5833,14.463434514473569,320,EleutherAI/pythia-1.4b
5834,2.776625386153027,468,EleutherAI/pythia-1.4b
5835,15.345628871415881,370,EleutherAI/pythia-1.4b
5836,20.11194515347498,872,EleutherAI/pythia-1.4b
5837,25.588100482486617,1231,EleutherAI/pythia-1.4b
5838,2.177177909936564,1358,EleutherAI/pythia-1.4b
5839,9.981751742637496,410,EleutherAI/pythia-1.4b
5840,10.694894454087393,447,EleutherAI/pythia-1.4b
5841,19.280280577919612,470,EleutherAI/pythia-1.4b
5842,7.582268182905521,964,EleutherAI/pythia-1.4b
5843,50.23282279064096,121,EleutherAI/pythia-1.4b
5844,37.868522492625765,441,EleutherAI/pythia-1.4b
5845,4.100035378632246,553,EleutherAI/pythia-1.4b
5846,7.550482376164108,318,EleutherAI/pythia-1.4b
5847,9.997881003125263,200,EleutherAI/pythia-1.4b
5848,13.631475017190285,644,EleutherAI/pythia-1.4b
5849,19.47147839491423,372,EleutherAI/pythia-1.4b
5850,16.32150507785592,1374,EleutherAI/pythia-1.4b
5851,3.505255873477814,415,EleutherAI/pythia-1.4b
5852,37.9305814336856,198,EleutherAI/pythia-1.4b
5853,3.4711455286479156,370,EleutherAI/pythia-1.4b
5854,20.325152907769997,811,EleutherAI/pythia-1.4b
5855,4.248923955147578,88,EleutherAI/pythia-1.4b
5856,6.12674902274087,1046,EleutherAI/pythia-1.4b
5857,8.445210869805534,778,EleutherAI/pythia-1.4b
5858,20.232787457718032,671,EleutherAI/pythia-1.4b
5859,15.345756925856248,311,EleutherAI/pythia-1.4b
5860,5.85035033576423,443,EleutherAI/pythia-1.4b
5861,5.256900565131133,131,EleutherAI/pythia-1.4b
5862,7.945430843895725,197,EleutherAI/pythia-1.4b
5863,9.85239409867469,230,EleutherAI/pythia-1.4b
5864,30.916393382800532,233,EleutherAI/pythia-1.4b
5865,5.615084266231169,108,EleutherAI/pythia-1.4b
5866,10.835357677692846,1150,EleutherAI/pythia-1.4b
5867,4.017016278334813,261,EleutherAI/pythia-1.4b
5868,19.118157399084176,355,EleutherAI/pythia-1.4b
5869,24.05991069981867,80,EleutherAI/pythia-1.4b
5870,12.462877563175057,344,EleutherAI/pythia-1.4b
5871,38.26221378212268,239,EleutherAI/pythia-1.4b
5872,9.964854951981819,191,EleutherAI/pythia-1.4b
5873,13.26727774808884,1042,EleutherAI/pythia-1.4b
5874,51.08622203968944,329,EleutherAI/pythia-1.4b
5875,20.764555504453767,1071,EleutherAI/pythia-1.4b
5876,12.921526405889312,390,EleutherAI/pythia-1.4b
5877,10.357860152429934,606,EleutherAI/pythia-1.4b
5878,12.793565222123336,1291,EleutherAI/pythia-1.4b
5879,27.001919990711315,396,EleutherAI/pythia-1.4b
5880,9.888064563515675,584,EleutherAI/pythia-1.4b
5881,6.988675096650058,1017,EleutherAI/pythia-1.4b
5882,25.767316434887423,157,EleutherAI/pythia-1.4b
5883,4.490915590462021,457,EleutherAI/pythia-1.4b
5884,12.943995212230199,1359,EleutherAI/pythia-1.4b
5885,18.27942341838557,217,EleutherAI/pythia-1.4b
5886,15.76578819803116,3300,EleutherAI/pythia-1.4b
5887,5.323501693938025,261,EleutherAI/pythia-1.4b
5888,88.2843351427712,27,EleutherAI/pythia-1.4b
5889,223.63549911775786,32,EleutherAI/pythia-1.4b
5890,7.728694762213435,367,EleutherAI/pythia-1.4b
5891,4.747184105624019,321,EleutherAI/pythia-1.4b
5892,4.260620680352188,227,EleutherAI/pythia-1.4b
5893,14.730099822659737,524,EleutherAI/pythia-1.4b
5894,15.896564699559297,76,EleutherAI/pythia-1.4b
5895,23.895612125676895,306,EleutherAI/pythia-1.4b
5896,35.702231502089276,303,EleutherAI/pythia-1.4b
5897,19.004004048335567,770,EleutherAI/pythia-1.4b
5898,13.590155556810128,172,EleutherAI/pythia-1.4b
5899,147.41831295321774,32,EleutherAI/pythia-1.4b
5900,20.228239057334683,1213,EleutherAI/pythia-1.4b
5901,55.20105340862669,89,EleutherAI/pythia-1.4b
5902,20.302714275577163,1055,EleutherAI/pythia-1.4b
5903,11.079726921175345,259,EleutherAI/pythia-1.4b
5904,25.178586008272205,258,EleutherAI/pythia-1.4b
5905,32.512406086926426,228,EleutherAI/pythia-1.4b
5906,15.378790366596133,528,EleutherAI/pythia-1.4b
5907,19.632642094894848,669,EleutherAI/pythia-1.4b
5908,4.16084057600945,284,EleutherAI/pythia-1.4b
5909,7.369066883701082,826,EleutherAI/pythia-1.4b
5910,3.0025932664872674,374,EleutherAI/pythia-1.4b
5911,7.413193571294371,1027,EleutherAI/pythia-1.4b
5912,4.4777597163888725,59,EleutherAI/pythia-1.4b
5913,9.804139824551493,330,EleutherAI/pythia-1.4b
5914,23.45289662986039,484,EleutherAI/pythia-1.4b
5915,18.870613256068545,310,EleutherAI/pythia-1.4b
5916,14.606951913599474,162,EleutherAI/pythia-1.4b
5917,20.6548821951214,251,EleutherAI/pythia-1.4b
5918,36.64452385852675,109,EleutherAI/pythia-1.4b
5919,15.471982970006154,159,EleutherAI/pythia-1.4b
5920,9.59768397010642,543,EleutherAI/pythia-1.4b
5921,40.03762249174776,264,EleutherAI/pythia-1.4b
5922,5.485541288851539,348,EleutherAI/pythia-1.4b
5923,18.717333788823467,701,EleutherAI/pythia-1.4b
5924,4.998656842100305,227,EleutherAI/pythia-1.4b
5925,16.928616599016095,93,EleutherAI/pythia-1.4b
5926,13.163745368623026,656,EleutherAI/pythia-1.4b
5927,18.221147750444317,1016,EleutherAI/pythia-1.4b
5928,26.0130249958847,546,EleutherAI/pythia-1.4b
5929,17.736203877603813,237,EleutherAI/pythia-1.4b
5930,11.296415296847083,177,EleutherAI/pythia-1.4b
5931,3.1868856241363512,545,EleutherAI/pythia-1.4b
5932,33.08640985351341,500,EleutherAI/pythia-1.4b
5933,4.90430329800007,621,EleutherAI/pythia-1.4b
5934,15.821238627590171,258,EleutherAI/pythia-1.4b
5935,16.95333554050252,485,EleutherAI/pythia-1.4b
5936,13.636877582362894,1035,EleutherAI/pythia-1.4b
5937,20.64952994886681,251,EleutherAI/pythia-1.4b
5938,19.648661598069133,86,EleutherAI/pythia-1.4b
5939,4.3682875863022,402,EleutherAI/pythia-1.4b
5940,11.410479248929384,645,EleutherAI/pythia-1.4b
5941,28.459442005308063,214,EleutherAI/pythia-1.4b
5942,15.597737925735567,3131,EleutherAI/pythia-1.4b
5943,18.877147087125014,547,EleutherAI/pythia-1.4b
5944,18.191340123436778,352,EleutherAI/pythia-1.4b
5945,18.385563800966388,835,EleutherAI/pythia-1.4b
5946,12.165009613322134,643,EleutherAI/pythia-1.4b
5947,4.959892975098026,229,EleutherAI/pythia-1.4b
5948,26.194754910562523,672,EleutherAI/pythia-1.4b
5949,33.84628913739375,557,EleutherAI/pythia-1.4b
5950,8.9713934869208,326,EleutherAI/pythia-1.4b
5951,23.830712936868945,105,EleutherAI/pythia-1.4b
5952,3.3116635221800967,486,EleutherAI/pythia-1.4b
5953,22.550112634319884,96,EleutherAI/pythia-1.4b
5954,13.640321127857053,1055,EleutherAI/pythia-1.4b
5955,14.826422519731647,391,EleutherAI/pythia-1.4b
5956,29.39327524203249,231,EleutherAI/pythia-1.4b
5957,21.558743591050668,586,EleutherAI/pythia-1.4b
5958,23.20077174663826,87,EleutherAI/pythia-1.4b
5959,11.610883536272684,1652,EleutherAI/pythia-1.4b
5960,14.927492273026578,570,EleutherAI/pythia-1.4b
5961,10.969766975396576,464,EleutherAI/pythia-1.4b
5962,17.41940741449428,448,EleutherAI/pythia-1.4b
5963,8.352743643921002,750,EleutherAI/pythia-1.4b
5964,6.613788126626722,762,EleutherAI/pythia-1.4b
5965,12.458810405605366,660,EleutherAI/pythia-1.4b
5966,17.559018352613013,87,EleutherAI/pythia-1.4b
5967,10.93360347781432,614,EleutherAI/pythia-1.4b
5968,15.8807946056501,460,EleutherAI/pythia-1.4b
5969,23.959397027830498,967,EleutherAI/pythia-1.4b
5970,21.37525967494141,172,EleutherAI/pythia-1.4b
5971,31.90377837870657,305,EleutherAI/pythia-1.4b
5972,20.890315111765087,227,EleutherAI/pythia-1.4b
5973,20.8708598386257,450,EleutherAI/pythia-1.4b
5974,18.600490867841867,115,EleutherAI/pythia-1.4b
5975,7.358099558519436,300,EleutherAI/pythia-1.4b
5976,18.639112822276104,535,EleutherAI/pythia-1.4b
5977,10.881109554233031,653,EleutherAI/pythia-1.4b
5978,6.740308740092166,344,EleutherAI/pythia-1.4b
5979,27.594512749817202,252,EleutherAI/pythia-1.4b
5980,11.339946874957871,428,EleutherAI/pythia-1.4b
5981,18.725470804130225,179,EleutherAI/pythia-1.4b
5982,38.20147022573797,1191,EleutherAI/pythia-1.4b
5983,21.521120780907182,958,EleutherAI/pythia-1.4b
5984,4.433072658749398,363,EleutherAI/pythia-1.4b
5985,18.980503180567755,125,EleutherAI/pythia-1.4b
5986,18.990420713054565,360,EleutherAI/pythia-1.4b
5987,28.92862089965411,1170,EleutherAI/pythia-1.4b
5988,6.69422195510134,202,EleutherAI/pythia-1.4b
5989,6.584532287399257,177,EleutherAI/pythia-1.4b
5990,29.437591554938624,227,EleutherAI/pythia-1.4b
5991,17.97926313348799,743,EleutherAI/pythia-1.4b
5992,19.202119549086326,332,EleutherAI/pythia-1.4b
5993,987.6068097614511,14,EleutherAI/pythia-1.4b
5994,3.8097384347190992,417,EleutherAI/pythia-1.4b
5995,45.20083243224353,77,EleutherAI/pythia-1.4b
5996,54.07440536355101,35,EleutherAI/pythia-1.4b
5997,9.176181384700579,1030,EleutherAI/pythia-1.4b
5998,5.788570457827808,555,EleutherAI/pythia-1.4b
5999,28.079341611639258,1317,EleutherAI/pythia-1.4b
6000,18.122168592954477,704,EleutherAI/pythia-1.4b
6001,7.694533776547958,423,EleutherAI/pythia-1.4b
6002,9.708466433161249,1042,EleutherAI/pythia-1.4b
6003,11.347054304122292,72,EleutherAI/pythia-1.4b
6004,13.863957516399708,820,EleutherAI/pythia-1.4b
6005,34.0723597214247,50,EleutherAI/pythia-1.4b
6006,40.99770120382279,45,EleutherAI/pythia-1.4b
6007,64.0664414455499,218,EleutherAI/pythia-1.4b
6008,4.236735058257889,288,EleutherAI/pythia-1.4b
6009,14.800830785792153,111,EleutherAI/pythia-1.4b
6010,4.9150173767206855,196,EleutherAI/pythia-1.4b
6011,5.910614073170822,28,EleutherAI/pythia-1.4b
6012,18.319475087764573,678,EleutherAI/pythia-1.4b
6013,9.638588983160016,819,EleutherAI/pythia-1.4b
6014,50.09886561414409,65,EleutherAI/pythia-1.4b
6015,20.172833720731354,201,EleutherAI/pythia-1.4b
6016,22.213350106376595,664,EleutherAI/pythia-1.4b
6017,14.921642437531117,813,EleutherAI/pythia-1.4b
6018,32.46200578055568,343,EleutherAI/pythia-1.4b
6019,15.756318942394113,125,EleutherAI/pythia-1.4b
6020,2.8147618506550454,540,EleutherAI/pythia-1.4b
6021,20.153734313199248,175,EleutherAI/pythia-1.4b
6022,14.340645648046754,126,EleutherAI/pythia-1.4b
6023,11.657678272678366,361,EleutherAI/pythia-1.4b
6024,16.054907505485343,634,EleutherAI/pythia-1.4b
6025,6.341836819084473,187,EleutherAI/pythia-1.4b
6026,10.714165800456115,1028,EleutherAI/pythia-1.4b
6027,6.903136278996655,967,EleutherAI/pythia-1.4b
6028,3.73892651451982,338,EleutherAI/pythia-1.4b
6029,21.206544671804025,687,EleutherAI/pythia-1.4b
6030,5.08041723278408,454,EleutherAI/pythia-1.4b
6031,24.088684112172647,498,EleutherAI/pythia-1.4b
6032,13.028072930333655,378,EleutherAI/pythia-1.4b
6033,5.632024754451836,198,EleutherAI/pythia-1.4b
6034,57.198101655347884,469,EleutherAI/pythia-1.4b
6035,11.799148328154898,1045,EleutherAI/pythia-1.4b
6036,9.613866486135075,895,EleutherAI/pythia-1.4b
6037,45.392015857720516,47,EleutherAI/pythia-1.4b
6038,9.809126956760188,487,EleutherAI/pythia-1.4b
6039,34.6723915266181,461,EleutherAI/pythia-1.4b
6040,18.548150173305622,1542,EleutherAI/pythia-1.4b
6041,7.34604857273388,1079,EleutherAI/pythia-1.4b
6042,14.016175549074037,109,EleutherAI/pythia-1.4b
6043,16.50152776762462,395,EleutherAI/pythia-1.4b
6044,5.298316636931345,263,EleutherAI/pythia-1.4b
6045,27.255924498378793,211,EleutherAI/pythia-1.4b
6046,4.230823439990826,376,EleutherAI/pythia-1.4b
6047,6.245533090857729,547,EleutherAI/pythia-1.4b
6048,4.190972694700491,471,EleutherAI/pythia-1.4b
6049,10.972968687559172,123,EleutherAI/pythia-1.4b
6050,29.275959421506094,242,EleutherAI/pythia-1.4b
6051,19.871440729417298,630,EleutherAI/pythia-1.4b
6052,12.962083061345586,613,EleutherAI/pythia-1.4b
6053,9.156473250072187,934,EleutherAI/pythia-1.4b
6054,23.153790608147098,704,EleutherAI/pythia-1.4b
6055,5.436036148509138,618,EleutherAI/pythia-1.4b
6056,20.787900372324557,1739,EleutherAI/pythia-1.4b
6057,8.468676466783107,1014,EleutherAI/pythia-1.4b
6058,15.378599705131954,575,EleutherAI/pythia-1.4b
6059,6.182913634792202,170,EleutherAI/pythia-1.4b
6060,4.78210453415853,172,EleutherAI/pythia-1.4b
6061,22.71051440156304,96,EleutherAI/pythia-1.4b
6062,4.766256079097714,563,EleutherAI/pythia-1.4b
6063,41.36059693962745,208,EleutherAI/pythia-1.4b
6064,7.927730947338911,257,EleutherAI/pythia-1.4b
6065,67.02500288957273,248,EleutherAI/pythia-1.4b
6066,18.503826924724,802,EleutherAI/pythia-1.4b
6067,9.817718342999424,681,EleutherAI/pythia-1.4b
6068,31.922861068822115,248,EleutherAI/pythia-1.4b
6069,17.65147045481988,362,EleutherAI/pythia-1.4b
6070,28.982572144330938,238,EleutherAI/pythia-1.4b
6071,26.812717139269083,106,EleutherAI/pythia-1.4b
6072,14.743679685938584,258,EleutherAI/pythia-1.4b
6073,2.471771258456042,1030,EleutherAI/pythia-1.4b
6074,5.021026862785231,556,EleutherAI/pythia-1.4b
6075,14.145778046098462,620,EleutherAI/pythia-1.4b
6076,15.599570851976736,562,EleutherAI/pythia-1.4b
6077,9.422656865962233,1046,EleutherAI/pythia-1.4b
6078,24.404568201567116,871,EleutherAI/pythia-1.4b
6079,4.971534439455454,314,EleutherAI/pythia-1.4b
6080,12.35644512264375,190,EleutherAI/pythia-1.4b
6081,27.181523006852025,571,EleutherAI/pythia-1.4b
6082,17.803927666234483,149,EleutherAI/pythia-1.4b
6083,6.787691820457441,469,EleutherAI/pythia-1.4b
6084,9.300260937679214,265,EleutherAI/pythia-1.4b
6085,5.497226322166067,245,EleutherAI/pythia-1.4b
6086,9.698613219715158,314,EleutherAI/pythia-1.4b
6087,11.86042226322595,603,EleutherAI/pythia-1.4b
6088,19.453084764304915,538,EleutherAI/pythia-1.4b
6089,22.30735658581795,3024,EleutherAI/pythia-1.4b
6090,15.513249269481983,392,EleutherAI/pythia-1.4b
6091,20.865580969537845,541,EleutherAI/pythia-1.4b
6092,8.373727971109105,1043,EleutherAI/pythia-1.4b
6093,4.097323644997679,327,EleutherAI/pythia-1.4b
6094,21.25684604674025,398,EleutherAI/pythia-1.4b
6095,5.485831640336518,167,EleutherAI/pythia-1.4b
6096,15.89729240319769,378,EleutherAI/pythia-1.4b
6097,2.3895819308765405,872,EleutherAI/pythia-1.4b
6098,19.5647525978494,379,EleutherAI/pythia-1.4b
6099,20.011963330135053,726,EleutherAI/pythia-1.4b
6100,7.315871334662687,163,EleutherAI/pythia-1.4b
6101,19.154145710607487,645,EleutherAI/pythia-1.4b
6102,13.495186534276074,675,EleutherAI/pythia-1.4b
6103,19.381231753786366,581,EleutherAI/pythia-1.4b
6104,9.959318485492101,486,EleutherAI/pythia-1.4b
6105,8.008841674280761,467,EleutherAI/pythia-1.4b
6106,3.0916506645602833,520,EleutherAI/pythia-1.4b
6107,66.80318475038175,40,EleutherAI/pythia-1.4b
6108,24.581290323422618,221,EleutherAI/pythia-1.4b
6109,5.991939610493253,668,EleutherAI/pythia-1.4b
6110,11.742823551256974,559,EleutherAI/pythia-1.4b
6111,5.794315224054584,496,EleutherAI/pythia-1.4b
6112,91.34810375287114,10,EleutherAI/pythia-1.4b
6113,4.417160712942854,654,EleutherAI/pythia-1.4b
6114,3.818481421361427,229,EleutherAI/pythia-1.4b
6115,7.024972040945238,892,EleutherAI/pythia-1.4b
6116,6.113422682540635,266,EleutherAI/pythia-1.4b
6117,3.987563923988828,187,EleutherAI/pythia-1.4b
6118,4.168323171586218,452,EleutherAI/pythia-1.4b
6119,5.743232462937777,530,EleutherAI/pythia-1.4b
6120,27.026291464295376,535,EleutherAI/pythia-1.4b
6121,10.720029881584114,136,EleutherAI/pythia-1.4b
6122,7.578817966497795,396,EleutherAI/pythia-1.4b
6123,13.127188974457239,640,EleutherAI/pythia-1.4b
6124,12.77147324718132,43,EleutherAI/pythia-1.4b
6125,9.321169672621707,1201,EleutherAI/pythia-1.4b
6126,5.451956140747829,552,EleutherAI/pythia-1.4b
6127,5.831072806706869,142,EleutherAI/pythia-1.4b
6128,8.252926033154843,308,EleutherAI/pythia-1.4b
6129,6.5069590898254965,108,EleutherAI/pythia-1.4b
6130,35.03753268666876,224,EleutherAI/pythia-1.4b
6131,14.90706341747592,234,EleutherAI/pythia-1.4b
6132,16.94116139732143,485,EleutherAI/pythia-1.4b
6133,21.30877048258091,658,EleutherAI/pythia-1.4b
6134,2.8405579848148137,810,EleutherAI/pythia-1.4b
6135,11.740981488344465,545,EleutherAI/pythia-1.4b
6136,23.186958185920393,195,EleutherAI/pythia-1.4b
6137,46.21989176283738,144,EleutherAI/pythia-1.4b
6138,5.597708251086584,458,EleutherAI/pythia-1.4b
6139,4.437260065644475,257,EleutherAI/pythia-1.4b
6140,25.325994330804626,530,EleutherAI/pythia-1.4b
6141,1.8063323453496896,500,EleutherAI/pythia-1.4b
6142,3.0861769683443994,380,EleutherAI/pythia-1.4b
6143,13.239500054941972,1584,EleutherAI/pythia-1.4b
6144,21.572183751852684,520,EleutherAI/pythia-1.4b
6145,9.732882224246893,499,EleutherAI/pythia-1.4b
6146,13.010076003611307,158,EleutherAI/pythia-1.4b
6147,22.80270604815865,128,EleutherAI/pythia-1.4b
6148,22.712869878436447,817,EleutherAI/pythia-1.4b
6149,9.635135679839786,341,EleutherAI/pythia-1.4b
6150,12.753906805194898,376,EleutherAI/pythia-1.4b
6151,27.31837329272586,774,EleutherAI/pythia-1.4b
6152,10.064043485484826,355,EleutherAI/pythia-1.4b
6153,3.631400017624841,539,EleutherAI/pythia-1.4b
6154,3.3643849016865794,546,EleutherAI/pythia-1.4b
6155,11.856090948920041,1224,EleutherAI/pythia-1.4b
6156,18.930546322571093,818,EleutherAI/pythia-1.4b
6157,7.789612525214951,177,EleutherAI/pythia-1.4b
6158,13.123486983679673,487,EleutherAI/pythia-1.4b
6159,5.875250717707843,710,EleutherAI/pythia-1.4b
6160,4.528991818835866,235,EleutherAI/pythia-1.4b
6161,19.500445048013294,299,EleutherAI/pythia-1.4b
6162,20.29831953707491,585,EleutherAI/pythia-1.4b
6163,26.119768762461156,227,EleutherAI/pythia-1.4b
6164,7.4936783768371455,556,EleutherAI/pythia-1.4b
6165,8.34688088430521,264,EleutherAI/pythia-1.4b
6166,17.659531454628418,567,EleutherAI/pythia-1.4b
6167,14.04670525664863,543,EleutherAI/pythia-1.4b
6168,9.500525548818649,2086,EleutherAI/pythia-1.4b
6169,26.312116718806,712,EleutherAI/pythia-1.4b
6170,11.67591988147935,623,EleutherAI/pythia-1.4b
6171,12.942575689157636,1060,EleutherAI/pythia-1.4b
6172,15.029731168935006,238,EleutherAI/pythia-1.4b
6173,6.05074778778876,846,EleutherAI/pythia-1.4b
6174,3.3571770565448196,403,EleutherAI/pythia-1.4b
6175,24.45904937720829,510,EleutherAI/pythia-1.4b
6176,26.74813339181626,46,EleutherAI/pythia-1.4b
6177,11.938213030857662,329,EleutherAI/pythia-1.4b
6178,14.236494276267058,487,EleutherAI/pythia-1.4b
6179,26.10093755354561,102,EleutherAI/pythia-1.4b
6180,33.92886084537172,662,EleutherAI/pythia-1.4b
6181,28.129951757934503,231,EleutherAI/pythia-1.4b
6182,8.60328984724137,1044,EleutherAI/pythia-1.4b
6183,8.674874927963126,1544,EleutherAI/pythia-1.4b
6184,37.85064113968054,65,EleutherAI/pythia-1.4b
6185,3.2896964707516907,562,EleutherAI/pythia-1.4b
6186,7.673621203113502,584,EleutherAI/pythia-1.4b
6187,14.486156289852342,675,EleutherAI/pythia-1.4b
6188,4.792367693588209,657,EleutherAI/pythia-1.4b
6189,7.689303504465276,1031,EleutherAI/pythia-1.4b
6190,7.548304863229898,1982,EleutherAI/pythia-1.4b
6191,19.21121389212738,551,EleutherAI/pythia-1.4b
6192,6.893464722178437,183,EleutherAI/pythia-1.4b
6193,18.88104506331917,738,EleutherAI/pythia-1.4b
6194,6.000448612550007,599,EleutherAI/pythia-1.4b
6195,43.588844358205186,638,EleutherAI/pythia-1.4b
6196,23.032486368565905,114,EleutherAI/pythia-1.4b
6197,14.018200775669825,614,EleutherAI/pythia-1.4b
6198,6.236714461138837,154,EleutherAI/pythia-1.4b
6199,194.0302266037755,337,EleutherAI/pythia-1.4b
6200,19.991181135056276,320,EleutherAI/pythia-1.4b
6201,6.83297316836224,2593,EleutherAI/pythia-1.4b
6202,21.16918319275091,786,EleutherAI/pythia-1.4b
6203,27.516070662456503,105,EleutherAI/pythia-1.4b
6204,12.119428983413421,1043,EleutherAI/pythia-1.4b
6205,38.81970262983042,74,EleutherAI/pythia-1.4b
6206,26.022621241628553,261,EleutherAI/pythia-1.4b
6207,11.615856686979111,265,EleutherAI/pythia-1.4b
6208,2.3981287471353587,515,EleutherAI/pythia-1.4b
6209,15.971845752969237,538,EleutherAI/pythia-1.4b
6210,20.260287731170386,497,EleutherAI/pythia-1.4b
6211,31.37039699697087,439,EleutherAI/pythia-1.4b
6212,17.586364232387115,571,EleutherAI/pythia-1.4b
6213,11.950686300506543,238,EleutherAI/pythia-1.4b
6214,14.388651011569195,470,EleutherAI/pythia-1.4b
6215,35.89393406247919,219,EleutherAI/pythia-1.4b
6216,4.417752086807225,516,EleutherAI/pythia-1.4b
6217,21.29410839484679,198,EleutherAI/pythia-1.4b
6218,46.46123358332372,16,EleutherAI/pythia-1.4b
6219,6.357917003441623,129,EleutherAI/pythia-1.4b
6220,6.2939996834737135,510,EleutherAI/pythia-1.4b
6221,20.30175587042968,266,EleutherAI/pythia-1.4b
6222,19.573864683927358,698,EleutherAI/pythia-1.4b
6223,7.908450651638018,631,EleutherAI/pythia-1.4b
6224,10.774885484464205,370,EleutherAI/pythia-1.4b
6225,9.982049226453757,1026,EleutherAI/pythia-1.4b
6226,5.457781268016888,266,EleutherAI/pythia-1.4b
6227,5.165490577349399,184,EleutherAI/pythia-1.4b
6228,25.587862557128975,795,EleutherAI/pythia-1.4b
6229,7.158172317023845,32,EleutherAI/pythia-1.4b
6230,19.226399038772218,711,EleutherAI/pythia-1.4b
6231,21.607268366710297,681,EleutherAI/pythia-1.4b
6232,45.868669350447334,19,EleutherAI/pythia-1.4b
6233,13.464041704926819,971,EleutherAI/pythia-1.4b
6234,10.71940105040376,1611,EleutherAI/pythia-1.4b
6235,48.91012201723452,222,EleutherAI/pythia-1.4b
6236,305.41706140445604,13,EleutherAI/pythia-1.4b
6237,5.279908246532308,428,EleutherAI/pythia-1.4b
6238,8.103942902763047,414,EleutherAI/pythia-1.4b
6239,4.75109671037361,237,EleutherAI/pythia-1.4b
6240,10.162876884402175,532,EleutherAI/pythia-1.4b
6241,18.833150453289047,546,EleutherAI/pythia-1.4b
6242,21.264043863481216,268,EleutherAI/pythia-1.4b
6243,10.42558206756154,99,EleutherAI/pythia-1.4b
6244,18.375979672854108,510,EleutherAI/pythia-1.4b
6245,18.202885730219577,3123,EleutherAI/pythia-1.4b
6246,38.51104898001894,230,EleutherAI/pythia-1.4b
6247,3.1249498790691685,431,EleutherAI/pythia-1.4b
6248,3.345819635586574,477,EleutherAI/pythia-1.4b
6249,16.225887826078853,1113,EleutherAI/pythia-1.4b
6250,5.3196091455438665,297,EleutherAI/pythia-1.4b
6251,15.988689729262436,674,EleutherAI/pythia-1.4b
6252,17.012779971894233,658,EleutherAI/pythia-1.4b
6253,19.15695443960641,315,EleutherAI/pythia-1.4b
6254,3.4134246663158168,267,EleutherAI/pythia-1.4b
6255,9.574789757140117,659,EleutherAI/pythia-1.4b
6256,15.522206278296204,283,EleutherAI/pythia-1.4b
6257,16.991320191872582,926,EleutherAI/pythia-1.4b
6258,5.811194415515147,397,EleutherAI/pythia-1.4b
6259,12.787829037789008,641,EleutherAI/pythia-1.4b
6260,19.839581436214534,616,EleutherAI/pythia-1.4b
6261,4.1799185967642964,324,EleutherAI/pythia-1.4b
6262,27.029017231855274,473,EleutherAI/pythia-1.4b
6263,28.44276872292711,414,EleutherAI/pythia-1.4b
6264,4.0579746686550715,389,EleutherAI/pythia-1.4b
6265,18.342686652184387,528,EleutherAI/pythia-1.4b
6266,11.231838087237554,291,EleutherAI/pythia-1.4b
6267,4.087182057622928,589,EleutherAI/pythia-1.4b
6268,35.270912463733865,1055,EleutherAI/pythia-1.4b
6269,30.40823265353188,494,EleutherAI/pythia-1.4b
6270,12.006625380161195,1116,EleutherAI/pythia-1.4b
6271,27.553795674458932,1888,EleutherAI/pythia-1.4b
6272,16.39715648853412,768,EleutherAI/pythia-1.4b
6273,56.06427467176163,26,EleutherAI/pythia-1.4b
6274,18.738051525321993,554,EleutherAI/pythia-1.4b
6275,15.483219469230761,391,EleutherAI/pythia-1.4b
6276,16.260893383819425,144,EleutherAI/pythia-1.4b
6277,3.4189700857053538,382,EleutherAI/pythia-1.4b
6278,11.044291000150936,829,EleutherAI/pythia-1.4b
6279,38.10509337615029,119,EleutherAI/pythia-1.4b
6280,20.19929412120447,1005,EleutherAI/pythia-1.4b
6281,23.42535737553321,480,EleutherAI/pythia-1.4b
6282,29.91861590514259,268,EleutherAI/pythia-1.4b
6283,4.549441670475933,781,EleutherAI/pythia-1.4b
6284,33.007777060778956,139,EleutherAI/pythia-1.4b
6285,29.38137823120131,220,EleutherAI/pythia-1.4b
6286,12.024214631121515,882,EleutherAI/pythia-1.4b
6287,10.706071233614301,1041,EleutherAI/pythia-1.4b
6288,2.7230854901881534,522,EleutherAI/pythia-1.4b
6289,13.804126581017009,373,EleutherAI/pythia-1.4b
6290,37.85089382081415,49,EleutherAI/pythia-1.4b
6291,4.813121938948476,222,EleutherAI/pythia-1.4b
6292,29.67124639459673,464,EleutherAI/pythia-1.4b
6293,19.782302058466687,395,EleutherAI/pythia-1.4b
6294,10.389371969551206,426,EleutherAI/pythia-1.4b
6295,3.8323587214485917,467,EleutherAI/pythia-1.4b
6296,5.032424857735284,386,EleutherAI/pythia-1.4b
6297,3.6599577928316016,417,EleutherAI/pythia-1.4b
6298,9.707654014906241,1305,EleutherAI/pythia-1.4b
6299,22.233092050759566,1069,EleutherAI/pythia-1.4b
6300,6.702357854102378,312,EleutherAI/pythia-1.4b
6301,3.568669920271547,1007,EleutherAI/pythia-1.4b
6302,5.118903686321912,204,EleutherAI/pythia-1.4b
6303,12.987368633280726,460,EleutherAI/pythia-1.4b
6304,59.015790415956936,99,EleutherAI/pythia-1.4b
6305,4.8074885331155,141,EleutherAI/pythia-1.4b
6306,5.323792353644175,139,EleutherAI/pythia-1.4b
6307,14.609738234291472,587,EleutherAI/pythia-1.4b
6308,8.390032879104178,958,EleutherAI/pythia-1.4b
6309,40.038978005948636,115,EleutherAI/pythia-1.4b
6310,10.241220316012315,1406,EleutherAI/pythia-1.4b
6311,17.007215826589157,499,EleutherAI/pythia-1.4b
6312,29.131629343956845,373,EleutherAI/pythia-1.4b
6313,3.2870774769673763,740,EleutherAI/pythia-1.4b
6314,13.887200895206572,172,EleutherAI/pythia-1.4b
6315,3.565753166667911,66,EleutherAI/pythia-1.4b
6316,13.094570461519407,273,EleutherAI/pythia-1.4b
6317,19.615700280601605,1036,EleutherAI/pythia-1.4b
6318,17.678066760830458,214,EleutherAI/pythia-1.4b
6319,41.37358609326999,149,EleutherAI/pythia-1.4b
6320,12.701512813905342,699,EleutherAI/pythia-1.4b
6321,18.250882380886566,255,EleutherAI/pythia-1.4b
6322,12.392459401088392,76,EleutherAI/pythia-1.4b
6323,21.557206784329363,66,EleutherAI/pythia-1.4b
6324,20.42215615608039,575,EleutherAI/pythia-1.4b
6325,6.955924844092782,168,EleutherAI/pythia-1.4b
6326,52.46858527935848,419,EleutherAI/pythia-1.4b
6327,14.570854491906958,1070,EleutherAI/pythia-1.4b
6328,29.408752765221276,93,EleutherAI/pythia-1.4b
6329,13.492435849411773,710,EleutherAI/pythia-1.4b
6330,63.02375836185982,59,EleutherAI/pythia-1.4b
6331,11.539731718872819,1026,EleutherAI/pythia-1.4b
6332,17.08464428696018,456,EleutherAI/pythia-1.4b
6333,25.69416647854455,438,EleutherAI/pythia-1.4b
6334,51.202745896183245,580,EleutherAI/pythia-1.4b
6335,3.3068014183770535,576,EleutherAI/pythia-1.4b
6336,13.193433312395781,3597,EleutherAI/pythia-1.4b
6337,10.55629489915135,196,EleutherAI/pythia-1.4b
6338,29.62907185991147,307,EleutherAI/pythia-1.4b
6339,14.980290531742181,391,EleutherAI/pythia-1.4b
6340,5.130663314894146,111,EleutherAI/pythia-1.4b
6341,29.471032483104047,818,EleutherAI/pythia-1.4b
6342,20.8415817014837,568,EleutherAI/pythia-1.4b
6343,17.830477361990425,500,EleutherAI/pythia-1.4b
6344,21.644087092144286,125,EleutherAI/pythia-1.4b
6345,4.368000667732025,482,EleutherAI/pythia-1.4b
6346,12.27875965779245,650,EleutherAI/pythia-1.4b
6347,21.647219652772737,1180,EleutherAI/pythia-1.4b
6348,9.005117320327063,743,EleutherAI/pythia-1.4b
6349,15.161731020614639,450,EleutherAI/pythia-1.4b
6350,7.055562371985246,479,EleutherAI/pythia-1.4b
6351,10.78354112517596,1030,EleutherAI/pythia-1.4b
6352,3.620638168806194,330,EleutherAI/pythia-1.4b
6353,9.501981617007276,395,EleutherAI/pythia-1.4b
6354,13.9151437301335,627,EleutherAI/pythia-1.4b
6355,4.632298400471505,487,EleutherAI/pythia-1.4b
6356,39.50461850256768,9,EleutherAI/pythia-1.4b
6357,4.412039664299482,221,EleutherAI/pythia-1.4b
6358,29.308839394424815,194,EleutherAI/pythia-1.4b
6359,10.257344626177451,1837,EleutherAI/pythia-1.4b
6360,8.686261913885753,580,EleutherAI/pythia-1.4b
6361,11.936553758065855,534,EleutherAI/pythia-1.4b
6362,16.23815577486324,449,EleutherAI/pythia-1.4b
6363,3.774918513263152,278,EleutherAI/pythia-1.4b
6364,5.614434345376619,260,EleutherAI/pythia-1.4b
6365,20.200189896048876,563,EleutherAI/pythia-1.4b
6366,25.09367240257928,455,EleutherAI/pythia-1.4b
6367,3.9447948324163313,577,EleutherAI/pythia-1.4b
6368,13.356803342075276,2475,EleutherAI/pythia-1.4b
6369,11.685569582167213,311,EleutherAI/pythia-1.4b
6370,4.1990175175829485,511,EleutherAI/pythia-1.4b
6371,9.58022209728284,1028,EleutherAI/pythia-1.4b
6372,21.684520050539838,246,EleutherAI/pythia-1.4b
6373,4.034632995548901,397,EleutherAI/pythia-1.4b
6374,9.997585431102149,1035,EleutherAI/pythia-1.4b
6375,3.8857180450019206,381,EleutherAI/pythia-1.4b
6376,9.312508795022769,553,EleutherAI/pythia-1.4b
6377,24.877777937723582,288,EleutherAI/pythia-1.4b
6378,25.35813182380549,58,EleutherAI/pythia-1.4b
6379,34.089407053200304,254,EleutherAI/pythia-1.4b
6380,16.766233144580802,572,EleutherAI/pythia-1.4b
6381,8.105075210363882,1037,EleutherAI/pythia-1.4b
6382,42.354247704188474,268,EleutherAI/pythia-1.4b
6383,28.89200658508072,474,EleutherAI/pythia-1.4b
6384,5.392502050452844,173,EleutherAI/pythia-1.4b
6385,18.72457792538986,432,EleutherAI/pythia-1.4b
6386,15.17452904564255,2121,EleutherAI/pythia-1.4b
6387,14.486667456653084,465,EleutherAI/pythia-1.4b
6388,13.511554238342972,796,EleutherAI/pythia-1.4b
6389,4.113827937531954,223,EleutherAI/pythia-1.4b
6390,5.08249921964998,361,EleutherAI/pythia-1.4b
6391,4.9481985475348775,143,EleutherAI/pythia-1.4b
6392,9.956175925131788,2255,EleutherAI/pythia-1.4b
6393,42.54551101342663,80,EleutherAI/pythia-1.4b
6394,13.597869291604146,687,EleutherAI/pythia-1.4b
6395,12.365589961855253,587,EleutherAI/pythia-1.4b
6396,19.67869411260669,677,EleutherAI/pythia-1.4b
6397,13.476521847338441,1090,EleutherAI/pythia-1.4b
6398,26.9358529698176,225,EleutherAI/pythia-1.4b
6399,14.133102691087108,583,EleutherAI/pythia-1.4b
6400,31.363546719521274,214,EleutherAI/pythia-1.4b
6401,27.5770180394933,282,EleutherAI/pythia-1.4b
6402,11.404699713843367,530,EleutherAI/pythia-1.4b
6403,15.289942555088091,1437,EleutherAI/pythia-1.4b
6404,10.950270849330716,418,EleutherAI/pythia-1.4b
6405,3.2429947906690573,459,EleutherAI/pythia-1.4b
6406,29.1014250482097,82,EleutherAI/pythia-1.4b
6407,3.919536289796628,381,EleutherAI/pythia-1.4b
6408,9.321067445540953,255,EleutherAI/pythia-1.4b
6409,16.114286515031537,993,EleutherAI/pythia-1.4b
6410,5.736057743280577,374,EleutherAI/pythia-1.4b
6411,4.562362693386736,407,EleutherAI/pythia-1.4b
6412,36.22199768010353,282,EleutherAI/pythia-1.4b
6413,10.119628633159804,1025,EleutherAI/pythia-1.4b
6414,17.871011003459294,867,EleutherAI/pythia-1.4b
6415,3.4124201485980765,248,EleutherAI/pythia-1.4b
6416,59.690696932448674,33,EleutherAI/pythia-1.4b
6417,8.982812029009459,1037,EleutherAI/pythia-1.4b
6418,21.582837968638987,240,EleutherAI/pythia-1.4b
6419,2.6365282391027054,195,EleutherAI/pythia-1.4b
6420,2.282621436527986,529,EleutherAI/pythia-1.4b
6421,16.086494824323147,396,EleutherAI/pythia-1.4b
6422,19.28718157509028,58,EleutherAI/pythia-1.4b
6423,14.703300114461065,262,EleutherAI/pythia-1.4b
6424,37.018552315001,265,EleutherAI/pythia-1.4b
6425,6.7045218501982715,870,EleutherAI/pythia-1.4b
6426,5.772952241369024,406,EleutherAI/pythia-1.4b
6427,11.185646196110564,117,EleutherAI/pythia-1.4b
6428,13.185211233947156,477,EleutherAI/pythia-1.4b
6429,18.273972180521643,48,EleutherAI/pythia-1.4b
6430,7.16442732863793,740,EleutherAI/pythia-1.4b
6431,29.693545499580626,215,EleutherAI/pythia-1.4b
6432,3.5990607470705407,342,EleutherAI/pythia-1.4b
6433,17.01152666374756,66,EleutherAI/pythia-1.4b
6434,19.01528029067062,749,EleutherAI/pythia-1.4b
6435,395.54560654784837,22,EleutherAI/pythia-1.4b
6436,29.72872308223858,79,EleutherAI/pythia-1.4b
6437,10.49400196045546,50,EleutherAI/pythia-1.4b
6438,3.976713531577189,235,EleutherAI/pythia-1.4b
6439,9.998550839806839,1032,EleutherAI/pythia-1.4b
6440,14.823874079776461,624,EleutherAI/pythia-1.4b
6441,3.9844140426741386,250,EleutherAI/pythia-1.4b
6442,46.72489674425453,1083,EleutherAI/pythia-1.4b
6443,11.640400397631932,148,EleutherAI/pythia-1.4b
6444,23.124308943185955,241,EleutherAI/pythia-1.4b
6445,4.887885543003491,231,EleutherAI/pythia-1.4b
6446,28.445169398949066,47,EleutherAI/pythia-1.4b
6447,11.630125269569014,1131,EleutherAI/pythia-1.4b
6448,23.663860543439878,629,EleutherAI/pythia-1.4b
6449,3.410745796093439,370,EleutherAI/pythia-1.4b
6450,27.142104326000677,93,EleutherAI/pythia-1.4b
6451,29.602946136504848,704,EleutherAI/pythia-1.4b
6452,6.479487232818927,901,EleutherAI/pythia-1.4b
6453,15.89211581952035,574,EleutherAI/pythia-1.4b
6454,16.70510894858296,396,EleutherAI/pythia-1.4b
6455,25.76366136699765,97,EleutherAI/pythia-1.4b
6456,5.755925440051331,62,EleutherAI/pythia-1.4b
6457,23.821828438529344,225,EleutherAI/pythia-1.4b
6458,5.491185623091683,118,EleutherAI/pythia-1.4b
6459,4.62507832594281,460,EleutherAI/pythia-1.4b
6460,33.79561783842188,236,EleutherAI/pythia-1.4b
6461,28.90591070300319,774,EleutherAI/pythia-1.4b
6462,22.544258531955798,792,EleutherAI/pythia-1.4b
6463,312.73347635208296,17,EleutherAI/pythia-1.4b
6464,9.555961432961773,342,EleutherAI/pythia-1.4b
6465,12.83107685455685,1278,EleutherAI/pythia-1.4b
6466,25.590351731901887,220,EleutherAI/pythia-1.4b
6467,99.12788174319978,16,EleutherAI/pythia-1.4b
6468,3.7180670791086206,348,EleutherAI/pythia-1.4b
6469,22.135723784235054,99,EleutherAI/pythia-1.4b
6470,25.85824533350404,127,EleutherAI/pythia-1.4b
6471,19.45945838836908,331,EleutherAI/pythia-1.4b
6472,7.54635210398218,294,EleutherAI/pythia-1.4b
6473,3.9005877907150297,392,EleutherAI/pythia-1.4b
6474,5.6940639998512905,215,EleutherAI/pythia-1.4b
6475,23.506452583260554,728,EleutherAI/pythia-1.4b
6476,9.863896783819998,662,EleutherAI/pythia-1.4b
6477,10.678485945937444,596,EleutherAI/pythia-1.4b
6478,4.216163134721854,268,EleutherAI/pythia-1.4b
6479,9.482699582586092,1024,EleutherAI/pythia-1.4b
6480,3.768765659813953,371,EleutherAI/pythia-1.4b
6481,27.11263116367078,258,EleutherAI/pythia-1.4b
6482,26.076360494400205,6803,EleutherAI/pythia-1.4b
6483,13.56126800313772,636,EleutherAI/pythia-1.4b
6484,4.467661127992684,450,EleutherAI/pythia-1.4b
6485,9.491201933754011,398,EleutherAI/pythia-1.4b
6486,3.203862731269713,566,EleutherAI/pythia-1.4b
6487,7.99905596384311,1212,EleutherAI/pythia-1.4b
6488,4.410985248306652,232,EleutherAI/pythia-1.4b
6489,8.366468026524581,200,EleutherAI/pythia-1.4b
6490,11.320502662552261,576,EleutherAI/pythia-1.4b
6491,13.647545967950144,336,EleutherAI/pythia-1.4b
6492,23.397973185743542,1141,EleutherAI/pythia-1.4b
6493,10.989177291068525,456,EleutherAI/pythia-1.4b
6494,46.27636904595589,120,EleutherAI/pythia-1.4b
6495,20.394334060339247,378,EleutherAI/pythia-1.4b
6496,13.784258992921153,528,EleutherAI/pythia-1.4b
6497,27.473677618023082,39,EleutherAI/pythia-1.4b
6498,17.61899858875307,388,EleutherAI/pythia-1.4b
6499,7.634574349347921,295,EleutherAI/pythia-1.4b
6500,4.7343762314677225,987,EleutherAI/pythia-1.4b
6501,14.482771991815424,269,EleutherAI/pythia-1.4b
6502,3.0040203424332805,467,EleutherAI/pythia-1.4b
6503,170.67976892365093,129,EleutherAI/pythia-1.4b
6504,6.157643694031031,216,EleutherAI/pythia-1.4b
6505,15.96801157259362,1144,EleutherAI/pythia-1.4b
6506,23.262402405214615,598,EleutherAI/pythia-1.4b
6507,20.313763403129247,130,EleutherAI/pythia-1.4b
6508,18.069481410811598,827,EleutherAI/pythia-1.4b
6509,10.37760536504321,540,EleutherAI/pythia-1.4b
6510,89.02352507314086,188,EleutherAI/pythia-1.4b
6511,13.35275176605142,429,EleutherAI/pythia-1.4b
6512,8.295619986472783,262,EleutherAI/pythia-1.4b
6513,7.230293214517931,393,EleutherAI/pythia-1.4b
6514,11.391465418984847,147,EleutherAI/pythia-1.4b
6515,20.61563672910067,68,EleutherAI/pythia-1.4b
6516,37.06222218102047,208,EleutherAI/pythia-1.4b
6517,4.25117650084662,553,EleutherAI/pythia-1.4b
6518,14.441116778143712,395,EleutherAI/pythia-1.4b
6519,3.9904855728438764,272,EleutherAI/pythia-1.4b
6520,8.493817053578223,296,EleutherAI/pythia-1.4b
6521,11.45721170803837,243,EleutherAI/pythia-1.4b
6522,9.707857691729634,269,EleutherAI/pythia-1.4b
6523,24.19011504140275,265,EleutherAI/pythia-1.4b
6524,10.36494017612764,332,EleutherAI/pythia-1.4b
6525,34.24955338799229,238,EleutherAI/pythia-1.4b
6526,20.742640622441876,483,EleutherAI/pythia-1.4b
6527,12.14597492796809,421,EleutherAI/pythia-1.4b
6528,17.316445819301986,542,EleutherAI/pythia-1.4b
6529,13.718248705316224,390,EleutherAI/pythia-1.4b
6530,14.63005960274067,740,EleutherAI/pythia-1.4b
6531,19.52266260091282,540,EleutherAI/pythia-1.4b
6532,41.00291140394909,201,EleutherAI/pythia-1.4b
6533,14.448269723487888,354,EleutherAI/pythia-1.4b
6534,18.611847171822713,583,EleutherAI/pythia-1.4b
6535,20.32400930894161,375,EleutherAI/pythia-1.4b
6536,12.832866592126178,248,EleutherAI/pythia-1.4b
6537,35.86434490145646,239,EleutherAI/pythia-1.4b
6538,18.33698920902543,1238,EleutherAI/pythia-1.4b
6539,5.5738306540182805,327,EleutherAI/pythia-1.4b
6540,5.764855868729824,449,EleutherAI/pythia-1.4b
6541,16.252281195453307,1155,EleutherAI/pythia-1.4b
6542,4.9220927095376155,470,EleutherAI/pythia-1.4b
6543,76.7559942953297,89,EleutherAI/pythia-1.4b
6544,167.416518322514,22,EleutherAI/pythia-1.4b
6545,14.764233120625889,636,EleutherAI/pythia-1.4b
6546,26.39530011611512,199,EleutherAI/pythia-1.4b
6547,4.8926833637889136,284,EleutherAI/pythia-1.4b
6548,5.708390107571457,352,EleutherAI/pythia-1.4b
6549,16.696468489829304,96,EleutherAI/pythia-1.4b
6550,22.620248642919588,458,EleutherAI/pythia-1.4b
6551,15.706985786290298,395,EleutherAI/pythia-1.4b
6552,24.239094952909095,37,EleutherAI/pythia-1.4b
6553,14.751830095390657,238,EleutherAI/pythia-1.4b
6554,146.04229265698032,12,EleutherAI/pythia-1.4b
6555,21.069470522222435,604,EleutherAI/pythia-1.4b
6556,13.423076149332413,464,EleutherAI/pythia-1.4b
6557,10.409688504466203,550,EleutherAI/pythia-1.4b
6558,9.302054950882262,587,EleutherAI/pythia-1.4b
6559,30.347597129966,154,EleutherAI/pythia-1.4b
6560,4.475532762361259,147,EleutherAI/pythia-1.4b
6561,6.539801408376582,240,EleutherAI/pythia-1.4b
6562,5.323923092223313,155,EleutherAI/pythia-1.4b
6563,15.810212917416116,171,EleutherAI/pythia-1.4b
6564,6.440483818548669,706,EleutherAI/pythia-1.4b
6565,62.102934334942,58,EleutherAI/pythia-1.4b
6566,15.401334399258689,557,EleutherAI/pythia-1.4b
6567,39.37676067759635,210,EleutherAI/pythia-1.4b
6568,16.250002945826697,260,EleutherAI/pythia-1.4b
6569,4.0084269626930595,467,EleutherAI/pythia-1.4b
6570,10.294634518485875,235,EleutherAI/pythia-1.4b
6571,40.41378048283358,64,EleutherAI/pythia-1.4b
6572,40.641884601460035,250,EleutherAI/pythia-1.4b
6573,12.322218777613056,795,EleutherAI/pythia-1.4b
6574,4.458327190706327,352,EleutherAI/pythia-1.4b
6575,20.041108082727423,711,EleutherAI/pythia-1.4b
6576,15.566471419245786,784,EleutherAI/pythia-1.4b
6577,12.329524427348199,962,EleutherAI/pythia-1.4b
6578,9.160311897416046,605,EleutherAI/pythia-1.4b
6579,37.25083462960793,457,EleutherAI/pythia-1.4b
6580,6.868577404582846,286,EleutherAI/pythia-1.4b
6581,9.52438609381429,400,EleutherAI/pythia-1.4b
6582,89.204459621071,17,EleutherAI/pythia-1.4b
6583,7.486654846085839,166,EleutherAI/pythia-1.4b
6584,19.447802825907868,912,EleutherAI/pythia-1.4b
6585,3.4944783409396774,370,EleutherAI/pythia-1.4b
6586,54.92586167371676,94,EleutherAI/pythia-1.4b
6587,4.978460855392276,282,EleutherAI/pythia-1.4b
6588,16.692185754032213,899,EleutherAI/pythia-1.4b
6589,9.546740971589719,824,EleutherAI/pythia-1.4b
6590,10.914525520632646,266,EleutherAI/pythia-1.4b
6591,15.38670123380074,1045,EleutherAI/pythia-1.4b
6592,8.437565064757711,171,EleutherAI/pythia-1.4b
6593,24.149926803478593,226,EleutherAI/pythia-1.4b
6594,45.17653746409063,449,EleutherAI/pythia-1.4b
6595,21.385608700914325,1713,EleutherAI/pythia-1.4b
6596,36.266725194129826,193,EleutherAI/pythia-1.4b
6597,20.563793118236116,538,EleutherAI/pythia-1.4b
6598,20.00061103849833,1023,EleutherAI/pythia-1.4b
6599,3.4540180058336816,317,EleutherAI/pythia-1.4b
6600,5.0664070992624595,665,EleutherAI/pythia-1.4b
6601,22.876463674713538,596,EleutherAI/pythia-1.4b
6602,21.70769399077203,37,EleutherAI/pythia-1.4b
6603,15.63010424751869,1726,EleutherAI/pythia-1.4b
6604,22.76428003240908,246,EleutherAI/pythia-1.4b
6605,17.73730758712145,223,EleutherAI/pythia-1.4b
6606,15.391999424312363,255,EleutherAI/pythia-1.4b
6607,17.991175225948336,460,EleutherAI/pythia-1.4b
6608,28.366858782240744,571,EleutherAI/pythia-1.4b
6609,28.761992302831903,95,EleutherAI/pythia-1.4b
6610,31.50324033520027,110,EleutherAI/pythia-1.4b
6611,12.422114617556696,248,EleutherAI/pythia-1.4b
6612,20.24122616993453,1037,EleutherAI/pythia-1.4b
6613,8.81688719836101,277,EleutherAI/pythia-1.4b
6614,22.26854541564059,729,EleutherAI/pythia-1.4b
6615,16.010039738972893,23,EleutherAI/pythia-1.4b
6616,28.813956513118878,983,EleutherAI/pythia-1.4b
6617,34.03859901366164,347,EleutherAI/pythia-1.4b
6618,8.930487694056605,1289,EleutherAI/pythia-1.4b
6619,15.353109042029796,843,EleutherAI/pythia-1.4b
6620,13.921090191146835,603,EleutherAI/pythia-1.4b
6621,4.958500149610877,335,EleutherAI/pythia-1.4b
6622,21.452356988418927,487,EleutherAI/pythia-1.4b
6623,4.421721552892955,286,EleutherAI/pythia-1.4b
6624,3.819680602358153,331,EleutherAI/pythia-1.4b
6625,7.117520793262649,209,EleutherAI/pythia-1.4b
6626,21.228377746969592,658,EleutherAI/pythia-1.4b
6627,35.80500924638311,139,EleutherAI/pythia-1.4b
6628,6.084077720961334,171,EleutherAI/pythia-1.4b
6629,14.587608615679533,1458,EleutherAI/pythia-1.4b
6630,44.72375017972913,78,EleutherAI/pythia-1.4b
6631,21.454786580214527,196,EleutherAI/pythia-1.4b
6632,8.110141614934951,656,EleutherAI/pythia-1.4b
6633,7.853635183290815,1060,EleutherAI/pythia-1.4b
6634,32.822496183752975,316,EleutherAI/pythia-1.4b
6635,4.105172064153454,543,EleutherAI/pythia-1.4b
6636,16.279943986024936,362,EleutherAI/pythia-1.4b
6637,49.92210097263133,41,EleutherAI/pythia-1.4b
6638,9.789828484400593,914,EleutherAI/pythia-1.4b
6639,8.268317559534859,392,EleutherAI/pythia-1.4b
6640,15.568327197855316,597,EleutherAI/pythia-1.4b
6641,4.108517813145235,256,EleutherAI/pythia-1.4b
6642,10.93780640543924,564,EleutherAI/pythia-1.4b
6643,50.718851433922765,111,EleutherAI/pythia-1.4b
6644,21.51409754017898,390,EleutherAI/pythia-1.4b
6645,18.385730373200854,429,EleutherAI/pythia-1.4b
6646,20.135805135815456,395,EleutherAI/pythia-1.4b
6647,5.425510744645141,159,EleutherAI/pythia-1.4b
6648,13.584781218240243,424,EleutherAI/pythia-1.4b
6649,4.596693401422839,483,EleutherAI/pythia-1.4b
6650,13.512478813371729,361,EleutherAI/pythia-1.4b
6651,3.4077663679515346,380,EleutherAI/pythia-1.4b
6652,44.976620351169665,344,EleutherAI/pythia-1.4b
6653,45.334402060141315,26,EleutherAI/pythia-1.4b
6654,21.405670279698683,536,EleutherAI/pythia-1.4b
6655,11.964792785968292,266,EleutherAI/pythia-1.4b
6656,9.462540677706818,328,EleutherAI/pythia-1.4b
6657,6.352133652973068,1022,EleutherAI/pythia-1.4b
6658,20.451864166995545,712,EleutherAI/pythia-1.4b
6659,11.976762695078499,443,EleutherAI/pythia-1.4b
6660,8.060242366919244,1046,EleutherAI/pythia-1.4b
6661,27.550783631155646,396,EleutherAI/pythia-1.4b
6662,27.76480169936441,367,EleutherAI/pythia-1.4b
6663,19.6249343527309,651,EleutherAI/pythia-1.4b
6664,12.817406605727449,250,EleutherAI/pythia-1.4b
6665,19.77336165534804,108,EleutherAI/pythia-1.4b
6666,9.329022283459672,816,EleutherAI/pythia-1.4b
6667,9.385044240228805,914,EleutherAI/pythia-1.4b
6668,24.92444185777293,333,EleutherAI/pythia-1.4b
6669,17.120241199164347,509,EleutherAI/pythia-1.4b
6670,5.011989671819459,243,EleutherAI/pythia-1.4b
6671,9.88660302259243,1037,EleutherAI/pythia-1.4b
6672,11.803042351049237,728,EleutherAI/pythia-1.4b
6673,34.04311149427666,108,EleutherAI/pythia-1.4b
6674,5.046878853067471,136,EleutherAI/pythia-1.4b
6675,6.923339619969623,147,EleutherAI/pythia-1.4b
6676,8.493760351421281,1363,EleutherAI/pythia-1.4b
6677,21.641646383040694,548,EleutherAI/pythia-1.4b
6678,3.4326514896595306,435,EleutherAI/pythia-1.4b
6679,17.076992276754233,555,EleutherAI/pythia-1.4b
6680,8.353566152964282,646,EleutherAI/pythia-1.4b
6681,26.660850363871333,243,EleutherAI/pythia-1.4b
6682,7.696909846491088,174,EleutherAI/pythia-1.4b
6683,16.008096957577155,568,EleutherAI/pythia-1.4b
6684,18.5805099680748,552,EleutherAI/pythia-1.4b
6685,5.642551899835447,725,EleutherAI/pythia-1.4b
6686,17.414814679988954,1118,EleutherAI/pythia-1.4b
6687,7.053868622921799,712,EleutherAI/pythia-1.4b
6688,22.72053363687699,138,EleutherAI/pythia-1.4b
6689,14.133348673608829,323,EleutherAI/pythia-1.4b
6690,12.354583387062759,582,EleutherAI/pythia-1.4b
6691,11.291164630697782,280,EleutherAI/pythia-1.4b
6692,5.63725529314366,157,EleutherAI/pythia-1.4b
6693,6.836366318678769,296,EleutherAI/pythia-1.4b
6694,15.78602780564784,211,EleutherAI/pythia-1.4b
6695,22.229466611347274,246,EleutherAI/pythia-1.4b
6696,4.44746701263565,448,EleutherAI/pythia-1.4b
6697,4.076862905429338,392,EleutherAI/pythia-1.4b
6698,17.53041091814779,821,EleutherAI/pythia-1.4b
6699,20.43390361328044,666,EleutherAI/pythia-1.4b
6700,12.347781011708134,392,EleutherAI/pythia-1.4b
6701,15.086027118828742,1163,EleutherAI/pythia-1.4b
6702,6.7216001732982456,122,EleutherAI/pythia-1.4b
6703,21.4866934467353,234,EleutherAI/pythia-1.4b
6704,19.831319628873107,391,EleutherAI/pythia-1.4b
6705,25.530933970200753,114,EleutherAI/pythia-1.4b
6706,12.737406600216126,2197,EleutherAI/pythia-1.4b
6707,20.003133743214235,556,EleutherAI/pythia-1.4b
6708,10.929178071052796,620,EleutherAI/pythia-1.4b
6709,98.4363656131054,285,EleutherAI/pythia-1.4b
6710,11.472912836855091,945,EleutherAI/pythia-1.4b
6711,30.262035997687494,1048,EleutherAI/pythia-1.4b
6712,4.980178679286748,344,EleutherAI/pythia-1.4b
6713,4.713939060771338,420,EleutherAI/pythia-1.4b
6714,6.597970766801056,486,EleutherAI/pythia-1.4b
6715,17.89871474903258,390,EleutherAI/pythia-1.4b
6716,4.284168017443161,1031,EleutherAI/pythia-1.4b
6717,5.23702325020063,163,EleutherAI/pythia-1.4b
6718,10.410835188389969,467,EleutherAI/pythia-1.4b
6719,21.997662196785512,241,EleutherAI/pythia-1.4b
6720,10.59001357839724,1048,EleutherAI/pythia-1.4b
6721,8.657731608173313,183,EleutherAI/pythia-1.4b
6722,18.598278082873904,674,EleutherAI/pythia-1.4b
6723,11.718966315517008,393,EleutherAI/pythia-1.4b
6724,21.84346696663197,907,EleutherAI/pythia-1.4b
6725,5.14466162555243,121,EleutherAI/pythia-1.4b
6726,14.428476803461468,2498,EleutherAI/pythia-1.4b
6727,8.17360213850292,777,EleutherAI/pythia-1.4b
6728,1900.143188220262,9,EleutherAI/pythia-1.4b
6729,5.503749973070475,347,EleutherAI/pythia-1.4b
6730,26.49746490983332,482,EleutherAI/pythia-1.4b
6731,15.44623440520864,74,EleutherAI/pythia-1.4b
6732,4.584993297324287,470,EleutherAI/pythia-1.4b
6733,18.15821278514061,837,EleutherAI/pythia-1.4b
6734,4.489753476769491,171,EleutherAI/pythia-1.4b
6735,9.549552394192414,28,EleutherAI/pythia-1.4b
6736,13.733659011753359,1137,EleutherAI/pythia-1.4b
6737,10.992625783668135,287,EleutherAI/pythia-1.4b
6738,7.035739738615061,412,EleutherAI/pythia-1.4b
6739,109.6191348838937,43,EleutherAI/pythia-1.4b
6740,4.1864462407727405,282,EleutherAI/pythia-1.4b
6741,16.86300413663215,144,EleutherAI/pythia-1.4b
6742,11.01498859289466,269,EleutherAI/pythia-1.4b
6743,10.512252132750136,171,EleutherAI/pythia-1.4b
6744,64.16907743592226,334,EleutherAI/pythia-1.4b
6745,22.878219986145847,840,EleutherAI/pythia-1.4b
6746,13.356015297510263,790,EleutherAI/pythia-1.4b
6747,17.32013714747647,486,EleutherAI/pythia-1.4b
6748,16.65797530633145,322,EleutherAI/pythia-1.4b
6749,4.582220820471421,480,EleutherAI/pythia-1.4b
6750,5.721746095128366,209,EleutherAI/pythia-1.4b
6751,28.866510129232413,105,EleutherAI/pythia-1.4b
6752,18.976788269085343,587,EleutherAI/pythia-1.4b
6753,17.31911720521398,29,EleutherAI/pythia-1.4b
6754,14.340211431923068,352,EleutherAI/pythia-1.4b
6755,22.264192268517174,29,EleutherAI/pythia-1.4b
6756,4.281077788968027,343,EleutherAI/pythia-1.4b
6757,8.114580460597347,185,EleutherAI/pythia-1.4b
6758,24.36580705986083,233,EleutherAI/pythia-1.4b
6759,4.7983952127409895,519,EleutherAI/pythia-1.4b
6760,5.00282561257779,236,EleutherAI/pythia-1.4b
6761,26.59872507332369,130,EleutherAI/pythia-1.4b
6762,14.914312031708862,250,EleutherAI/pythia-1.4b
6763,12.729634192742475,607,EleutherAI/pythia-1.4b
6764,20.84266994533877,632,EleutherAI/pythia-1.4b
6765,11.489783224691186,656,EleutherAI/pythia-1.4b
6766,5.695333469898063,251,EleutherAI/pythia-1.4b
6767,22.820730022967567,664,EleutherAI/pythia-1.4b
6768,17.60373567135107,508,EleutherAI/pythia-1.4b
6769,6.773275854937043,448,EleutherAI/pythia-1.4b
6770,20.58188256074282,507,EleutherAI/pythia-1.4b
6771,22.39597988962414,1068,EleutherAI/pythia-1.4b
6772,4.922441843628556,261,EleutherAI/pythia-1.4b
6773,13.618539670785102,363,EleutherAI/pythia-1.4b
6774,11.016564412360847,506,EleutherAI/pythia-1.4b
6775,16.345255685679156,277,EleutherAI/pythia-1.4b
6776,6.851547079311001,201,EleutherAI/pythia-1.4b
6777,21.472518139776653,248,EleutherAI/pythia-1.4b
6778,14.983662482312033,187,EleutherAI/pythia-1.4b
6779,9.093287090777045,430,EleutherAI/pythia-1.4b
6780,17.32259847006936,375,EleutherAI/pythia-1.4b
6781,56.38325419968258,310,EleutherAI/pythia-1.4b
6782,43.379795101332235,329,EleutherAI/pythia-1.4b
6783,4.783570982300796,449,EleutherAI/pythia-1.4b
6784,17.78893714767022,66,EleutherAI/pythia-1.4b
6785,1.4309859156170348,514,EleutherAI/pythia-1.4b
6786,12.040351177540835,418,EleutherAI/pythia-1.4b
6787,11.715010651946752,830,EleutherAI/pythia-1.4b
6788,25.993700579228552,325,EleutherAI/pythia-1.4b
6789,12.791350951400995,625,EleutherAI/pythia-1.4b
6790,13.056855059083182,672,EleutherAI/pythia-1.4b
6791,13.254371987600813,1035,EleutherAI/pythia-1.4b
6792,18.206022973086846,712,EleutherAI/pythia-1.4b
6793,3.9670525411580244,350,EleutherAI/pythia-1.4b
6794,7.511580340785884,225,EleutherAI/pythia-1.4b
6795,4.26317367039128,351,EleutherAI/pythia-1.4b
6796,7.485209170019517,176,EleutherAI/pythia-1.4b
6797,7.960998592916731,902,EleutherAI/pythia-1.4b
6798,4.535441708327912,416,EleutherAI/pythia-1.4b
6799,47.78289582331366,242,EleutherAI/pythia-1.4b
6800,39.10303795297998,477,EleutherAI/pythia-1.4b
6801,25.02146838821839,634,EleutherAI/pythia-1.4b
6802,22.998349861091906,241,EleutherAI/pythia-1.4b
6803,6.865922555124236,209,EleutherAI/pythia-1.4b
6804,14.843849178820825,204,EleutherAI/pythia-1.4b
6805,10.890460684092119,151,EleutherAI/pythia-1.4b
6806,15.782971991410824,753,EleutherAI/pythia-1.4b
6807,20.896262841559988,653,EleutherAI/pythia-1.4b
6808,34.27107684632163,124,EleutherAI/pythia-1.4b
6809,8.57546345510113,699,EleutherAI/pythia-1.4b
6810,5.923759597256273,277,EleutherAI/pythia-1.4b
6811,3.327289782395732,465,EleutherAI/pythia-1.4b
6812,24.066881350006597,180,EleutherAI/pythia-1.4b
6813,6.5976844726682025,154,EleutherAI/pythia-1.4b
6814,9.8250850308357,147,EleutherAI/pythia-1.4b
6815,13.504765221592784,136,EleutherAI/pythia-1.4b
6816,20.419176532338174,604,EleutherAI/pythia-1.4b
6817,3.8114069157367485,290,EleutherAI/pythia-1.4b
6818,17.329885373999062,374,EleutherAI/pythia-1.4b
6819,13.423239366172593,471,EleutherAI/pythia-1.4b
6820,30.01241380899723,594,EleutherAI/pythia-1.4b
6821,19.68668581290931,387,EleutherAI/pythia-1.4b
6822,6.123146459445111,397,EleutherAI/pythia-1.4b
6823,5.7972059851757365,217,EleutherAI/pythia-1.4b
6824,10.824324641634217,922,EleutherAI/pythia-1.4b
6825,14.234064204457445,1354,EleutherAI/pythia-1.4b
6826,16.266205603107284,399,EleutherAI/pythia-1.4b
6827,8.22304049889177,136,EleutherAI/pythia-1.4b
6828,3.09781459255218,316,EleutherAI/pythia-1.4b
6829,4.146713917944224,1033,EleutherAI/pythia-1.4b
6830,21.25648621986661,509,EleutherAI/pythia-1.4b
6831,8.70732843547533,184,EleutherAI/pythia-1.4b
6832,13.435515116513562,681,EleutherAI/pythia-1.4b
6833,4.584669737055759,71,EleutherAI/pythia-1.4b
6834,9.699804142563028,246,EleutherAI/pythia-1.4b
6835,12.404274536334583,821,EleutherAI/pythia-1.4b
6836,26.126887694226763,480,EleutherAI/pythia-1.4b
6837,2.920328652649301,482,EleutherAI/pythia-1.4b
6838,25.95248971041086,99,EleutherAI/pythia-1.4b
6839,10.157099627594457,895,EleutherAI/pythia-1.4b
6840,3.9544996711922558,220,EleutherAI/pythia-1.4b
6841,10.125343537566696,112,EleutherAI/pythia-1.4b
6842,12.351947390129574,255,EleutherAI/pythia-1.4b
6843,19.2538993522426,470,EleutherAI/pythia-1.4b
6844,15.75645418054476,422,EleutherAI/pythia-1.4b
6845,21.862890605250097,643,EleutherAI/pythia-1.4b
6846,38.446931167051986,179,EleutherAI/pythia-1.4b
6847,8.634730273996235,1038,EleutherAI/pythia-1.4b
6848,3.522624452908026,198,EleutherAI/pythia-1.4b
6849,8.184506752399303,65,EleutherAI/pythia-1.4b
6850,9.886704380555315,234,EleutherAI/pythia-1.4b
6851,6.611782677577963,860,EleutherAI/pythia-1.4b
6852,5.512053904142617,216,EleutherAI/pythia-1.4b
6853,14.720234605850372,609,EleutherAI/pythia-1.4b
6854,12.22057951417533,604,EleutherAI/pythia-1.4b
6855,13.776958493979778,429,EleutherAI/pythia-1.4b
6856,21.1364677883347,316,EleutherAI/pythia-1.4b
6857,25.9463214504941,583,EleutherAI/pythia-1.4b
6858,5.12938212526856,86,EleutherAI/pythia-1.4b
6859,11.578258874903373,1039,EleutherAI/pythia-1.4b
6860,48.053245855274895,37,EleutherAI/pythia-1.4b
6861,3.8075886118517133,538,EleutherAI/pythia-1.4b
6862,32.06796636317789,582,EleutherAI/pythia-1.4b
6863,89.85104194767695,11,EleutherAI/pythia-1.4b
6864,15.636941711422873,62,EleutherAI/pythia-1.4b
6865,15.83382350778239,1131,EleutherAI/pythia-1.4b
6866,20.639843301801346,315,EleutherAI/pythia-1.4b
6867,9.852492756908324,423,EleutherAI/pythia-1.4b
6868,4.916785402396988,486,EleutherAI/pythia-1.4b
6869,27.387370015102526,358,EleutherAI/pythia-1.4b
6870,14.178868328561258,401,EleutherAI/pythia-1.4b
6871,7.377048509544654,355,EleutherAI/pythia-1.4b
6872,9.74782377805902,477,EleutherAI/pythia-1.4b
6873,4.153398644223702,110,EleutherAI/pythia-1.4b
6874,3.9288075690472812,419,EleutherAI/pythia-1.4b
6875,29.678179897449837,203,EleutherAI/pythia-1.4b
6876,19.493677221154805,3181,EleutherAI/pythia-1.4b
6877,15.492975450708556,288,EleutherAI/pythia-1.4b
6878,5.942309226320368,881,EleutherAI/pythia-1.4b
6879,3.9779856411869474,388,EleutherAI/pythia-1.4b
6880,19.249791304398794,238,EleutherAI/pythia-1.4b
6881,3.260836342761087,288,EleutherAI/pythia-1.4b
6882,34.037495332475174,19,EleutherAI/pythia-1.4b
6883,23.507618322170554,595,EleutherAI/pythia-1.4b
6884,8.41611776776639,366,EleutherAI/pythia-1.4b
6885,4.250275035297978,466,EleutherAI/pythia-1.4b
6886,12.485382301886673,590,EleutherAI/pythia-1.4b
6887,6.647603890950136,507,EleutherAI/pythia-1.4b
6888,26.956552628485497,324,EleutherAI/pythia-1.4b
6889,26.35927767060354,234,EleutherAI/pythia-1.4b
6890,5.766438076319862,449,EleutherAI/pythia-1.4b
6891,12.369656179292207,77,EleutherAI/pythia-1.4b
6892,24.663329312817392,250,EleutherAI/pythia-1.4b
6893,7.99983983002997,593,EleutherAI/pythia-1.4b
6894,13.395830789160122,554,EleutherAI/pythia-1.4b
6895,8.546952683399201,395,EleutherAI/pythia-1.4b
6896,10.62397927264736,558,EleutherAI/pythia-1.4b
6897,5.459318244645104,455,EleutherAI/pythia-1.4b
6898,18.695230402116483,681,EleutherAI/pythia-1.4b
6899,4.994260539493545,315,EleutherAI/pythia-1.4b
6900,4.267481908335728,554,EleutherAI/pythia-1.4b
6901,8.73603051170219,1248,EleutherAI/pythia-1.4b
6902,4.014209669907185,553,EleutherAI/pythia-1.4b
6903,4.527778290972543,292,EleutherAI/pythia-1.4b
6904,4.347300250380513,273,EleutherAI/pythia-1.4b
6905,4.97890242318722,371,EleutherAI/pythia-1.4b
6906,15.379512701660943,390,EleutherAI/pythia-1.4b
6907,5.413122423536026,110,EleutherAI/pythia-1.4b
6908,23.307119882385457,376,EleutherAI/pythia-1.4b
6909,12.72002906754693,1005,EleutherAI/pythia-1.4b
6910,5.434841319881373,445,EleutherAI/pythia-1.4b
6911,7.433727833033603,194,EleutherAI/pythia-1.4b
6912,14.144658381800266,543,EleutherAI/pythia-1.4b
6913,18.148310150231907,231,EleutherAI/pythia-1.4b
6914,11.181240883095008,4461,EleutherAI/pythia-1.4b
6915,5.964170941003892,231,EleutherAI/pythia-1.4b
6916,4.610623552164937,565,EleutherAI/pythia-1.4b
6917,4.6087403577374575,230,EleutherAI/pythia-1.4b
6918,13.287550132340149,512,EleutherAI/pythia-1.4b
6919,13.733865297949052,213,EleutherAI/pythia-1.4b
6920,10.265752082170865,1264,EleutherAI/pythia-1.4b
6921,26.425436226505077,304,EleutherAI/pythia-1.4b
6922,18.044025562669965,104,EleutherAI/pythia-1.4b
6923,25.281845399635355,225,EleutherAI/pythia-1.4b
6924,17.251966549197096,243,EleutherAI/pythia-1.4b
6925,22.5139318669623,497,EleutherAI/pythia-1.4b
6926,6.036879299018097,782,EleutherAI/pythia-1.4b
6927,3.865780771777772,519,EleutherAI/pythia-1.4b
6928,9.457373488790878,353,EleutherAI/pythia-1.4b
6929,10.89741629968178,627,EleutherAI/pythia-1.4b
6930,18.111954150808934,1657,EleutherAI/pythia-1.4b
6931,5.507315052230654,173,EleutherAI/pythia-1.4b
6932,11.003397494111852,665,EleutherAI/pythia-1.4b
6933,9.945494330063909,668,EleutherAI/pythia-1.4b
6934,14.271429907292184,45,EleutherAI/pythia-1.4b
6935,7.0506857443126245,123,EleutherAI/pythia-1.4b
6936,3.919267165837762,246,EleutherAI/pythia-1.4b
6937,6.510350514182896,500,EleutherAI/pythia-1.4b
6938,22.060362031867577,1043,EleutherAI/pythia-1.4b
6939,22.640573529439813,264,EleutherAI/pythia-1.4b
6940,25.447592504104566,831,EleutherAI/pythia-1.4b
6941,9.832942515993459,572,EleutherAI/pythia-1.4b
6942,9.382972480121232,837,EleutherAI/pythia-1.4b
6943,14.604037294405686,89,EleutherAI/pythia-1.4b
6944,9.3477957052529,691,EleutherAI/pythia-1.4b
6945,18.286275720742985,617,EleutherAI/pythia-1.4b
6946,35.74933432317419,95,EleutherAI/pythia-1.4b
6947,18.27320974689304,895,EleutherAI/pythia-1.4b
6948,10.827992466178635,412,EleutherAI/pythia-1.4b
6949,15.21416433588115,630,EleutherAI/pythia-1.4b
6950,6.1088971970475505,382,EleutherAI/pythia-1.4b
6951,17.64849533954956,351,EleutherAI/pythia-1.4b
6952,9.569716420033934,741,EleutherAI/pythia-1.4b
6953,42.09637464965051,113,EleutherAI/pythia-1.4b
6954,18.52008660555266,1142,EleutherAI/pythia-1.4b
6955,10.311753674164231,1229,EleutherAI/pythia-1.4b
6956,15.443192819905633,535,EleutherAI/pythia-1.4b
6957,21.7907123700161,21,EleutherAI/pythia-1.4b
6958,28.99072707213591,85,EleutherAI/pythia-1.4b
6959,35.80938024182984,418,EleutherAI/pythia-1.4b
6960,20.263191027008265,433,EleutherAI/pythia-1.4b
6961,22.05979400236239,818,EleutherAI/pythia-1.4b
6962,8.91487094997177,477,EleutherAI/pythia-1.4b
6963,19.72355152915456,528,EleutherAI/pythia-1.4b
6964,13.973576718458556,672,EleutherAI/pythia-1.4b
6965,78.86479330442612,38,EleutherAI/pythia-1.4b
6966,37.93700275944651,71,EleutherAI/pythia-1.4b
6967,9.27166342098277,228,EleutherAI/pythia-1.4b
6968,4.377799879346537,281,EleutherAI/pythia-1.4b
6969,41.62795450881829,183,EleutherAI/pythia-1.4b
6970,19.527918312657278,799,EleutherAI/pythia-1.4b
6971,9.62899952858131,1027,EleutherAI/pythia-1.4b
6972,6.213490038916868,382,EleutherAI/pythia-1.4b
6973,30.536834088389213,205,EleutherAI/pythia-1.4b
6974,19.127563121683643,670,EleutherAI/pythia-1.4b
6975,7.098046990814812,480,EleutherAI/pythia-1.4b
6976,7.042294074815511,540,EleutherAI/pythia-1.4b
6977,5.976729467401875,160,EleutherAI/pythia-1.4b
6978,8.367770681011947,640,EleutherAI/pythia-1.4b
6979,4.795502269961094,244,EleutherAI/pythia-1.4b
6980,5.871716940471952,442,EleutherAI/pythia-1.4b
6981,54.16391354501707,106,EleutherAI/pythia-1.4b
6982,17.55544771974323,362,EleutherAI/pythia-1.4b
6983,6.996444043355948,312,EleutherAI/pythia-1.4b
6984,14.87428785757738,56,EleutherAI/pythia-1.4b
6985,5.152378934774852,93,EleutherAI/pythia-1.4b
6986,2.778963226548627,592,EleutherAI/pythia-1.4b
6987,9.61674811826961,727,EleutherAI/pythia-1.4b
6988,4.324953909377662,219,EleutherAI/pythia-1.4b
6989,18.61578800919612,255,EleutherAI/pythia-1.4b
6990,20.458252861385787,228,EleutherAI/pythia-1.4b
6991,16.570845300619105,406,EleutherAI/pythia-1.4b
6992,3.5750317635381195,449,EleutherAI/pythia-1.4b
6993,3.8022599276391453,480,EleutherAI/pythia-1.4b
6994,11.617795453990388,431,EleutherAI/pythia-1.4b
6995,87.64877632091674,546,EleutherAI/pythia-1.4b
6996,5.550369186779018,156,EleutherAI/pythia-1.4b
6997,20.1795586319427,953,EleutherAI/pythia-1.4b
6998,5.151575608852616,228,EleutherAI/pythia-1.4b
6999,15.39768489924159,531,EleutherAI/pythia-1.4b
7000,3.8021964711100167,304,EleutherAI/pythia-1.4b
7001,15.164493008669666,343,EleutherAI/pythia-1.4b
7002,11.505109298464088,153,EleutherAI/pythia-1.4b
7003,4.411809827464394,305,EleutherAI/pythia-1.4b
7004,30.927348692640116,52,EleutherAI/pythia-1.4b
7005,5.622572143982633,126,EleutherAI/pythia-1.4b
7006,14.114565242484042,819,EleutherAI/pythia-1.4b
7007,10.19271403577442,578,EleutherAI/pythia-1.4b
7008,7.537945574037764,1034,EleutherAI/pythia-1.4b
7009,7.819490552894975,865,EleutherAI/pythia-1.4b
7010,35.35625160302694,44,EleutherAI/pythia-1.4b
7011,22.747092434523857,322,EleutherAI/pythia-1.4b
7012,23.295570053094092,92,EleutherAI/pythia-1.4b
7013,7.878221440321981,479,EleutherAI/pythia-1.4b
7014,48.45971211676796,272,EleutherAI/pythia-1.4b
7015,11.903829636712766,1738,EleutherAI/pythia-1.4b
7016,16.17612571866963,823,EleutherAI/pythia-1.4b
7017,6.330057860012585,318,EleutherAI/pythia-1.4b
7018,25.175770738648247,224,EleutherAI/pythia-1.4b
7019,5.488622806410471,71,EleutherAI/pythia-1.4b
7020,24.808359846433916,818,EleutherAI/pythia-1.4b
7021,3.453610396364373,227,EleutherAI/pythia-1.4b
7022,28.37798640545752,150,EleutherAI/pythia-1.4b
7023,9.17075950002922,924,EleutherAI/pythia-1.4b
7024,4.177902523214518,211,EleutherAI/pythia-1.4b
7025,1.3343556849571054,543,EleutherAI/pythia-1.4b
7026,11.492183170246967,580,EleutherAI/pythia-1.4b
7027,12.765007396860403,900,EleutherAI/pythia-1.4b
7028,7.61959950711489,440,EleutherAI/pythia-1.4b
7029,25.863930167700616,672,EleutherAI/pythia-1.4b
7030,6.385607202088121,320,EleutherAI/pythia-1.4b
7031,10.3319769551864,4006,EleutherAI/pythia-1.4b
7032,63.450251437683015,11,EleutherAI/pythia-1.4b
7033,15.226476878082007,749,EleutherAI/pythia-1.4b
7034,187.56923404829826,22,EleutherAI/pythia-1.4b
7035,6.392280528706683,156,EleutherAI/pythia-1.4b
7036,47.66405097514602,35,EleutherAI/pythia-1.4b
7037,9.645368223226892,59,EleutherAI/pythia-1.4b
7038,20.73820010086461,538,EleutherAI/pythia-1.4b
7039,25.325927910828316,856,EleutherAI/pythia-1.4b
7040,15.169146867118389,146,EleutherAI/pythia-1.4b
7041,20.636758114242255,829,EleutherAI/pythia-1.4b
7042,5.25571691616707,497,EleutherAI/pythia-1.4b
7043,4.565139481243678,475,EleutherAI/pythia-1.4b
7044,16.449375042012687,342,EleutherAI/pythia-1.4b
7045,25.798230157729993,251,EleutherAI/pythia-1.4b
7046,10.115214341532843,468,EleutherAI/pythia-1.4b
7047,3.79367347231955,454,EleutherAI/pythia-1.4b
7048,6.807752059832935,301,EleutherAI/pythia-1.4b
7049,18.50320489166612,56,EleutherAI/pythia-1.4b
7050,15.552760363344037,658,EleutherAI/pythia-1.4b
7051,4.8768131726680055,130,EleutherAI/pythia-1.4b
7052,4.764316700417714,267,EleutherAI/pythia-1.4b
7053,24.465552354890647,309,EleutherAI/pythia-1.4b
7054,19.316343802456586,681,EleutherAI/pythia-1.4b
7055,51.37430650591691,406,EleutherAI/pythia-1.4b
7056,4.549461194603365,510,EleutherAI/pythia-1.4b
7057,17.878711270806313,1588,EleutherAI/pythia-1.4b
7058,11.664712293858548,1035,EleutherAI/pythia-1.4b
7059,54.76664395719087,27,EleutherAI/pythia-1.4b
7060,9.973054856538228,236,EleutherAI/pythia-1.4b
7061,4.472286373169623,460,EleutherAI/pythia-1.4b
7062,3.808475181621183,272,EleutherAI/pythia-1.4b
7063,12.65537018907558,205,EleutherAI/pythia-1.4b
7064,16.632842327412902,949,EleutherAI/pythia-1.4b
7065,19.202142439810263,219,EleutherAI/pythia-1.4b
7066,11.451321135460132,676,EleutherAI/pythia-1.4b
7067,21.256166941966253,486,EleutherAI/pythia-1.4b
7068,5.370520188608245,211,EleutherAI/pythia-1.4b
7069,18.791841330834526,587,EleutherAI/pythia-1.4b
7070,25.972111676124374,233,EleutherAI/pythia-1.4b
7071,17.684710501521373,409,EleutherAI/pythia-1.4b
7072,6.06675955421757,189,EleutherAI/pythia-1.4b
7073,11.061936748953316,432,EleutherAI/pythia-1.4b
7074,34.141487485721036,106,EleutherAI/pythia-1.4b
7075,19.190535766931266,1242,EleutherAI/pythia-1.4b
7076,17.159831223394416,272,EleutherAI/pythia-1.4b
7077,8.662943126188013,64,EleutherAI/pythia-1.4b
7078,7.980494520765369,762,EleutherAI/pythia-1.4b
7079,3.77332088242298,142,EleutherAI/pythia-1.4b
7080,15.332331664355713,728,EleutherAI/pythia-1.4b
7081,23.265630511130862,108,EleutherAI/pythia-1.4b
7082,5.97060597656248,409,EleutherAI/pythia-1.4b
7083,4.526439900803872,203,EleutherAI/pythia-1.4b
7084,11.422629892944215,547,EleutherAI/pythia-1.4b
7085,10.525431078627001,625,EleutherAI/pythia-1.4b
7086,13.043867873541819,713,EleutherAI/pythia-1.4b
7087,18.025536308855383,641,EleutherAI/pythia-1.4b
7088,6.44184751443015,140,EleutherAI/pythia-1.4b
7089,18.367657325558447,639,EleutherAI/pythia-1.4b
7090,45.91595885640693,506,EleutherAI/pythia-1.4b
7091,9.553214175535384,1148,EleutherAI/pythia-1.4b
7092,17.643021932805173,397,EleutherAI/pythia-1.4b
7093,25.71851647488494,218,EleutherAI/pythia-1.4b
7094,14.674407834307265,243,EleutherAI/pythia-1.4b
7095,12.96569933536953,515,EleutherAI/pythia-1.4b
7096,12.73452448671357,1033,EleutherAI/pythia-1.4b
7097,35.675989910526184,235,EleutherAI/pythia-1.4b
7098,11.519461556360305,813,EleutherAI/pythia-1.4b
7099,10.852426388120135,906,EleutherAI/pythia-1.4b
7100,28.832806489811233,799,EleutherAI/pythia-1.4b
7101,13.637966806327746,282,EleutherAI/pythia-1.4b
7102,92.97117557004795,26,EleutherAI/pythia-1.4b
7103,23.75558338202489,125,EleutherAI/pythia-1.4b
7104,24.451761098552023,231,EleutherAI/pythia-1.4b
7105,6.9485297294050445,1049,EleutherAI/pythia-1.4b
7106,3.6267688149980923,271,EleutherAI/pythia-1.4b
7107,4.267526676237353,140,EleutherAI/pythia-1.4b
7108,5.199250028990327,324,EleutherAI/pythia-1.4b
7109,6.555924773739296,223,EleutherAI/pythia-1.4b
7110,626.4071343489012,17,EleutherAI/pythia-1.4b
7111,7.196249414341868,107,EleutherAI/pythia-1.4b
7112,4.242177016726249,387,EleutherAI/pythia-1.4b
7113,14.937955814574595,452,EleutherAI/pythia-1.4b
7114,21.579899945630764,622,EleutherAI/pythia-1.4b
7115,8.724977671818532,343,EleutherAI/pythia-1.4b
7116,4.235736170956578,471,EleutherAI/pythia-1.4b
7117,9.023041008133221,886,EleutherAI/pythia-1.4b
7118,3.1318715613412156,510,EleutherAI/pythia-1.4b
7119,17.469024027646647,1908,EleutherAI/pythia-1.4b
7120,3.8945030809919023,298,EleutherAI/pythia-1.4b
7121,3.9351480551373235,155,EleutherAI/pythia-1.4b
7122,4.866533923737607,233,EleutherAI/pythia-1.4b
7123,12.690996936440376,41,EleutherAI/pythia-1.4b
7124,30.96107942190084,247,EleutherAI/pythia-1.4b
7125,3.5763527300377778,591,EleutherAI/pythia-1.4b
7126,11.866616641842947,565,EleutherAI/pythia-1.4b
7127,27.617279051093348,228,EleutherAI/pythia-1.4b
7128,5.374100188155458,206,EleutherAI/pythia-1.4b
7129,10.78693537470399,735,EleutherAI/pythia-1.4b
7130,36.27646264151232,218,EleutherAI/pythia-1.4b
7131,5.895357362866996,195,EleutherAI/pythia-1.4b
7132,12.030635101272445,332,EleutherAI/pythia-1.4b
7133,14.561130643164844,575,EleutherAI/pythia-1.4b
7134,4.273501296098816,452,EleutherAI/pythia-1.4b
7135,9.35849730083857,201,EleutherAI/pythia-1.4b
7136,4.606985893272667,94,EleutherAI/pythia-1.4b
7137,13.556396358193423,1205,EleutherAI/pythia-1.4b
7138,17.17717039653242,650,EleutherAI/pythia-1.4b
7139,9.422450186874501,767,EleutherAI/pythia-1.4b
7140,29.205170906018537,262,EleutherAI/pythia-1.4b
7141,11.529517963775069,211,EleutherAI/pythia-1.4b
7142,15.55301622207344,306,EleutherAI/pythia-1.4b
7143,13.890055241804461,878,EleutherAI/pythia-1.4b
7144,18.944150064134153,372,EleutherAI/pythia-1.4b
7145,8.212720891173092,233,EleutherAI/pythia-1.4b
7146,21.342271590085545,863,EleutherAI/pythia-1.4b
7147,20.57697604247325,261,EleutherAI/pythia-1.4b
7148,20.380636452514096,757,EleutherAI/pythia-1.4b
7149,16.662547211607926,189,EleutherAI/pythia-1.4b
7150,8.594869757060582,612,EleutherAI/pythia-1.4b
7151,31.573493430814217,1072,EleutherAI/pythia-1.4b
7152,12.105180587274457,536,EleutherAI/pythia-1.4b
7153,6.625301256421683,155,EleutherAI/pythia-1.4b
7154,22.643040519386158,471,EleutherAI/pythia-1.4b
7155,13.953485209872143,56,EleutherAI/pythia-1.4b
7156,188.61644776357807,18,EleutherAI/pythia-1.4b
7157,7.5090788696570625,945,EleutherAI/pythia-1.4b
7158,20.25229494816463,242,EleutherAI/pythia-1.4b
7159,14.29659027699247,827,EleutherAI/pythia-1.4b
7160,83.39706120899632,64,EleutherAI/pythia-1.4b
7161,8.086211845095042,1152,EleutherAI/pythia-1.4b
7162,16.524433237795677,437,EleutherAI/pythia-1.4b
7163,18.954351376936845,583,EleutherAI/pythia-1.4b
7164,3.724632645609816,403,EleutherAI/pythia-1.4b
7165,10.87878534671766,1029,EleutherAI/pythia-1.4b
7166,4.867797043816494,422,EleutherAI/pythia-1.4b
7167,5.01598718282792,262,EleutherAI/pythia-1.4b
7168,11.016068004908483,222,EleutherAI/pythia-1.4b
7169,12.612116201031627,652,EleutherAI/pythia-1.4b
7170,3.7968241871142108,248,EleutherAI/pythia-1.4b
7171,28.652319064275105,403,EleutherAI/pythia-1.4b
7172,9.110469596222703,463,EleutherAI/pythia-1.4b
7173,7.72020658644566,273,EleutherAI/pythia-1.4b
7174,6.4696911533785,116,EleutherAI/pythia-1.4b
7175,11.660941753309691,1067,EleutherAI/pythia-1.4b
7176,21.771389191572265,318,EleutherAI/pythia-1.4b
7177,3.26686126183609,412,EleutherAI/pythia-1.4b
7178,19.805586806202378,680,EleutherAI/pythia-1.4b
7179,9.251212018008438,659,EleutherAI/pythia-1.4b
7180,33.540877898518524,242,EleutherAI/pythia-1.4b
7181,15.812391808777212,550,EleutherAI/pythia-1.4b
7182,5.030551681913363,180,EleutherAI/pythia-1.4b
7183,13.235415544837878,369,EleutherAI/pythia-1.4b
7184,28.885015713967494,561,EleutherAI/pythia-1.4b
7185,8.354480368212577,307,EleutherAI/pythia-1.4b
7186,7.050481504011903,446,EleutherAI/pythia-1.4b
7187,18.002468549859667,483,EleutherAI/pythia-1.4b
7188,27.518681802643847,957,EleutherAI/pythia-1.4b
7189,11.838939569313427,618,EleutherAI/pythia-1.4b
7190,11.047943802784273,262,EleutherAI/pythia-1.4b
7191,22.316443680424758,225,EleutherAI/pythia-1.4b
7192,4.5329855837475534,205,EleutherAI/pythia-1.4b
7193,18.802543391091827,685,EleutherAI/pythia-1.4b
7194,19.245225285659156,396,EleutherAI/pythia-1.4b
7195,51.58226637224763,61,EleutherAI/pythia-1.4b
7196,16.59457496094436,402,EleutherAI/pythia-1.4b
7197,15.433137023979647,248,EleutherAI/pythia-1.4b
7198,27.329832427835473,882,EleutherAI/pythia-1.4b
7199,13.0972681377572,540,EleutherAI/pythia-1.4b
7200,8.030319348297542,163,EleutherAI/pythia-1.4b
7201,4.4249486448734645,225,EleutherAI/pythia-1.4b
7202,20.66203874428004,683,EleutherAI/pythia-1.4b
7203,21.069771925571693,1408,EleutherAI/pythia-1.4b
7204,4.949589659411741,230,EleutherAI/pythia-1.4b
7205,35.4867458111198,1004,EleutherAI/pythia-1.4b
7206,30.080920085973133,371,EleutherAI/pythia-1.4b
7207,17.282826584667514,299,EleutherAI/pythia-1.4b
7208,31.27169141442947,486,EleutherAI/pythia-1.4b
7209,19.06653936122932,2980,EleutherAI/pythia-1.4b
7210,19.450047126673404,320,EleutherAI/pythia-1.4b
7211,6.362627721880581,345,EleutherAI/pythia-1.4b
7212,73.05991023989134,51,EleutherAI/pythia-1.4b
7213,3.5168857558681093,697,EleutherAI/pythia-1.4b
7214,13.214362572617217,592,EleutherAI/pythia-1.4b
7215,6.916893522240815,199,EleutherAI/pythia-1.4b
7216,41.74312301255488,684,EleutherAI/pythia-1.4b
7217,10.852651496001663,179,EleutherAI/pythia-1.4b
7218,4.9952793081986835,223,EleutherAI/pythia-1.4b
7219,10.338019409788181,382,EleutherAI/pythia-1.4b
7220,6.7047784115600315,454,EleutherAI/pythia-1.4b
7221,4.5494470938362594,179,EleutherAI/pythia-1.4b
7222,29.41040754773468,254,EleutherAI/pythia-1.4b
7223,3.894146080688566,234,EleutherAI/pythia-1.4b
7224,8.386403047941196,699,EleutherAI/pythia-1.4b
7225,15.120462454781581,1065,EleutherAI/pythia-1.4b
7226,22.942259090956497,567,EleutherAI/pythia-1.4b
7227,23.764607485087204,628,EleutherAI/pythia-1.4b
7228,9.857535037907143,572,EleutherAI/pythia-1.4b
7229,22.326081466787592,562,EleutherAI/pythia-1.4b
7230,26.2699563332499,97,EleutherAI/pythia-1.4b
7231,13.677926952639657,6930,EleutherAI/pythia-1.4b
7232,9.266808143313874,1037,EleutherAI/pythia-1.4b
7233,29.923466843007326,173,EleutherAI/pythia-1.4b
7234,6.767805254643923,32,EleutherAI/pythia-1.4b
7235,9.705647563727602,678,EleutherAI/pythia-1.4b
7236,8.206396818490646,858,EleutherAI/pythia-1.4b
7237,14.65927348049486,1264,EleutherAI/pythia-1.4b
7238,18.889023569481555,787,EleutherAI/pythia-1.4b
7239,10.842502996987154,489,EleutherAI/pythia-1.4b
7240,11.090991196784387,530,EleutherAI/pythia-1.4b
7241,3.9246363148970675,242,EleutherAI/pythia-1.4b
7242,16.086606048965578,751,EleutherAI/pythia-1.4b
7243,14.56570698904766,816,EleutherAI/pythia-1.4b
7244,38.80811667551611,24,EleutherAI/pythia-1.4b
7245,3.251987453464964,404,EleutherAI/pythia-1.4b
7246,13.88786310433577,132,EleutherAI/pythia-1.4b
7247,9.387481269133344,397,EleutherAI/pythia-1.4b
7248,24.00120227290463,640,EleutherAI/pythia-1.4b
7249,8.208087458268421,304,EleutherAI/pythia-1.4b
7250,16.12811961016779,1148,EleutherAI/pythia-1.4b
7251,8.59208332861003,83,EleutherAI/pythia-1.4b
7252,24.89250977652036,227,EleutherAI/pythia-1.4b
7253,20.55530323840412,214,EleutherAI/pythia-1.4b
7254,8.670888255701264,86,EleutherAI/pythia-1.4b
7255,6.051052186300884,492,EleutherAI/pythia-1.4b
7256,4.82173732067145,484,EleutherAI/pythia-1.4b
7257,16.189853639637114,520,EleutherAI/pythia-1.4b
7258,24.32173144369253,854,EleutherAI/pythia-1.4b
7259,23.83385511565413,157,EleutherAI/pythia-1.4b
7260,13.188009334206171,501,EleutherAI/pythia-1.4b
7261,20.75672999256985,473,EleutherAI/pythia-1.4b
7262,24.69536777115011,285,EleutherAI/pythia-1.4b
7263,16.591176714108983,1055,EleutherAI/pythia-1.4b
7264,13.756834814733137,836,EleutherAI/pythia-1.4b
7265,32.209069596971304,71,EleutherAI/pythia-1.4b
7266,9.33135577388861,273,EleutherAI/pythia-1.4b
7267,4.1131679033297335,279,EleutherAI/pythia-1.4b
7268,3.9548636188493407,163,EleutherAI/pythia-1.4b
7269,14.489721017782248,626,EleutherAI/pythia-1.4b
7270,4.083084072372073,263,EleutherAI/pythia-1.4b
7271,15.306227961254914,270,EleutherAI/pythia-1.4b
7272,20.219574363549313,520,EleutherAI/pythia-1.4b
7273,40.960027613632214,20,EleutherAI/pythia-1.4b
7274,26.941138800802303,1045,EleutherAI/pythia-1.4b
7275,7.217002600585987,686,EleutherAI/pythia-1.4b
7276,15.046029987145488,729,EleutherAI/pythia-1.4b
7277,16.829286184521365,359,EleutherAI/pythia-1.4b
7278,8.566403785354014,6865,EleutherAI/pythia-1.4b
7279,20.250967147762893,848,EleutherAI/pythia-1.4b
7280,14.47216837643193,599,EleutherAI/pythia-1.4b
7281,19.25290783251131,230,EleutherAI/pythia-1.4b
7282,16.33608469172771,524,EleutherAI/pythia-1.4b
7283,5.330120353930171,140,EleutherAI/pythia-1.4b
7284,14.32006732985591,466,EleutherAI/pythia-1.4b
7285,38.108763877657424,50,EleutherAI/pythia-1.4b
7286,10.22521042603585,85,EleutherAI/pythia-1.4b
7287,8.512750381689507,741,EleutherAI/pythia-1.4b
7288,5.357727290350619,221,EleutherAI/pythia-1.4b
7289,9.879352732302301,525,EleutherAI/pythia-1.4b
7290,5.823535651308706,440,EleutherAI/pythia-1.4b
7291,13.402414859266878,679,EleutherAI/pythia-1.4b
7292,4.430846801259093,305,EleutherAI/pythia-1.4b
7293,35.89703211280403,162,EleutherAI/pythia-1.4b
7294,35.95829486032918,115,EleutherAI/pythia-1.4b
7295,20.75430027886288,330,EleutherAI/pythia-1.4b
7296,42.2014679358104,209,EleutherAI/pythia-1.4b
7297,8.00667664312645,450,EleutherAI/pythia-1.4b
7298,23.71803395959682,168,EleutherAI/pythia-1.4b
7299,6.525014230442627,120,EleutherAI/pythia-1.4b
7300,4.9344318531264335,214,EleutherAI/pythia-1.4b
7301,18.76067966031432,439,EleutherAI/pythia-1.4b
7302,21.735783639687995,1603,EleutherAI/pythia-1.4b
7303,19.51902307000302,256,EleutherAI/pythia-1.4b
7304,9.121336598254148,197,EleutherAI/pythia-1.4b
7305,16.18941746981786,751,EleutherAI/pythia-1.4b
7306,4.661877853077783,474,EleutherAI/pythia-1.4b
7307,4.4097891463058945,257,EleutherAI/pythia-1.4b
7308,4.994137896375778,72,EleutherAI/pythia-1.4b
7309,4.988865306265871,305,EleutherAI/pythia-1.4b
7310,4.1810284250521494,389,EleutherAI/pythia-1.4b
7311,7.535717392444071,601,EleutherAI/pythia-1.4b
7312,20.66303386345418,372,EleutherAI/pythia-1.4b
7313,8.279516323216606,336,EleutherAI/pythia-1.4b
7314,38.97711176479039,57,EleutherAI/pythia-1.4b
7315,23.4651286615619,662,EleutherAI/pythia-1.4b
7316,18.030006390687245,392,EleutherAI/pythia-1.4b
7317,5.848875486630543,209,EleutherAI/pythia-1.4b
7318,15.388968518655702,617,EleutherAI/pythia-1.4b
7319,5.230960421542721,232,EleutherAI/pythia-1.4b
7320,5.8477913784612765,436,EleutherAI/pythia-1.4b
7321,13.785687506196963,1787,EleutherAI/pythia-1.4b
7322,5.2592711706494155,278,EleutherAI/pythia-1.4b
7323,15.733870486001496,1043,EleutherAI/pythia-1.4b
7324,4.6332913858614555,230,EleutherAI/pythia-1.4b
7325,35.91179859506486,149,EleutherAI/pythia-1.4b
7326,19.29474286332364,1296,EleutherAI/pythia-1.4b
7327,5.980236618315376,450,EleutherAI/pythia-1.4b
7328,5.970766122841947,195,EleutherAI/pythia-1.4b
7329,4.8292373363026,264,EleutherAI/pythia-1.4b
7330,30.293264326151327,323,EleutherAI/pythia-1.4b
7331,4.865094239053102,434,EleutherAI/pythia-1.4b
7332,6.1843046248562,242,EleutherAI/pythia-1.4b
7333,27.74545260389957,378,EleutherAI/pythia-1.4b
7334,24.740079198109857,606,EleutherAI/pythia-1.4b
7335,21.28396714217242,235,EleutherAI/pythia-1.4b
7336,11.514362520785804,1027,EleutherAI/pythia-1.4b
7337,18.866254127076985,541,EleutherAI/pythia-1.4b
7338,18.33951632915877,70,EleutherAI/pythia-1.4b
7339,9.980640421530223,753,EleutherAI/pythia-1.4b
7340,15.595093544695757,428,EleutherAI/pythia-1.4b
7341,22.915554375053812,1272,EleutherAI/pythia-1.4b
7342,24.57162803364501,273,EleutherAI/pythia-1.4b
7343,4.191859083927397,627,EleutherAI/pythia-1.4b
7344,9.596638289432828,274,EleutherAI/pythia-1.4b
7345,16.097912784612372,983,EleutherAI/pythia-1.4b
7346,24.06213649869969,493,EleutherAI/pythia-1.4b
7347,19.825462309939514,307,EleutherAI/pythia-1.4b
7348,4.347133898980996,479,EleutherAI/pythia-1.4b
7349,22.64160455818895,517,EleutherAI/pythia-1.4b
7350,21.27915353237656,2320,EleutherAI/pythia-1.4b
7351,21.427871844544473,805,EleutherAI/pythia-1.4b
7352,24.17139562844381,718,EleutherAI/pythia-1.4b
7353,21.284961766079565,105,EleutherAI/pythia-1.4b
7354,5.862265951908835,258,EleutherAI/pythia-1.4b
7355,19.590504131385057,639,EleutherAI/pythia-1.4b
7356,35.90496673707815,56,EleutherAI/pythia-1.4b
7357,17.172940414121985,228,EleutherAI/pythia-1.4b
7358,9.642763088663031,635,EleutherAI/pythia-1.4b
7359,5.097524212902585,487,EleutherAI/pythia-1.4b
7360,4.532619765317488,342,EleutherAI/pythia-1.4b
7361,37.28916822965056,329,EleutherAI/pythia-1.4b
7362,40.385491230156084,28,EleutherAI/pythia-1.4b
7363,4.357339741387595,203,EleutherAI/pythia-1.4b
7364,23.29297088084353,567,EleutherAI/pythia-1.4b
7365,6.441135684445175,540,EleutherAI/pythia-1.4b
7366,43.007128907683125,41,EleutherAI/pythia-1.4b
7367,39.64910020857204,60,EleutherAI/pythia-1.4b
7368,16.829081552625993,231,EleutherAI/pythia-1.4b
7369,17.18614976427473,224,EleutherAI/pythia-1.4b
7370,5.899146571637974,459,EleutherAI/pythia-1.4b
7371,16.956593697622488,271,EleutherAI/pythia-1.4b
7372,26.12585990709532,362,EleutherAI/pythia-1.4b
7373,20.81269198277982,642,EleutherAI/pythia-1.4b
7374,16.217878030207686,161,EleutherAI/pythia-1.4b
7375,5.1264864095575335,215,EleutherAI/pythia-1.4b
7376,3.640276137597449,561,EleutherAI/pythia-1.4b
7377,31.349402191927602,234,EleutherAI/pythia-1.4b
7378,10.708279396545437,1276,EleutherAI/pythia-1.4b
7379,47.475453207467616,224,EleutherAI/pythia-1.4b
7380,25.22215171765238,683,EleutherAI/pythia-1.4b
7381,21.94882061418248,518,EleutherAI/pythia-1.4b
7382,22.576563726354912,359,EleutherAI/pythia-1.4b
7383,18.231020583270585,696,EleutherAI/pythia-1.4b
7384,23.907881255309526,445,EleutherAI/pythia-1.4b
7385,39.07625314269707,413,EleutherAI/pythia-1.4b
7386,9.448495947459108,1061,EleutherAI/pythia-1.4b
7387,9.7387850448756,707,EleutherAI/pythia-1.4b
7388,19.071466388321802,222,EleutherAI/pythia-1.4b
7389,8.095583883702844,1595,EleutherAI/pythia-1.4b
7390,4.3837088726203755,577,EleutherAI/pythia-1.4b
7391,18.85565516502491,196,EleutherAI/pythia-1.4b
7392,8.819811717896036,224,EleutherAI/pythia-1.4b
7393,12.430344842387308,249,EleutherAI/pythia-1.4b
7394,5.484993978856158,114,EleutherAI/pythia-1.4b
7395,75.43272759510823,49,EleutherAI/pythia-1.4b
7396,6.950230497554154,111,EleutherAI/pythia-1.4b
7397,7.2462329723524554,567,EleutherAI/pythia-1.4b
7398,24.49846700098669,479,EleutherAI/pythia-1.4b
7399,19.364239115890985,861,EleutherAI/pythia-1.4b
7400,9.829815642123346,1036,EleutherAI/pythia-1.4b
7401,5.299891471076581,462,EleutherAI/pythia-1.4b
7402,36.5648790893677,58,EleutherAI/pythia-1.4b
7403,20.823795233723892,1005,EleutherAI/pythia-1.4b
7404,13.886028862453536,554,EleutherAI/pythia-1.4b
7405,14.435977248328241,533,EleutherAI/pythia-1.4b
7406,32.708200861305585,343,EleutherAI/pythia-1.4b
7407,9.663946446289462,1039,EleutherAI/pythia-1.4b
7408,18.472191542573757,462,EleutherAI/pythia-1.4b
7409,22.252076952111697,490,EleutherAI/pythia-1.4b
7410,4.712456320297265,179,EleutherAI/pythia-1.4b
7411,203.7371403068648,14,EleutherAI/pythia-1.4b
7412,8.302794698641929,349,EleutherAI/pythia-1.4b
7413,13.13534767829885,1427,EleutherAI/pythia-1.4b
7414,8.07122858528844,221,EleutherAI/pythia-1.4b
7415,29.08488185794119,455,EleutherAI/pythia-1.4b
7416,93.38130726093296,16,EleutherAI/pythia-1.4b
7417,8.402370034510206,249,EleutherAI/pythia-1.4b
7418,15.66130914342497,235,EleutherAI/pythia-1.4b
7419,36.930820975342364,81,EleutherAI/pythia-1.4b
7420,9.367792796057682,135,EleutherAI/pythia-1.4b
7421,17.854976360596762,317,EleutherAI/pythia-1.4b
7422,19.744441511465833,284,EleutherAI/pythia-1.4b
7423,23.179021047180765,213,EleutherAI/pythia-1.4b
7424,45.20971332040288,84,EleutherAI/pythia-1.4b
7425,33.18380128899422,247,EleutherAI/pythia-1.4b
7426,6.383177838279664,611,EleutherAI/pythia-1.4b
7427,5.383120310594633,414,EleutherAI/pythia-1.4b
7428,4.099539314904879,197,EleutherAI/pythia-1.4b
7429,3.8214841800182535,486,EleutherAI/pythia-1.4b
7430,7.211312016828047,889,EleutherAI/pythia-1.4b
7431,5.1511635537193685,216,EleutherAI/pythia-1.4b
7432,11.161952221395271,615,EleutherAI/pythia-1.4b
7433,16.950470011671126,176,EleutherAI/pythia-1.4b
7434,4.702792027076838,393,EleutherAI/pythia-1.4b
7435,34.34984302938878,1774,EleutherAI/pythia-1.4b
7436,29.487471913604324,480,EleutherAI/pythia-1.4b
7437,8.610833305304764,1035,EleutherAI/pythia-1.4b
7438,17.582431716949156,312,EleutherAI/pythia-1.4b
7439,14.709316851684916,386,EleutherAI/pythia-1.4b
7440,20.465199782258093,652,EleutherAI/pythia-1.4b
7441,6.595822291016077,149,EleutherAI/pythia-1.4b
7442,15.503968443135673,333,EleutherAI/pythia-1.4b
7443,4.161107934446369,476,EleutherAI/pythia-1.4b
7444,24.292152610875988,464,EleutherAI/pythia-1.4b
7445,21.758354047749986,190,EleutherAI/pythia-1.4b
7446,13.132109888311962,460,EleutherAI/pythia-1.4b
7447,4.076808959793958,539,EleutherAI/pythia-1.4b
7448,5.4750211952030075,364,EleutherAI/pythia-1.4b
7449,7.1573216069045165,1066,EleutherAI/pythia-1.4b
7450,29.104269898619822,306,EleutherAI/pythia-1.4b
7451,13.6711892193622,477,EleutherAI/pythia-1.4b
7452,25.167771579706944,2709,EleutherAI/pythia-1.4b
7453,13.0842813086776,264,EleutherAI/pythia-1.4b
7454,4.431202292839885,281,EleutherAI/pythia-1.4b
7455,22.322643104187286,720,EleutherAI/pythia-1.4b
7456,19.204074515256078,394,EleutherAI/pythia-1.4b
7457,24.200562008858675,119,EleutherAI/pythia-1.4b
7458,8.504043803164414,272,EleutherAI/pythia-1.4b
7459,11.220256880163896,660,EleutherAI/pythia-1.4b
7460,3.793592522022854,536,EleutherAI/pythia-1.4b
7461,7.112826883308456,1089,EleutherAI/pythia-1.4b
7462,28.432076647425138,220,EleutherAI/pythia-1.4b
7463,10.283205667886278,201,EleutherAI/pythia-1.4b
7464,16.366129711770817,393,EleutherAI/pythia-1.4b
7465,6.577294435713551,189,EleutherAI/pythia-1.4b
7466,19.24336706557185,555,EleutherAI/pythia-1.4b
7467,24.098719554642823,712,EleutherAI/pythia-1.4b
7468,21.797514093016744,661,EleutherAI/pythia-1.4b
7469,10.03832305816518,1031,EleutherAI/pythia-1.4b
7470,16.750670570839155,780,EleutherAI/pythia-1.4b
7471,8.348825391064528,295,EleutherAI/pythia-1.4b
7472,14.973738116646247,863,EleutherAI/pythia-1.4b
7473,13.155205193552758,540,EleutherAI/pythia-1.4b
7474,19.405654435806767,368,EleutherAI/pythia-1.4b
7475,5.272260744092471,224,EleutherAI/pythia-1.4b
7476,11.258043082193446,2179,EleutherAI/pythia-1.4b
7477,24.074026209972885,792,EleutherAI/pythia-1.4b
7478,23.481739081031463,855,EleutherAI/pythia-1.4b
7479,16.144647238382227,477,EleutherAI/pythia-1.4b
7480,14.509432649168843,213,EleutherAI/pythia-1.4b
7481,21.82695899366146,61,EleutherAI/pythia-1.4b
7482,10.88402848668872,1024,EleutherAI/pythia-1.4b
7483,4.442977070662355,180,EleutherAI/pythia-1.4b
7484,15.847109802344127,355,EleutherAI/pythia-1.4b
7485,25.82318977712566,230,EleutherAI/pythia-1.4b
7486,8.353231563242609,319,EleutherAI/pythia-1.4b
7487,6.635518047837558,246,EleutherAI/pythia-1.4b
7488,19.174322896349505,187,EleutherAI/pythia-1.4b
7489,27.90774894796406,57,EleutherAI/pythia-1.4b
7490,44.31885502130208,396,EleutherAI/pythia-1.4b
7491,14.990390790675598,1407,EleutherAI/pythia-1.4b
7492,189.13061093016782,16,EleutherAI/pythia-1.4b
7493,22.397325513708402,388,EleutherAI/pythia-1.4b
7494,9.0800718505367,455,EleutherAI/pythia-1.4b
7495,73.66172279779089,39,EleutherAI/pythia-1.4b
7496,8.913038982342865,1035,EleutherAI/pythia-1.4b
7497,4.481478043013322,272,EleutherAI/pythia-1.4b
7498,16.876176263664075,552,EleutherAI/pythia-1.4b
7499,15.307808185010698,333,EleutherAI/pythia-1.4b
7500,4.538033323716972,382,EleutherAI/pythia-1.4b
7501,12.181166661478938,142,EleutherAI/pythia-1.4b
7502,4.8408150766144855,265,EleutherAI/pythia-1.4b
7503,7.244629039337239,642,EleutherAI/pythia-1.4b
7504,33.768845307896676,79,EleutherAI/pythia-1.4b
7505,21.58704245550916,504,EleutherAI/pythia-1.4b
7506,5.059489808193206,229,EleutherAI/pythia-1.4b
7507,14.386839810100039,709,EleutherAI/pythia-1.4b
7508,4.085674845760578,401,EleutherAI/pythia-1.4b
7509,28.96829963348382,560,EleutherAI/pythia-1.4b
7510,15.457286365004371,518,EleutherAI/pythia-1.4b
7511,61.2238464950896,224,EleutherAI/pythia-1.4b
7512,14.965072622866396,328,EleutherAI/pythia-1.4b
7513,5.685598379574559,266,EleutherAI/pythia-1.4b
7514,10.610940034718405,574,EleutherAI/pythia-1.4b
7515,25.20950864510435,703,EleutherAI/pythia-1.4b
7516,14.260491423278673,801,EleutherAI/pythia-1.4b
7517,13.983955049395712,602,EleutherAI/pythia-1.4b
7518,7.7851992391759435,201,EleutherAI/pythia-1.4b
7519,3.8332410056730843,268,EleutherAI/pythia-1.4b
7520,22.32783278688527,1014,EleutherAI/pythia-1.4b
7521,37.73935500282825,112,EleutherAI/pythia-1.4b
7522,27.41865840545189,148,EleutherAI/pythia-1.4b
7523,7.499505061735179,556,EleutherAI/pythia-1.4b
7524,31.695035776570226,222,EleutherAI/pythia-1.4b
7525,2.9426994633638817,353,EleutherAI/pythia-1.4b
7526,24.9657701692251,614,EleutherAI/pythia-1.4b
7527,521.2242056929799,8,EleutherAI/pythia-1.4b
7528,3.5677945161677593,398,EleutherAI/pythia-1.4b
7529,11.867864394286176,366,EleutherAI/pythia-1.4b
7530,12.749483254569475,226,EleutherAI/pythia-1.4b
7531,18.24169029509193,48,EleutherAI/pythia-1.4b
7532,16.93340004931695,520,EleutherAI/pythia-1.4b
7533,8.953657781905045,685,EleutherAI/pythia-1.4b
7534,13.926996027328471,153,EleutherAI/pythia-1.4b
7535,23.207510085928266,245,EleutherAI/pythia-1.4b
7536,12.788890083703798,52,EleutherAI/pythia-1.4b
7537,13.536175296530697,389,EleutherAI/pythia-1.4b
7538,11.892143836079091,263,EleutherAI/pythia-1.4b
7539,8.159935380789015,516,EleutherAI/pythia-1.4b
7540,16.88149629325072,405,EleutherAI/pythia-1.4b
7541,16.78730858261661,390,EleutherAI/pythia-1.4b
7542,21.204512243436067,637,EleutherAI/pythia-1.4b
7543,5.321975039167397,1028,EleutherAI/pythia-1.4b
7544,23.488805429432173,815,EleutherAI/pythia-1.4b
7545,7.302909176823294,710,EleutherAI/pythia-1.4b
7546,32.28567650815022,213,EleutherAI/pythia-1.4b
7547,7.026580951099327,1048,EleutherAI/pythia-1.4b
7548,4.717126367827783,423,EleutherAI/pythia-1.4b
7549,4.552471081251171,444,EleutherAI/pythia-1.4b
7550,5.167155899881607,266,EleutherAI/pythia-1.4b
7551,19.230199492921344,571,EleutherAI/pythia-1.4b
7552,14.3110431087345,526,EleutherAI/pythia-1.4b
7553,12.426329778884652,1278,EleutherAI/pythia-1.4b
7554,7.472693447033362,352,EleutherAI/pythia-1.4b
7555,9.029869540642956,463,EleutherAI/pythia-1.4b
7556,4.9544716720518185,268,EleutherAI/pythia-1.4b
7557,8.272263112992354,573,EleutherAI/pythia-1.4b
7558,5.525044047174445,494,EleutherAI/pythia-1.4b
7559,9.685095520741834,422,EleutherAI/pythia-1.4b
7560,4.453296971636933,491,EleutherAI/pythia-1.4b
7561,22.21077636286159,241,EleutherAI/pythia-1.4b
7562,3.7578238332073903,604,EleutherAI/pythia-1.4b
7563,12.04105737653149,519,EleutherAI/pythia-1.4b
7564,35.11506455658564,281,EleutherAI/pythia-1.4b
7565,17.832926173569675,695,EleutherAI/pythia-1.4b
7566,5.887967333067351,202,EleutherAI/pythia-1.4b
7567,4.964972769904887,315,EleutherAI/pythia-1.4b
7568,34.60427608120733,87,EleutherAI/pythia-1.4b
7569,52.33429297224799,58,EleutherAI/pythia-1.4b
7570,11.016089016410769,363,EleutherAI/pythia-1.4b
7571,9.784508235007454,1029,EleutherAI/pythia-1.4b
7572,5.286607571002531,114,EleutherAI/pythia-1.4b
7573,6.836609995574717,321,EleutherAI/pythia-1.4b
7574,4.485592462468074,448,EleutherAI/pythia-1.4b
7575,6.779118568220915,129,EleutherAI/pythia-1.4b
7576,7.5700882934990155,1038,EleutherAI/pythia-1.4b
7577,8.212871663580945,124,EleutherAI/pythia-1.4b
7578,17.460076387996075,378,EleutherAI/pythia-1.4b
7579,6.245521178460088,121,EleutherAI/pythia-1.4b
7580,6.474088756809805,74,EleutherAI/pythia-1.4b
7581,5.615479877958792,184,EleutherAI/pythia-1.4b
7582,13.723407545900784,355,EleutherAI/pythia-1.4b
7583,19.668825111848488,395,EleutherAI/pythia-1.4b
7584,7.741421456313345,597,EleutherAI/pythia-1.4b
7585,10.078729256504484,113,EleutherAI/pythia-1.4b
7586,48.194083897710165,1043,EleutherAI/pythia-1.4b
7587,60.711693400309485,72,EleutherAI/pythia-1.4b
7588,4.070455177238016,529,EleutherAI/pythia-1.4b
7589,5.999918591830678,249,EleutherAI/pythia-1.4b
7590,36.00023330880431,232,EleutherAI/pythia-1.4b
7591,9.999955020325498,469,EleutherAI/pythia-1.4b
7592,4.517381644271672,367,EleutherAI/pythia-1.4b
7593,37.97271067512443,1078,EleutherAI/pythia-1.4b
7594,10.224103688350782,719,EleutherAI/pythia-1.4b
7595,13.274371460908618,483,EleutherAI/pythia-1.4b
7596,17.386031809471042,249,EleutherAI/pythia-1.4b
7597,20.6096558582903,354,EleutherAI/pythia-1.4b
7598,16.25607898798752,1468,EleutherAI/pythia-1.4b
7599,10.294659062836477,1039,EleutherAI/pythia-1.4b
7600,5.132048215628813,293,EleutherAI/pythia-1.4b
7601,22.15982371342849,1400,EleutherAI/pythia-1.4b
7602,14.823404027058789,581,EleutherAI/pythia-1.4b
7603,10.917338889107642,114,EleutherAI/pythia-1.4b
7604,16.993252650896597,226,EleutherAI/pythia-1.4b
7605,11.712776404072969,1498,EleutherAI/pythia-1.4b
7606,11.968270645956284,568,EleutherAI/pythia-1.4b
7607,21.283840280220403,360,EleutherAI/pythia-1.4b
7608,18.389579488803935,66,EleutherAI/pythia-1.4b
7609,19.420173724019996,357,EleutherAI/pythia-1.4b
7610,5.843125385337397,236,EleutherAI/pythia-1.4b
7611,17.662495797118478,309,EleutherAI/pythia-1.4b
7612,9.107109969063107,54,EleutherAI/pythia-1.4b
7613,6.152585977163762,589,EleutherAI/pythia-1.4b
7614,37.82239661207854,262,EleutherAI/pythia-1.4b
7615,5.61712152925865,232,EleutherAI/pythia-1.4b
7616,14.21179205325878,419,EleutherAI/pythia-1.4b
7617,9.478269348341227,905,EleutherAI/pythia-1.4b
7618,15.463884467448784,238,EleutherAI/pythia-1.4b
7619,45.693352135500525,236,EleutherAI/pythia-1.4b
7620,22.728888182429245,249,EleutherAI/pythia-1.4b
7621,8.584912432597108,558,EleutherAI/pythia-1.4b
7622,20.70390465809716,71,EleutherAI/pythia-1.4b
7623,10.607955237210197,787,EleutherAI/pythia-1.4b
7624,7.432366801424144,458,EleutherAI/pythia-1.4b
7625,15.494493682315456,375,EleutherAI/pythia-1.4b
7626,5.342635881531899,230,EleutherAI/pythia-1.4b
7627,14.47093662397921,580,EleutherAI/pythia-1.4b
7628,23.10894857779875,246,EleutherAI/pythia-1.4b
7629,7.568164568196354,1269,EleutherAI/pythia-1.4b
7630,13.554004817568563,655,EleutherAI/pythia-1.4b
7631,20.205353415692947,131,EleutherAI/pythia-1.4b
7632,15.081970486179635,645,EleutherAI/pythia-1.4b
7633,7.511087859345155,418,EleutherAI/pythia-1.4b
7634,25.166606785626424,393,EleutherAI/pythia-1.4b
7635,18.212378799900346,501,EleutherAI/pythia-1.4b
7636,3.014326758081341,295,EleutherAI/pythia-1.4b
7637,3.777700571015152,273,EleutherAI/pythia-1.4b
7638,10.707526272466954,371,EleutherAI/pythia-1.4b
7639,7.6948511550203795,302,EleutherAI/pythia-1.4b
7640,28.31020611342203,214,EleutherAI/pythia-1.4b
7641,13.32027460694009,1000,EleutherAI/pythia-1.4b
7642,13.70594010013174,979,EleutherAI/pythia-1.4b
7643,9.448399081985567,625,EleutherAI/pythia-1.4b
7644,15.18660703409975,422,EleutherAI/pythia-1.4b
7645,12.785079265335638,522,EleutherAI/pythia-1.4b
7646,4.086739676662494,333,EleutherAI/pythia-1.4b
7647,17.26734438738389,26,EleutherAI/pythia-1.4b
7648,14.450798380916451,366,EleutherAI/pythia-1.4b
7649,17.20035345896307,187,EleutherAI/pythia-1.4b
7650,16.845287270719513,527,EleutherAI/pythia-1.4b
7651,4.440265061423936,229,EleutherAI/pythia-1.4b
7652,10.597300293679558,233,EleutherAI/pythia-1.4b
7653,44.95296033749392,445,EleutherAI/pythia-1.4b
7654,42.22275361572272,74,EleutherAI/pythia-1.4b
7655,18.61428790743275,417,EleutherAI/pythia-1.4b
7656,14.395451912378205,82,EleutherAI/pythia-1.4b
7657,5.337491000594293,458,EleutherAI/pythia-1.4b
7658,24.549323773799298,233,EleutherAI/pythia-1.4b
7659,5.874445330781037,203,EleutherAI/pythia-1.4b
7660,8.085280721492529,1061,EleutherAI/pythia-1.4b
7661,17.30767484623465,277,EleutherAI/pythia-1.4b
7662,2.7513872155724672,695,EleutherAI/pythia-1.4b
7663,13.327072555025106,502,EleutherAI/pythia-1.4b
7664,20.017856659198667,272,EleutherAI/pythia-1.4b
7665,4.369601612078665,299,EleutherAI/pythia-1.4b
7666,23.09352133249069,634,EleutherAI/pythia-1.4b
7667,23.404339133231687,407,EleutherAI/pythia-1.4b
7668,31.430168482703714,573,EleutherAI/pythia-1.4b
7669,3.8267996611582693,478,EleutherAI/pythia-1.4b
7670,5.218569015798814,448,EleutherAI/pythia-1.4b
7671,8.87751140685664,320,EleutherAI/pythia-1.4b
7672,197.905535145719,1090,EleutherAI/pythia-1.4b
7673,8.331700661919982,209,EleutherAI/pythia-1.4b
7674,23.3140836560651,221,EleutherAI/pythia-1.4b
7675,3.65388472822161,481,EleutherAI/pythia-1.4b
7676,16.616987574213525,270,EleutherAI/pythia-1.4b
7677,26.301184632941887,71,EleutherAI/pythia-1.4b
7678,32.825806534174184,217,EleutherAI/pythia-1.4b
7679,20.121619118162805,385,EleutherAI/pythia-1.4b
7680,9.167889101815645,387,EleutherAI/pythia-1.4b
7681,13.694520803179005,1086,EleutherAI/pythia-1.4b
7682,5.954058657915413,585,EleutherAI/pythia-1.4b
7683,15.578463651485855,418,EleutherAI/pythia-1.4b
7684,11.948119387874264,232,EleutherAI/pythia-1.4b
7685,5.790538818927719,219,EleutherAI/pythia-1.4b
7686,10.651652312717573,228,EleutherAI/pythia-1.4b
7687,23.80984756706029,497,EleutherAI/pythia-1.4b
7688,4.4415409079194985,218,EleutherAI/pythia-1.4b
7689,22.932504366636746,2504,EleutherAI/pythia-1.4b
7690,24.61556962218661,196,EleutherAI/pythia-1.4b
7691,24.760614476919766,446,EleutherAI/pythia-1.4b
7692,21.350913432352822,1459,EleutherAI/pythia-1.4b
7693,21.059863038632212,862,EleutherAI/pythia-1.4b
7694,7.6782403362707665,183,EleutherAI/pythia-1.4b
7695,21.764709780764445,587,EleutherAI/pythia-1.4b
7696,4.57239952780683,183,EleutherAI/pythia-1.4b
7697,11.099278878472845,1032,EleutherAI/pythia-1.4b
7698,22.443108817277366,263,EleutherAI/pythia-1.4b
7699,17.145321703420844,60,EleutherAI/pythia-1.4b
7700,8.592030067455344,1064,EleutherAI/pythia-1.4b
7701,38.798966956592956,369,EleutherAI/pythia-1.4b
7702,18.688559029204004,557,EleutherAI/pythia-1.4b
7703,24.368462036819484,42,EleutherAI/pythia-1.4b
7704,28.04213740575697,384,EleutherAI/pythia-1.4b
7705,17.311938015988908,267,EleutherAI/pythia-1.4b
7706,9.489247007760632,852,EleutherAI/pythia-1.4b
7707,7.737026250166404,785,EleutherAI/pythia-1.4b
7708,32.696755044039016,67,EleutherAI/pythia-1.4b
7709,16.730542590412433,628,EleutherAI/pythia-1.4b
7710,5.978825243366386,369,EleutherAI/pythia-1.4b
7711,22.374279524018775,503,EleutherAI/pythia-1.4b
7712,12.953321645274189,1050,EleutherAI/pythia-1.4b
7713,22.4241854776955,290,EleutherAI/pythia-1.4b
7714,23.438882661490013,591,EleutherAI/pythia-1.4b
7715,77.30869659318166,204,EleutherAI/pythia-1.4b
7716,12.278665978648025,79,EleutherAI/pythia-1.4b
7717,10.317215478961703,42,EleutherAI/pythia-1.4b
7718,51.66801892765223,231,EleutherAI/pythia-1.4b
7719,6.849671219917125,601,EleutherAI/pythia-1.4b
7720,7.474284611068618,883,EleutherAI/pythia-1.4b
7721,19.760703000415496,262,EleutherAI/pythia-1.4b
7722,23.785206375005313,268,EleutherAI/pythia-1.4b
7723,5.71842530381543,249,EleutherAI/pythia-1.4b
7724,23.74395850248088,1222,EleutherAI/pythia-1.4b
7725,19.621565798610888,1374,EleutherAI/pythia-1.4b
7726,12.391454880332258,399,EleutherAI/pythia-1.4b
7727,4.4288701967870825,194,EleutherAI/pythia-1.4b
7728,4.880624322542605,170,EleutherAI/pythia-1.4b
7729,45.32029907857016,209,EleutherAI/pythia-1.4b
7730,11.244752882702132,277,EleutherAI/pythia-1.4b
7731,3.7264970694743664,331,EleutherAI/pythia-1.4b
7732,63.37142451749837,468,EleutherAI/pythia-1.4b
7733,12.639858838228458,291,EleutherAI/pythia-1.4b
7734,4.053793369220258,316,EleutherAI/pythia-1.4b
7735,19.916713767658454,753,EleutherAI/pythia-1.4b
7736,14.217980536965472,336,EleutherAI/pythia-1.4b
7737,11.530955702636142,709,EleutherAI/pythia-1.4b
7738,17.4896364954393,495,EleutherAI/pythia-1.4b
7739,5.075327622231755,545,EleutherAI/pythia-1.4b
7740,4.744516597043641,248,EleutherAI/pythia-1.4b
7741,4.307494250755555,320,EleutherAI/pythia-1.4b
7742,22.69990424801509,256,EleutherAI/pythia-1.4b
7743,20.28823653151465,697,EleutherAI/pythia-1.4b
7744,4.177111204990182,293,EleutherAI/pythia-1.4b
7745,6.585805578984267,416,EleutherAI/pythia-1.4b
7746,4.213073241774567,454,EleutherAI/pythia-1.4b
7747,13.542973645729308,983,EleutherAI/pythia-1.4b
7748,28.5852533673238,60,EleutherAI/pythia-1.4b
7749,26.27379598341746,550,EleutherAI/pythia-1.4b
7750,19.20187233100658,133,EleutherAI/pythia-1.4b
7751,7.29488601875317,458,EleutherAI/pythia-1.4b
7752,5.825481873841646,311,EleutherAI/pythia-1.4b
7753,13.682602109807984,313,EleutherAI/pythia-1.4b
7754,14.554837912574781,574,EleutherAI/pythia-1.4b
7755,20.5531323136294,746,EleutherAI/pythia-1.4b
7756,46.73555902049617,258,EleutherAI/pythia-1.4b
7757,25.307777635352814,307,EleutherAI/pythia-1.4b
7758,22.287539335659154,802,EleutherAI/pythia-1.4b
7759,7.299771429608501,49,EleutherAI/pythia-1.4b
7760,62.89673623091481,25,EleutherAI/pythia-1.4b
7761,3.9660415894506955,297,EleutherAI/pythia-1.4b
7762,14.131232689995912,1148,EleutherAI/pythia-1.4b
7763,4.494453028178742,355,EleutherAI/pythia-1.4b
7764,18.21733823257309,255,EleutherAI/pythia-1.4b
7765,11.294901777538897,357,EleutherAI/pythia-1.4b
7766,16.01852738114682,524,EleutherAI/pythia-1.4b
7767,12.428925346994536,1022,EleutherAI/pythia-1.4b
7768,18.97846690273464,1274,EleutherAI/pythia-1.4b
7769,9.58815349995429,653,EleutherAI/pythia-1.4b
7770,8.10657295913169,916,EleutherAI/pythia-1.4b
7771,11.094598606288407,538,EleutherAI/pythia-1.4b
7772,5.393819382989258,237,EleutherAI/pythia-1.4b
7773,26.10194569066258,531,EleutherAI/pythia-1.4b
7774,22.78494076339589,240,EleutherAI/pythia-1.4b
7775,18.041392911809748,296,EleutherAI/pythia-1.4b
7776,10.163843714836137,1033,EleutherAI/pythia-1.4b
7777,14.310473312977946,399,EleutherAI/pythia-1.4b
7778,18.935304037566187,248,EleutherAI/pythia-1.4b
7779,15.638164588312707,591,EleutherAI/pythia-1.4b
7780,25.7229071985021,51,EleutherAI/pythia-1.4b
7781,13.483518479732563,443,EleutherAI/pythia-1.4b
7782,9.132403811354047,602,EleutherAI/pythia-1.4b
7783,27.98195663235538,236,EleutherAI/pythia-1.4b
7784,28.649149541822023,537,EleutherAI/pythia-1.4b
7785,5.254224106556183,181,EleutherAI/pythia-1.4b
7786,10.396126518921623,238,EleutherAI/pythia-1.4b
7787,61.65459120725641,38,EleutherAI/pythia-1.4b
7788,13.723486072093309,1129,EleutherAI/pythia-1.4b
7789,35.378403065073876,164,EleutherAI/pythia-1.4b
7790,28.934594422828784,246,EleutherAI/pythia-1.4b
7791,15.853367812045795,307,EleutherAI/pythia-1.4b
7792,4.975942175298778,457,EleutherAI/pythia-1.4b
7793,3.348392426999302,396,EleutherAI/pythia-1.4b
7794,5.756963007147387,132,EleutherAI/pythia-1.4b
7795,23.47323092882863,479,EleutherAI/pythia-1.4b
7796,16.24966029119926,1870,EleutherAI/pythia-1.4b
7797,16.85271491604926,391,EleutherAI/pythia-1.4b
7798,9.288947764262247,2224,EleutherAI/pythia-1.4b
7799,20.653706890526472,2883,EleutherAI/pythia-1.4b
7800,8.70161303870183,1034,EleutherAI/pythia-1.4b
7801,5.743252317725283,178,EleutherAI/pythia-1.4b
7802,4.134763025787729,376,EleutherAI/pythia-1.4b
7803,4.930080281949429,212,EleutherAI/pythia-1.4b
7804,5.423290833111747,146,EleutherAI/pythia-1.4b
7805,12.431091698362266,279,EleutherAI/pythia-1.4b
7806,26.213953799658572,492,EleutherAI/pythia-1.4b
7807,21.319508086568558,297,EleutherAI/pythia-1.4b
7808,21.55963283025696,555,EleutherAI/pythia-1.4b
7809,13.07151616023629,265,EleutherAI/pythia-1.4b
7810,10.231165462736728,1045,EleutherAI/pythia-1.4b
7811,20.80426798715816,230,EleutherAI/pythia-1.4b
7812,38.95507531454437,270,EleutherAI/pythia-1.4b
7813,3.479433746614027,437,EleutherAI/pythia-1.4b
7814,17.6009028853901,169,EleutherAI/pythia-1.4b
7815,4.109642486984524,261,EleutherAI/pythia-1.4b
7816,25.61955659817901,234,EleutherAI/pythia-1.4b
7817,17.477402254127487,47,EleutherAI/pythia-1.4b
7818,4.044789806819558,398,EleutherAI/pythia-1.4b
7819,16.081770404910834,606,EleutherAI/pythia-1.4b
7820,20.820027306885247,38,EleutherAI/pythia-1.4b
7821,13.780578690060237,713,EleutherAI/pythia-1.4b
7822,28.285142157032674,260,EleutherAI/pythia-1.4b
7823,36.826049566518186,375,EleutherAI/pythia-1.4b
7824,31.36465343157903,551,EleutherAI/pythia-1.4b
7825,23.35849393270218,795,EleutherAI/pythia-1.4b
7826,16.454117225921685,132,EleutherAI/pythia-1.4b
7827,4.870433999945003,469,EleutherAI/pythia-1.4b
7828,22.15375929928719,229,EleutherAI/pythia-1.4b
7829,30.20128156355467,601,EleutherAI/pythia-1.4b
7830,25.267497610052875,1054,EleutherAI/pythia-1.4b
7831,15.50081200974228,103,EleutherAI/pythia-1.4b
7832,28.85417965979952,96,EleutherAI/pythia-1.4b
7833,2.4578379903806655,958,EleutherAI/pythia-1.4b
7834,19.96360823631635,694,EleutherAI/pythia-1.4b
7835,31.94703515239104,395,EleutherAI/pythia-1.4b
7836,90.87689139152444,18,EleutherAI/pythia-1.4b
7837,16.461003474031696,441,EleutherAI/pythia-1.4b
7838,7.0818008558157235,142,EleutherAI/pythia-1.4b
7839,12.703269335800673,90,EleutherAI/pythia-1.4b
7840,8.987974935106864,1138,EleutherAI/pythia-1.4b
7841,13.384816658033296,509,EleutherAI/pythia-1.4b
7842,15.704858862760984,553,EleutherAI/pythia-1.4b
7843,4.237190140113924,283,EleutherAI/pythia-1.4b
7844,39.76935525569537,41,EleutherAI/pythia-1.4b
7845,4.048156316956879,234,EleutherAI/pythia-1.4b
7846,43.08768553893662,80,EleutherAI/pythia-1.4b
7847,12.974837237915864,364,EleutherAI/pythia-1.4b
7848,13.367799300743219,616,EleutherAI/pythia-1.4b
7849,23.39433070127216,1531,EleutherAI/pythia-1.4b
7850,25.524135641751087,598,EleutherAI/pythia-1.4b
7851,15.465654269849576,1039,EleutherAI/pythia-1.4b
7852,8.000969037502038,235,EleutherAI/pythia-1.4b
7853,17.19821293080485,396,EleutherAI/pythia-1.4b
7854,3.9431840636617106,503,EleutherAI/pythia-1.4b
7855,20.358515164050566,380,EleutherAI/pythia-1.4b
7856,42.58256156738835,335,EleutherAI/pythia-1.4b
7857,4.2646619687178795,446,EleutherAI/pythia-1.4b
7858,9.40894276443256,53,EleutherAI/pythia-1.4b
7859,6.226878625550202,458,EleutherAI/pythia-1.4b
7860,16.2728114601574,324,EleutherAI/pythia-1.4b
7861,21.368472535665617,223,EleutherAI/pythia-1.4b
7862,29.78905955882601,224,EleutherAI/pythia-1.4b
7863,18.801005827603962,393,EleutherAI/pythia-1.4b
7864,14.894059384944313,1570,EleutherAI/pythia-1.4b
7865,5.586845837023755,799,EleutherAI/pythia-1.4b
7866,17.633425483547043,496,EleutherAI/pythia-1.4b
7867,2.5640136384719567,458,EleutherAI/pythia-1.4b
7868,8.631153029148043,592,EleutherAI/pythia-1.4b
7869,15.950904153655463,528,EleutherAI/pythia-1.4b
7870,13.733482197480326,362,EleutherAI/pythia-1.4b
7871,30.306925109475767,164,EleutherAI/pythia-1.4b
7872,18.90149335553569,363,EleutherAI/pythia-1.4b
7873,32.19630922740754,129,EleutherAI/pythia-1.4b
7874,19.451739797521576,229,EleutherAI/pythia-1.4b
7875,9.496652510565571,676,EleutherAI/pythia-1.4b
7876,32.70430976962908,91,EleutherAI/pythia-1.4b
7877,9.307035205819004,373,EleutherAI/pythia-1.4b
7878,17.8272170533027,245,EleutherAI/pythia-1.4b
7879,5.681285293423108,110,EleutherAI/pythia-1.4b
7880,7.13120965360078,314,EleutherAI/pythia-1.4b
7881,30.70963720854661,305,EleutherAI/pythia-1.4b
7882,22.70197716888237,328,EleutherAI/pythia-1.4b
7883,5.362541988068148,239,EleutherAI/pythia-1.4b
7884,19.549715043117153,480,EleutherAI/pythia-1.4b
7885,16.24969300457352,640,EleutherAI/pythia-1.4b
7886,29.262205206222937,51,EleutherAI/pythia-1.4b
7887,10.976597900961545,547,EleutherAI/pythia-1.4b
7888,5.7024837629287015,715,EleutherAI/pythia-1.4b
7889,9.837160917369959,298,EleutherAI/pythia-1.4b
7890,7.935228810006223,119,EleutherAI/pythia-1.4b
7891,21.591911831999614,393,EleutherAI/pythia-1.4b
7892,24.774627186219227,224,EleutherAI/pythia-1.4b
7893,19.225404351532827,57,EleutherAI/pythia-1.4b
7894,28.96382451480222,1046,EleutherAI/pythia-1.4b
7895,3.522624452908026,170,EleutherAI/pythia-1.4b
7896,13.373189827038235,699,EleutherAI/pythia-1.4b
7897,13.317137285130839,250,EleutherAI/pythia-1.4b
7898,28.19213787775644,627,EleutherAI/pythia-1.4b
7899,12.249148784555198,1064,EleutherAI/pythia-1.4b
7900,5.625290046191884,747,EleutherAI/pythia-1.4b
7901,14.77113054346006,252,EleutherAI/pythia-1.4b
7902,3.726659662324301,237,EleutherAI/pythia-1.4b
7903,5.57485666293232,1235,EleutherAI/pythia-1.4b
7904,3.6806123149269796,613,EleutherAI/pythia-1.4b
7905,27.877504203368353,547,EleutherAI/pythia-1.4b
7906,25.357255190743558,1030,EleutherAI/pythia-1.4b
7907,8.330300344885005,1032,EleutherAI/pythia-1.4b
7908,9.972343931169561,191,EleutherAI/pythia-1.4b
7909,19.89152933682435,1050,EleutherAI/pythia-1.4b
7910,21.575279848290347,1949,EleutherAI/pythia-1.4b
7911,6.254109952962686,347,EleutherAI/pythia-1.4b
7912,5.637466981275709,281,EleutherAI/pythia-1.4b
7913,5.668133212897496,290,EleutherAI/pythia-1.4b
7914,19.582635514873687,243,EleutherAI/pythia-1.4b
7915,4.432810548631154,464,EleutherAI/pythia-1.4b
7916,11.05198251655781,161,EleutherAI/pythia-1.4b
7917,4.866631387570238,113,EleutherAI/pythia-1.4b
7918,4.730490366407441,262,EleutherAI/pythia-1.4b
7919,44.784420958856025,225,EleutherAI/pythia-1.4b
7920,17.309709316121953,396,EleutherAI/pythia-1.4b
7921,4.986080419633538,268,EleutherAI/pythia-1.4b
7922,7.599584512813941,870,EleutherAI/pythia-1.4b
7923,12.345596801134779,841,EleutherAI/pythia-1.4b
7924,6.945121990261676,331,EleutherAI/pythia-1.4b
7925,17.13130640697755,636,EleutherAI/pythia-1.4b
7926,30.97323207886394,65,EleutherAI/pythia-1.4b
7927,13.655113216411175,477,EleutherAI/pythia-1.4b
7928,24.726475112912592,536,EleutherAI/pythia-1.4b
7929,17.377813913869613,240,EleutherAI/pythia-1.4b
7930,37.718809705690106,690,EleutherAI/pythia-1.4b
7931,16.589301844426192,330,EleutherAI/pythia-1.4b
7932,23.910372321383196,386,EleutherAI/pythia-1.4b
7933,24.67565728353123,135,EleutherAI/pythia-1.4b
7934,18.396148519085248,376,EleutherAI/pythia-1.4b
7935,4.712504632641932,304,EleutherAI/pythia-1.4b
7936,31.07035112718154,583,EleutherAI/pythia-1.4b
7937,14.741033002651575,1043,EleutherAI/pythia-1.4b
7938,12.591511299849842,636,EleutherAI/pythia-1.4b
7939,8.948981835370235,667,EleutherAI/pythia-1.4b
7940,18.91974434047975,395,EleutherAI/pythia-1.4b
7941,3.3785522214513737,199,EleutherAI/pythia-1.4b
7942,14.408651118289345,397,EleutherAI/pythia-1.4b
7943,18.856765595733464,514,EleutherAI/pythia-1.4b
7944,37.60915752523736,465,EleutherAI/pythia-1.4b
7945,4.522716078606238,468,EleutherAI/pythia-1.4b
7946,8.994867000392535,113,EleutherAI/pythia-1.4b
7947,21.32556604496017,4225,EleutherAI/pythia-1.4b
7948,21.35366245471114,512,EleutherAI/pythia-1.4b
7949,17.095454161275423,870,EleutherAI/pythia-1.4b
7950,5.137821231160762,289,EleutherAI/pythia-1.4b
7951,5.706689808517113,258,EleutherAI/pythia-1.4b
7952,19.23259292668498,717,EleutherAI/pythia-1.4b
7953,25.78168987117449,730,EleutherAI/pythia-1.4b
7954,24.888170896542125,3192,EleutherAI/pythia-1.4b
7955,3.220216950858845,458,EleutherAI/pythia-1.4b
7956,6.75959555059716,913,EleutherAI/pythia-1.4b
7957,55.93604712547909,33,EleutherAI/pythia-1.4b
7958,15.895454257689718,797,EleutherAI/pythia-1.4b
7959,23.2420401703046,159,EleutherAI/pythia-1.4b
7960,19.62400326397526,470,EleutherAI/pythia-1.4b
7961,21.341259023687098,226,EleutherAI/pythia-1.4b
7962,34.960138661677256,177,EleutherAI/pythia-1.4b
7963,26.15931695335515,4783,EleutherAI/pythia-1.4b
7964,17.71749356190022,233,EleutherAI/pythia-1.4b
7965,21.595592903496946,1198,EleutherAI/pythia-1.4b
7966,22.823020750947666,253,EleutherAI/pythia-1.4b
7967,19.814782713088103,435,EleutherAI/pythia-1.4b
7968,5.605566534371097,180,EleutherAI/pythia-1.4b
7969,16.050437271275218,227,EleutherAI/pythia-1.4b
7970,3.065435193924819,192,EleutherAI/pythia-1.4b
7971,18.16318778087165,622,EleutherAI/pythia-1.4b
7972,53.60213184345544,56,EleutherAI/pythia-1.4b
7973,12.983721550947648,320,EleutherAI/pythia-1.4b
7974,53.42872344465838,110,EleutherAI/pythia-1.4b
7975,24.50140514467629,528,EleutherAI/pythia-1.4b
7976,14.189886294583152,953,EleutherAI/pythia-1.4b
7977,4.49252034760528,214,EleutherAI/pythia-1.4b
7978,24.085048947319457,251,EleutherAI/pythia-1.4b
7979,11.109410791833408,601,EleutherAI/pythia-1.4b
7980,18.64413067287204,238,EleutherAI/pythia-1.4b
7981,4.215575629464761,314,EleutherAI/pythia-1.4b
7982,7.1272730475397035,933,EleutherAI/pythia-1.4b
7983,26.92328803210343,654,EleutherAI/pythia-1.4b
7984,8.191569740809136,45,EleutherAI/pythia-1.4b
7985,7.6123853577181055,1032,EleutherAI/pythia-1.4b
7986,14.103508246756972,182,EleutherAI/pythia-1.4b
7987,21.417963058935364,357,EleutherAI/pythia-1.4b
7988,14.304162721780209,636,EleutherAI/pythia-1.4b
7989,18.946358828547456,238,EleutherAI/pythia-1.4b
7990,18.14548058195422,523,EleutherAI/pythia-1.4b
7991,27.07409988455696,521,EleutherAI/pythia-1.4b
7992,23.91129014799479,643,EleutherAI/pythia-1.4b
7993,45.05343225251745,352,EleutherAI/pythia-1.4b
7994,19.497497634614824,398,EleutherAI/pythia-1.4b
7995,16.01958149144088,390,EleutherAI/pythia-1.4b
7996,16.995128602246837,457,EleutherAI/pythia-1.4b
7997,5.899371610513186,195,EleutherAI/pythia-1.4b
7998,5.7974361196521835,137,EleutherAI/pythia-1.4b
7999,23.886105460733265,866,EleutherAI/pythia-1.4b
8000,11.68745589491584,285,EleutherAI/pythia-1.4b
8001,3.8697007939460524,487,EleutherAI/pythia-1.4b
8002,21.080469512357798,278,EleutherAI/pythia-1.4b
8003,21.8643084564765,474,EleutherAI/pythia-1.4b
8004,6.226603979949687,155,EleutherAI/pythia-1.4b
8005,15.818530507937442,392,EleutherAI/pythia-1.4b
8006,3.8350907606059774,376,EleutherAI/pythia-1.4b
8007,10.690741536155098,320,EleutherAI/pythia-1.4b
8008,16.429201729181134,693,EleutherAI/pythia-1.4b
8009,10.080238426045009,113,EleutherAI/pythia-1.4b
8010,4.662374154552053,294,EleutherAI/pythia-1.4b
8011,4.78283028996973,219,EleutherAI/pythia-1.4b
8012,21.535733796591735,569,EleutherAI/pythia-1.4b
8013,24.560429454299047,617,EleutherAI/pythia-1.4b
8014,18.26229518602213,523,EleutherAI/pythia-1.4b
8015,19.941188391841578,350,EleutherAI/pythia-1.4b
8016,12.238744811985873,667,EleutherAI/pythia-1.4b
8017,30.39790331844713,257,EleutherAI/pythia-1.4b
8018,23.55239164167687,234,EleutherAI/pythia-1.4b
8019,13.124701046483471,1314,EleutherAI/pythia-1.4b
8020,22.223187095807557,675,EleutherAI/pythia-1.4b
8021,10.82824804705817,451,EleutherAI/pythia-1.4b
8022,17.964124986286603,407,EleutherAI/pythia-1.4b
8023,10.587757643461432,3109,EleutherAI/pythia-1.4b
8024,7.725415515420484,507,EleutherAI/pythia-1.4b
8025,5.158826657911606,463,EleutherAI/pythia-1.4b
8026,23.033117885080785,455,EleutherAI/pythia-1.4b
8027,13.123427535035052,755,EleutherAI/pythia-1.4b
8028,22.27235777263845,391,EleutherAI/pythia-1.4b
8029,39.62049605190315,354,EleutherAI/pythia-1.4b
8030,14.027107223318545,770,EleutherAI/pythia-1.4b
8031,30.503238289692657,177,EleutherAI/pythia-1.4b
8032,5.687329683388519,223,EleutherAI/pythia-1.4b
8033,17.815502717042303,759,EleutherAI/pythia-1.4b
8034,5.499802334886636,230,EleutherAI/pythia-1.4b
8035,608.7371040547908,23,EleutherAI/pythia-1.4b
8036,16.95456839232906,699,EleutherAI/pythia-1.4b
8037,9.134960360116045,400,EleutherAI/pythia-1.4b
8038,14.208156813065502,627,EleutherAI/pythia-1.4b
8039,3.9525894954057135,208,EleutherAI/pythia-1.4b
8040,4.762739194290737,171,EleutherAI/pythia-1.4b
8041,3.488869092672472,490,EleutherAI/pythia-1.4b
8042,8.542063476791215,243,EleutherAI/pythia-1.4b
8043,158.22940431833698,21,EleutherAI/pythia-1.4b
8044,14.265030059669542,1562,EleutherAI/pythia-1.4b
8045,17.218341132645307,370,EleutherAI/pythia-1.4b
8046,3.3336457167797184,352,EleutherAI/pythia-1.4b
8047,14.17244682241081,378,EleutherAI/pythia-1.4b
8048,5.127142799613882,77,EleutherAI/pythia-1.4b
8049,18.47242936624236,365,EleutherAI/pythia-1.4b
8050,57.71786750554135,24,EleutherAI/pythia-1.4b
8051,4.305426396130624,452,EleutherAI/pythia-1.4b
8052,7.497104133479013,259,EleutherAI/pythia-1.4b
8053,9.016611031036557,480,EleutherAI/pythia-1.4b
8054,12.336107921238607,666,EleutherAI/pythia-1.4b
8055,16.616535935314694,959,EleutherAI/pythia-1.4b
8056,14.557857250789334,1028,EleutherAI/pythia-1.4b
8057,10.020742761869368,946,EleutherAI/pythia-1.4b
8058,21.5863630949368,238,EleutherAI/pythia-1.4b
8059,3.2803981329275405,375,EleutherAI/pythia-1.4b
8060,9.098574232178407,1019,EleutherAI/pythia-1.4b
8061,11.337284088426866,589,EleutherAI/pythia-1.4b
8062,8.45950467382824,342,EleutherAI/pythia-1.4b
8063,5.246644452329692,476,EleutherAI/pythia-1.4b
8064,10.408159330365825,1688,EleutherAI/pythia-1.4b
8065,16.356440039671842,645,EleutherAI/pythia-1.4b
8066,40.26167402172336,266,EleutherAI/pythia-1.4b
8067,46.92748261131277,356,EleutherAI/pythia-1.4b
8068,3.9962933711067983,392,EleutherAI/pythia-1.4b
8069,4.755963228371755,461,EleutherAI/pythia-1.4b
8070,6.052470510146288,212,EleutherAI/pythia-1.4b
8071,12.763318413324162,635,EleutherAI/pythia-1.4b
8072,3.706870300494722,230,EleutherAI/pythia-1.4b
8073,12.328460342522547,101,EleutherAI/pythia-1.4b
8074,19.681077674223022,640,EleutherAI/pythia-1.4b
8075,2.851337387993097,380,EleutherAI/pythia-1.4b
8076,7.395820552893725,611,EleutherAI/pythia-1.4b
8077,16.69391702514369,349,EleutherAI/pythia-1.4b
8078,14.37331789399346,927,EleutherAI/pythia-1.4b
8079,4.978155816644023,343,EleutherAI/pythia-1.4b
8080,5.445636697233696,170,EleutherAI/pythia-1.4b
8081,6.042960541500407,792,EleutherAI/pythia-1.4b
8082,9.319596388670417,1031,EleutherAI/pythia-1.4b
8083,13.399941859689164,856,EleutherAI/pythia-1.4b
8084,16.483027401914494,308,EleutherAI/pythia-1.4b
8085,26.24178684176566,287,EleutherAI/pythia-1.4b
8086,33.71690725899138,307,EleutherAI/pythia-1.4b
8087,13.89221129147049,719,EleutherAI/pythia-1.4b
8088,10.747340688708151,917,EleutherAI/pythia-1.4b
8089,26.03880081789909,604,EleutherAI/pythia-1.4b
8090,6.086830050268944,487,EleutherAI/pythia-1.4b
8091,29.59406863930511,361,EleutherAI/pythia-1.4b
8092,15.903756024673731,203,EleutherAI/pythia-1.4b
8093,5.916843905133904,231,EleutherAI/pythia-1.4b
8094,13.59444942789162,398,EleutherAI/pythia-1.4b
8095,6.281705982127853,180,EleutherAI/pythia-1.4b
8096,9.087591348768832,50,EleutherAI/pythia-1.4b
8097,10.702230370676283,757,EleutherAI/pythia-1.4b
8098,4.6586873354265315,329,EleutherAI/pythia-1.4b
8099,4.736362707044832,175,EleutherAI/pythia-1.4b
8100,3.541092485614161,391,EleutherAI/pythia-1.4b
8101,6.925529557180941,309,EleutherAI/pythia-1.4b
8102,6.602456352020192,117,EleutherAI/pythia-1.4b
8103,20.7870089583971,390,EleutherAI/pythia-1.4b
8104,28.31567388145378,242,EleutherAI/pythia-1.4b
8105,17.91362266641663,399,EleutherAI/pythia-1.4b
8106,13.693116913021347,266,EleutherAI/pythia-1.4b
8107,11.667885942504844,724,EleutherAI/pythia-1.4b
8108,5.00440210194472,361,EleutherAI/pythia-1.4b
8109,6.472928116491096,128,EleutherAI/pythia-1.4b
8110,14.860282997562296,1087,EleutherAI/pythia-1.4b
8111,15.459560364981245,394,EleutherAI/pythia-1.4b
8112,20.62634470753411,498,EleutherAI/pythia-1.4b
8113,5.800037343353987,395,EleutherAI/pythia-1.4b
8114,4.374934683088715,208,EleutherAI/pythia-1.4b
8115,20.49095419631112,394,EleutherAI/pythia-1.4b
8116,4.929175289515797,265,EleutherAI/pythia-1.4b
8117,13.503139327072429,407,EleutherAI/pythia-1.4b
8118,54.12525086896413,231,EleutherAI/pythia-1.4b
8119,21.736670333730434,243,EleutherAI/pythia-1.4b
8120,16.80164331377686,499,EleutherAI/pythia-1.4b
8121,7.124578507957249,360,EleutherAI/pythia-1.4b
8122,15.300029074622838,126,EleutherAI/pythia-1.4b
8123,52.6314734211251,85,EleutherAI/pythia-1.4b
8124,2.9768611103930063,568,EleutherAI/pythia-1.4b
8125,40.706819189522136,89,EleutherAI/pythia-1.4b
8126,19.658501733795173,222,EleutherAI/pythia-1.4b
8127,22.627632984803057,221,EleutherAI/pythia-1.4b
8128,20.40202294503404,608,EleutherAI/pythia-1.4b
8129,20.090661555562804,614,EleutherAI/pythia-1.4b
8130,4.30172234832563,487,EleutherAI/pythia-1.4b
8131,7.804469324392454,628,EleutherAI/pythia-1.4b
8132,9.823241669807501,723,EleutherAI/pythia-1.4b
8133,3.781374404176423,371,EleutherAI/pythia-1.4b
8134,6.211502302741778,1027,EleutherAI/pythia-1.4b
8135,16.18945220857632,239,EleutherAI/pythia-1.4b
8136,23.886395901956583,389,EleutherAI/pythia-1.4b
8137,23.886395901956583,389,EleutherAI/pythia-1.4b
8138,4.741228828236278,460,EleutherAI/pythia-1.4b
8139,29.175648556774,1163,EleutherAI/pythia-1.4b
8140,10.937769896632506,360,EleutherAI/pythia-1.4b
8141,18.55278596556808,561,EleutherAI/pythia-1.4b
8142,22.197239993739686,77,EleutherAI/pythia-1.4b
8143,4.6066882389194115,170,EleutherAI/pythia-1.4b
8144,3.7999802365914874,310,EleutherAI/pythia-1.4b
8145,12.59005238796141,477,EleutherAI/pythia-1.4b
8146,29.136283215175002,300,EleutherAI/pythia-1.4b
8147,30.55146421402426,275,EleutherAI/pythia-1.4b
8148,7.326228104526476,1058,EleutherAI/pythia-1.4b
8149,33.45050045224321,223,EleutherAI/pythia-1.4b
8150,5.437250036733522,666,EleutherAI/pythia-1.4b
8151,17.218156400877056,435,EleutherAI/pythia-1.4b
8152,13.0972681377572,540,EleutherAI/pythia-1.4b
8153,17.157875730432274,525,EleutherAI/pythia-1.4b
8154,30.598832567511554,143,EleutherAI/pythia-1.4b
8155,102.90146669789753,62,EleutherAI/pythia-1.4b
8156,16.90835138852539,541,EleutherAI/pythia-1.4b
8157,3.5763156391313897,475,EleutherAI/pythia-1.4b
8158,12.630712928378623,240,EleutherAI/pythia-1.4b
8159,30.917366375731834,374,EleutherAI/pythia-1.4b
8160,47.4678813802104,498,EleutherAI/pythia-1.4b
8161,18.579851362178484,1949,EleutherAI/pythia-1.4b
8162,6.057174422407784,168,EleutherAI/pythia-1.4b
8163,103.83916860880244,23,EleutherAI/pythia-1.4b
8164,18.684032586569426,620,EleutherAI/pythia-1.4b
8165,14.7911597144189,4237,EleutherAI/pythia-1.4b
8166,2.618120056076018,224,EleutherAI/pythia-1.4b
8167,89.28493147425387,477,EleutherAI/pythia-1.4b
8168,39.43438032577318,429,EleutherAI/pythia-1.4b
8169,96.02170326927478,53,EleutherAI/pythia-1.4b
8170,13.501059755280219,291,EleutherAI/pythia-1.4b
8171,8.697692878452717,444,EleutherAI/pythia-1.4b
8172,8.256151643168707,611,EleutherAI/pythia-1.4b
8173,19.857696619311472,250,EleutherAI/pythia-1.4b
8174,5.6950449291283345,227,EleutherAI/pythia-1.4b
8175,17.756809317128376,187,EleutherAI/pythia-1.4b
8176,16.29523627891308,349,EleutherAI/pythia-1.4b
8177,21.479660956473644,595,EleutherAI/pythia-1.4b
8178,19.657264417394114,655,EleutherAI/pythia-1.4b
8179,1.3413992712668235,543,EleutherAI/pythia-1.4b
8180,18.80374035699575,350,EleutherAI/pythia-1.4b
8181,10.382052480056453,609,EleutherAI/pythia-1.4b
8182,16.44199580115553,1024,EleutherAI/pythia-1.4b
8183,38.776189923036966,189,EleutherAI/pythia-1.4b
8184,20.66049689685438,1082,EleutherAI/pythia-1.4b
8185,10.634029719322232,635,EleutherAI/pythia-1.4b
8186,9.889747960583234,646,EleutherAI/pythia-1.4b
8187,4.1314013216627234,324,EleutherAI/pythia-1.4b
8188,18.05062178146605,383,EleutherAI/pythia-1.4b
8189,12.926736973933881,554,EleutherAI/pythia-1.4b
8190,5.195993386314726,406,EleutherAI/pythia-1.4b
8191,5.529443514258302,184,EleutherAI/pythia-1.4b
8192,6.783834052568821,179,EleutherAI/pythia-1.4b
8193,31.163457601680328,452,EleutherAI/pythia-1.4b
8194,3.332973778507698,563,EleutherAI/pythia-1.4b
8195,5.882563075926632,453,EleutherAI/pythia-1.4b
8196,7.802517662178226,77,EleutherAI/pythia-1.4b
8197,14.32547981207938,299,EleutherAI/pythia-1.4b
8198,4.680438601317988,521,EleutherAI/pythia-1.4b
8199,10.384277990060157,491,EleutherAI/pythia-1.4b
8200,16.66539187955895,217,EleutherAI/pythia-1.4b
8201,17.40606028071975,406,EleutherAI/pythia-1.4b
8202,4.3309800159685565,440,EleutherAI/pythia-1.4b
8203,2.960710610974513,1051,EleutherAI/pythia-1.4b
8204,24.04288556333097,106,EleutherAI/pythia-1.4b
8205,5.481590374652979,497,EleutherAI/pythia-1.4b
8206,38.00033358643307,33,EleutherAI/pythia-1.4b
8207,13.155848180558541,1040,EleutherAI/pythia-1.4b
8208,9.239126280964157,450,EleutherAI/pythia-1.4b
8209,39.25493172952106,72,EleutherAI/pythia-1.4b
8210,16.144185342927166,245,EleutherAI/pythia-1.4b
8211,10.908799524457596,371,EleutherAI/pythia-1.4b
8212,14.762346485006834,330,EleutherAI/pythia-1.4b
8213,27.18587182394464,395,EleutherAI/pythia-1.4b
8214,8.256385888464962,798,EleutherAI/pythia-1.4b
8215,4.402813010051164,258,EleutherAI/pythia-1.4b
8216,4.068230977758695,184,EleutherAI/pythia-1.4b
8217,26.239822365027297,50,EleutherAI/pythia-1.4b
8218,9.769223959489146,191,EleutherAI/pythia-1.4b
8219,12.992903132561567,412,EleutherAI/pythia-1.4b
8220,9.04248135000869,474,EleutherAI/pythia-1.4b
8221,12.713398300631372,320,EleutherAI/pythia-1.4b
8222,7.959393004570511,132,EleutherAI/pythia-1.4b
8223,24.89302017771874,192,EleutherAI/pythia-1.4b
8224,6.189862860495416,132,EleutherAI/pythia-1.4b
8225,31.23881393056666,525,EleutherAI/pythia-1.4b
8226,12.37847729907354,549,EleutherAI/pythia-1.4b
8227,18.31103862831288,393,EleutherAI/pythia-1.4b
8228,24.03148678002878,884,EleutherAI/pythia-1.4b
8229,22.671178887343153,813,EleutherAI/pythia-1.4b
8230,16.05940195785024,313,EleutherAI/pythia-1.4b
8231,5.487457631021083,907,EleutherAI/pythia-1.4b
8232,26.398788065228437,1829,EleutherAI/pythia-1.4b
8233,12.761900448391563,371,EleutherAI/pythia-1.4b
8234,4.310507456042538,478,EleutherAI/pythia-1.4b
8235,7.555054404886383,1049,EleutherAI/pythia-1.4b
8236,19.034303702179372,426,EleutherAI/pythia-1.4b
8237,21.642993125063683,34,EleutherAI/pythia-1.4b
8238,43.79026596039037,128,EleutherAI/pythia-1.4b
8239,6.934170588251725,424,EleutherAI/pythia-1.4b
8240,15.659408679682667,264,EleutherAI/pythia-1.4b
8241,17.55178993461382,76,EleutherAI/pythia-1.4b
8242,7.257419406655338,74,EleutherAI/pythia-1.4b
8243,29.561157647088724,478,EleutherAI/pythia-1.4b
8244,10.17147981681085,1061,EleutherAI/pythia-1.4b
8245,7.952424028068099,188,EleutherAI/pythia-1.4b
8246,22.97425271469847,522,EleutherAI/pythia-1.4b
8247,30.783778723726687,222,EleutherAI/pythia-1.4b
8248,4.883462662997134,379,EleutherAI/pythia-1.4b
8249,17.85833967422211,742,EleutherAI/pythia-1.4b
8250,15.530535272428915,530,EleutherAI/pythia-1.4b
8251,8.531782869153918,531,EleutherAI/pythia-1.4b
8252,14.155464142188547,672,EleutherAI/pythia-1.4b
8253,5.376492239427248,236,EleutherAI/pythia-1.4b
8254,6.365674524213221,458,EleutherAI/pythia-1.4b
8255,19.856097222655624,4365,EleutherAI/pythia-1.4b
8256,32.826205676990575,10,EleutherAI/pythia-1.4b
8257,8.93916663221062,1950,EleutherAI/pythia-1.4b
8258,21.589538774549606,578,EleutherAI/pythia-1.4b
8259,4.738228573776663,314,EleutherAI/pythia-1.4b
8260,6.242484258557607,195,EleutherAI/pythia-1.4b
8261,27.81372420585061,673,EleutherAI/pythia-1.4b
8262,4.121616089987568,403,EleutherAI/pythia-1.4b
8263,17.46512660263626,544,EleutherAI/pythia-1.4b
8264,26.787439738669388,278,EleutherAI/pythia-1.4b
8265,11.02582953435473,332,EleutherAI/pythia-1.4b
8266,9.589886439940862,1036,EleutherAI/pythia-1.4b
8267,14.300585682428792,116,EleutherAI/pythia-1.4b
8268,87.98704087615702,33,EleutherAI/pythia-1.4b
8269,12.372936075363882,444,EleutherAI/pythia-1.4b
8270,3.662370459457209,488,EleutherAI/pythia-1.4b
8271,14.512228047615222,638,EleutherAI/pythia-1.4b
8272,21.78371541012533,532,EleutherAI/pythia-1.4b
8273,9.931462047697838,843,EleutherAI/pythia-1.4b
8274,14.1527070964631,507,EleutherAI/pythia-1.4b
8275,21.08722047833137,350,EleutherAI/pythia-1.4b
8276,6.067866896046141,107,EleutherAI/pythia-1.4b
8277,8.723228401706177,819,EleutherAI/pythia-1.4b
8278,24.294341972321895,90,EleutherAI/pythia-1.4b
8279,15.939126834759342,309,EleutherAI/pythia-1.4b
8280,14.804575308804656,1046,EleutherAI/pythia-1.4b
8281,16.82714369156788,365,EleutherAI/pythia-1.4b
8282,2.998350060771434,1039,EleutherAI/pythia-1.4b
8283,11.617814843294559,597,EleutherAI/pythia-1.4b
8284,5.052822290755968,337,EleutherAI/pythia-1.4b
8285,24.531191979894846,117,EleutherAI/pythia-1.4b
8286,4.712036697859316,248,EleutherAI/pythia-1.4b
8287,5.678886260876912,214,EleutherAI/pythia-1.4b
8288,3.3245180003838715,379,EleutherAI/pythia-1.4b
8289,13.66906747197928,985,EleutherAI/pythia-1.4b
8290,3.452875174073487,342,EleutherAI/pythia-1.4b
8291,8.32918423237642,513,EleutherAI/pythia-1.4b
8292,9.22625120378738,170,EleutherAI/pythia-1.4b
8293,13.625285178866587,488,EleutherAI/pythia-1.4b
8294,21.098852489780995,460,EleutherAI/pythia-1.4b
8295,3.3604503409579367,478,EleutherAI/pythia-1.4b
8296,8.457760232546427,740,EleutherAI/pythia-1.4b
8297,3.764101512068485,482,EleutherAI/pythia-1.4b
8298,37.555762768361355,37,EleutherAI/pythia-1.4b
8299,47.01059631025141,43,EleutherAI/pythia-1.4b
8300,12.462571514632215,756,EleutherAI/pythia-1.4b
8301,17.16990431476875,4388,EleutherAI/pythia-1.4b
8302,19.346574089385538,334,EleutherAI/pythia-1.4b
8303,3.8318347471554315,199,EleutherAI/pythia-1.4b
8304,29.526129065183696,779,EleutherAI/pythia-1.4b
8305,13.579390463610304,1571,EleutherAI/pythia-1.4b
8306,5.026404747127942,165,EleutherAI/pythia-1.4b
8307,22.60656512715082,237,EleutherAI/pythia-1.4b
8308,13.936259854866016,234,EleutherAI/pythia-1.4b
8309,29.419777055281713,239,EleutherAI/pythia-1.4b
8310,18.985803052049366,508,EleutherAI/pythia-1.4b
8311,51.89959662533573,97,EleutherAI/pythia-1.4b
8312,4.098971481151664,560,EleutherAI/pythia-1.4b
8313,25.613516322023145,93,EleutherAI/pythia-1.4b
8314,15.860187924949814,45,EleutherAI/pythia-1.4b
8315,12.973683435258176,622,EleutherAI/pythia-1.4b
8316,14.1074126941937,397,EleutherAI/pythia-1.4b
8317,17.753465125013744,231,EleutherAI/pythia-1.4b
8318,44.39687222644475,48,EleutherAI/pythia-1.4b
8319,3.89235739394439,444,EleutherAI/pythia-1.4b
8320,10.91178051779676,1364,EleutherAI/pythia-1.4b
8321,6.23430904229243,371,EleutherAI/pythia-1.4b
8322,10.461025441778748,1039,EleutherAI/pythia-1.4b
8323,5.235402813422311,123,EleutherAI/pythia-1.4b
8324,30.265881853897664,1033,EleutherAI/pythia-1.4b
8325,14.542062982680395,110,EleutherAI/pythia-1.4b
8326,3.7139623946304776,94,EleutherAI/pythia-1.4b
8327,18.92456250810612,235,EleutherAI/pythia-1.4b
8328,42.58755687748352,195,EleutherAI/pythia-1.4b
8329,7.615690048734619,1797,EleutherAI/pythia-1.4b
8330,3.3518533304394182,451,EleutherAI/pythia-1.4b
8331,13.964204851947425,352,EleutherAI/pythia-1.4b
8332,4.914459616596027,607,EleutherAI/pythia-1.4b
8333,10.139966452367297,260,EleutherAI/pythia-1.4b
8334,5.495313119472278,298,EleutherAI/pythia-1.4b
8335,4.220725241085954,323,EleutherAI/pythia-1.4b
